ticker,name,price,close_raw,sector,industry,change_pct,rec_score,mfc_score,held_percent_insiders,low_float,short_squeeze,ai_momentum,rsi,phase,mfc_breakdown,short_interest_adj,short_interest_change,short_interest_ratio,rating,advice_short,stoch_golden,obv_trend,bollinger,ma_alignment,deviation_pct,scalping_bonus,adl_trend,adl_val,eps_growth,revenue_growth,gross_margin,operating_margin,free_cashflow,tags,factors,audit_info,ai_prediction,actionScore,recommendation,predictedResult,ai_confidence,gap_pct,volume_surge,volume_surge_projected,near_52w_high,premarket_active
006800.KS,MIRAE ASSET SEC,"36,200원",36200.0,Financial Services,Capital Markets,6.78,83.8,50.8,0.08744001,False,False,False,45.8,Accumulation,"{'trend': 5, 'momentum': 69.2, 'flow': 77.0, 'volatility': 23, 'structure': 90.0, 'momentum_quality': 40.3, 'insider': 50.0}",2.0,,0.0,Aggressive Buy,매수 우위 (🔔 Wyckoff Spring 감지 — 세력 매집 완료 후 상승 전환 임박),True,상승,상단,역배열,0.4,10.0,상승,-49001291.53508369,2.85,1.854,0.9611,0.35957,,"[{'text': '매집 구간', 'cls': 'positive'}, {'text': '📊 VWAP 상회 주의', 'cls': 'neutral'}, {'text': 'Stoch 골든크로스', 'cls': 'positive'}, {'text': 'OBV 상승', 'cls': 'positive'}, {'text': '📈 EPS 반등/턴어라운드', 'cls': 'positive'}, {'text': '🚀 매출 고성장', 'cls': 'positive'}]","{'mfc': 51, 'wyckoff': 100, 'stochastic': 63.72964977916073, 'obv': 75, 'bollinger': 0, 'momentum_quality': 40.3, 'regime_score': 50, 'rr_score': 100, 'base_tech': np.float64(58.5)}","{'base_tech_score': np.float64(58.5), 'insider_bonus': 0.0, 'deviation_penalty': 0.0, 'blowoff_penalty': 0.0, 'short_excessive_penalty': 0.0, 'weekly_penalty': 0.0, 'resistance_penalty': 0.0, 'rr_penalty': 0.0, 'cmf_confluence_val': 0.0, 'penny_penalty': 0.0, 'penny_non_acc_penalty': 0.0, 'scalping_bonus': 10.0, 'fund_penalty': -25.0, 'macd_reversal_bonus': 0.0, 'sector_rs_bonus': 0.0, 'confluence_bonus': 0.0, 'short_squeeze_bonus': 0.0, 'ai_momentum_bonus': 0.0}",N/A,,,,,6.93,0.58,0.62,False,False
079550.KS,LIG Defense&Aerospace,"824,000원",824000.0,Industrials,Aerospace & Defense,11.2,83.0,66.8,0.38371,False,False,False,57.1,Markup,"{'trend': 60.0, 'momentum': 92.6, 'flow': 87.0, 'volatility': 23, 'structure': 80.0, 'momentum_quality': 78.0, 'insider': 50.0}",2.0,,0.0,Tactical Overweight,매수 우위 (강력 매수 - 다중지표 강세 컨플루언스 확인),False,상승,상단 돌파,골든크로스 진행,14.9,10.0,상승,-3498482.5556881726,0.699,0.287,0.16256,0.14649999,-1187668164608.0,"[{'text': '상승 추세', 'cls': 'positive'}, {'text': 'OBV 상승', 'cls': 'positive'}, {'text': '📈 EPS 반등/턴어라운드', 'cls': 'positive'}, {'text': '🚀 매출 고성장', 'cls': 'positive'}]","{'mfc': 67, 'wyckoff': 80, 'stochastic': 43.57959920033377, 'obv': 75, 'bollinger': 0, 'momentum_quality': 78.0, 'regime_score': 50, 'rr_score': 100, 'base_tech': np.float64(63.7)}","{'base_tech_score': np.float64(63.7), 'insider_bonus': 0.0, 'deviation_penalty': 0.0, 'blowoff_penalty': 0.0, 'short_excessive_penalty': 0.0, 'weekly_penalty': 0.0, 'resistance_penalty': 0.0, 'rr_penalty': 0.0, 'cmf_confluence_val': 0.0, 'penny_penalty': 0.0, 'penny_non_acc_penalty': 0.0, 'scalping_bonus': 10.0, 'fund_penalty': -20.0, 'macd_reversal_bonus': 0.0, 'sector_rs_bonus': 0.0, 'confluence_bonus': 0.0, 'short_squeeze_bonus': 0.0, 'ai_momentum_bonus': 0.0}",N/A,,,,,11.34,0.83,0.88,False,False
068270.KS,Celltrion,"200,500원",200500.0,Healthcare,Biotechnology,0.6,83.0,70.5,0.36183998,False,False,False,69.1,Markup,"{'trend': 65.0, 'momentum': 100.0, 'flow': 77.0, 'volatility': 33, 'structure': 80.0, 'momentum_quality': 98.2, 'insider': 50.0}",2.0,,0.0,Tactical Overweight,매수 우위 (강력 매수 - 다중지표 강세 컨플루언스 확인),True,상승,상단 돌파,혼합,10.5,0.0,상승,-6715949.880831127,2.185,0.36,0.60687,0.28111,20776984576.0,"[{'text': '상승 추세', 'cls': 'positive'}, {'text': '📊 VWAP 상회 주의', 'cls': 'neutral'}, {'text': 'Stoch 골든크로스', 'cls': 'positive'}, {'text': 'OBV 상승', 'cls': 'positive'}, {'text': '📈 EPS 반등/턴어라운드', 'cls': 'positive'}, {'text': '🚀 매출 고성장', 'cls': 'positive'}]","{'mfc': 70, 'wyckoff': 80, 'stochastic': 60.41821570197513, 'obv': 75, 'bollinger': 0, 'momentum_quality': 98.2, 'regime_score': 50, 'rr_score': 47.6, 'base_tech': np.float64(70.1)}","{'base_tech_score': np.float64(70.1), 'insider_bonus': 0.0, 'deviation_penalty': 0.0, 'blowoff_penalty': 0.0, 'short_excessive_penalty': 0.0, 'weekly_penalty': 0.0, 'resistance_penalty': 0.0, 'rr_penalty': 0.0, 'cmf_confluence_val': 0.0, 'penny_penalty': 0.0, 'penny_non_acc_penalty': 0.0, 'scalping_bonus': 0.0, 'fund_penalty': -25.0, 'macd_reversal_bonus': 0.0, 'sector_rs_bonus': 0.0, 'confluence_bonus': 0.0, 'short_squeeze_bonus': 0.0, 'ai_momentum_bonus': 0.0}",N/A,,,,,0.35,0.63,0.67,False,False
138040.KS,Meritz Financial,"123,600원",123600.0,Financial Services,Capital Markets,-2.14,79.5,74.1,0.58824,False,False,False,58.1,Markup,"{'trend': 65.0, 'momentum': 84.1, 'flow': 92.0, 'volatility': 73, 'structure': 80.0, 'momentum_quality': 86.9, 'insider': 50.0}",2.0,,0.0,Tactical Overweight,매수 우위 (강력 매수 - 다중지표 강세 컨플루언스 확인),True,상승,상단,혼합,3.4,5.0,상승,-3630331.7769692778,0.094,0.513,0.0,0.50723,,"[{'text': '상승 추세', 'cls': 'positive'}, {'text': '📊 VWAP 상회 주의', 'cls': 'neutral'}, {'text': '🔥 Accumulation Confluence (CMF+ADL)', 'cls': 'positive'}, {'text': 'Stoch 골든크로스', 'cls': 'positive'}, {'text': 'OBV 상승', 'cls': 'positive'}, {'text': '🚀 매출 고성장', 'cls': 'positive'}]","{'mfc': 74, 'wyckoff': 80, 'stochastic': 69.05715845139426, 'obv': 75, 'bollinger': 0, 'momentum_quality': 86.9, 'regime_score': 50, 'rr_score': 58.6, 'base_tech': np.float64(70.7)}","{'base_tech_score': np.float64(70.7), 'insider_bonus': 0.0, 'deviation_penalty': 0.0, 'blowoff_penalty': 0.0, 'short_excessive_penalty': 0.0, 'weekly_penalty': 0.0, 'resistance_penalty': 0.0, 'rr_penalty': 0.0, 'cmf_confluence_val': 0.0, 'penny_penalty': 0.0, 'penny_non_acc_penalty': 0.0, 'scalping_bonus': 5.0, 'fund_penalty': -10.0, 'macd_reversal_bonus': 0.0, 'sector_rs_bonus': 0.0, 'confluence_bonus': 0.0, 'short_squeeze_bonus': 0.0, 'ai_momentum_bonus': 0.0}",N/A,,,,,-2.06,0.39,0.42,False,False
010130.KS,KOREA ZINC,"1,231,000원",1231000.0,Basic Materials,Other Industrial Metals & Mining,11.3,72.8,71.9,0.74599,True,False,False,60.8,Markup,"{'trend': 86.0, 'momentum': 96.2, 'flow': 94.0, 'volatility': 3, 'structure': 65.0, 'momentum_quality': 100, 'insider': 50.0}",2.0,,0.0,Tactical Overweight,매수 우위 (강력 매수 - 다중지표 강세 컨플루언스 확인),False,상승,상단 돌파,골든크로스 진행,19.1,10.0,상승,-15411.644735877828,1.182,0.584,0.12465,0.12287,-1099447795712.0,"[{'text': '상승 추세', 'cls': 'positive'}, {'text': '💎 품절주 (Low Float)', 'cls': 'positive'}, {'text': 'OBV 상승', 'cls': 'positive'}, {'text': '📈 EPS 반등/턴어라운드', 'cls': 'positive'}, {'text': '🚀 매출 고성장', 'cls': 'positive'}, {'text': '📉 AI 예상: +0.0%', 'cls': 'negative'}]","{'mfc': 72, 'wyckoff': 80, 'stochastic': 39.20558608058606, 'obv': 75, 'bollinger': 0, 'momentum_quality': 100, 'regime_score': 50, 'rr_score': 100, 'base_tech': np.float64(68.3)}","{'base_tech_score': np.float64(68.3), 'insider_bonus': 0.0, 'deviation_penalty': 0.0, 'blowoff_penalty': 0.0, 'short_excessive_penalty': 0.0, 'weekly_penalty': 0.0, 'resistance_penalty': 0.0, 'rr_penalty': 0.0, 'cmf_confluence_val': 0.0, 'penny_penalty': 0.0, 'penny_non_acc_penalty': 0.0, 'scalping_bonus': 10.0, 'fund_penalty': -20.0, 'macd_reversal_bonus': 0.0, 'sector_rs_bonus': 0.0, 'confluence_bonus': 0.0, 'short_squeeze_bonus': 0.0, 'ai_momentum_bonus': 0.0}",+0.00%,72.8,BUY,+0.00%,0.5,11.03,2.16,2.3,False,False
329180.KS,HD HYUNDAI HEAVY INDUSTRIES,"532,000원",532000.0,Industrials,Aerospace & Defense,5.14,72.5,70.0,0.69276,False,False,False,55.2,Markup,"{'trend': 60.0, 'momentum': 86.9, 'flow': 99.0, 'volatility': 23, 'structure': 80.0, 'momentum_quality': 89.2, 'insider': 50.0}",2.0,,0.0,Tactical Overweight,매수 우위 (강력 매수 - 다중지표 강세 컨플루언스 확인),True,상승,상단 돌파,골든크로스 진행,11.2,10.0,상승,-421292.8295794246,1.722,0.548,0.17803,0.15303001,1406698127360.0,"[{'text': '상승 추세', 'cls': 'positive'}, {'text': 'Stoch 골든크로스', 'cls': 'positive'}, {'text': 'OBV 상승', 'cls': 'positive'}, {'text': '📈 EPS 반등/턴어라운드', 'cls': 'positive'}, {'text': '🚀 매출 고성장', 'cls': 'positive'}, {'text': '📉 AI 예상: +0.0%', 'cls': 'negative'}]","{'mfc': 70, 'wyckoff': 80, 'stochastic': 50.677876717218346, 'obv': 75, 'bollinger': 0, 'momentum_quality': 89.2, 'regime_score': 50, 'rr_score': 100, 'base_tech': np.float64(67.4)}","{'base_tech_score': np.float64(67.4), 'insider_bonus': 0.0, 'deviation_penalty': 0.0, 'blowoff_penalty': 0.0, 'short_excessive_penalty': 0.0, 'weekly_penalty': 0.0, 'resistance_penalty': 0.0, 'rr_penalty': 0.0, 'cmf_confluence_val': 0.0, 'penny_penalty': 0.0, 'penny_non_acc_penalty': 0.0, 'scalping_bonus': 10.0, 'fund_penalty': -25.0, 'macd_reversal_bonus': 0.0, 'sector_rs_bonus': 0.0, 'confluence_bonus': 0.0, 'short_squeeze_bonus': 0.0, 'ai_momentum_bonus': 0.0}",+0.00%,72.5,BUY,+0.00%,0.5,4.74,1.01,1.08,False,False
034020.KS,Doosan Enerbility,"79,600원",79600.0,Industrials,Specialty Industrial Machinery,3.24,72.2,67.7,0.30894,False,False,False,55.4,Markup,"{'trend': 60.0, 'momentum': 95.4, 'flow': 93.0, 'volatility': 23, 'structure': 80.0, 'momentum_quality': 94.7, 'insider': 50.0}",2.0,,0.0,Tactical Overweight,매수 우위 (강력 매수 - 다중지표 강세 컨플루언스 확인),True,상승,상단,골든크로스 진행,13.1,10.0,상승,-44978790.90501484,,0.137,0.16447,0.054640003,119446126592.0,"[{'text': '상승 추세', 'cls': 'positive'}, {'text': '📊 VWAP 상회 주의', 'cls': 'neutral'}, {'text': 'Stoch 골든크로스', 'cls': 'positive'}, {'text': 'OBV 상승', 'cls': 'positive'}, {'text': '📉 AI 예상: +0.0%', 'cls': 'negative'}]","{'mfc': 68, 'wyckoff': 80, 'stochastic': 50.49747041259593, 'obv': 75, 'bollinger': 0, 'momentum_quality': 94.7, 'regime_score': 50, 'rr_score': 100, 'base_tech': np.float64(67.4)}","{'base_tech_score': np.float64(67.4), 'insider_bonus': 0.0, 'deviation_penalty': 0.0, 'blowoff_penalty': 0.0, 'short_excessive_penalty': 0.0, 'weekly_penalty': 0.0, 'resistance_penalty': 0.0, 'rr_penalty': 0.0, 'cmf_confluence_val': 0.0, 'penny_penalty': 0.0, 'penny_non_acc_penalty': 0.0, 'scalping_bonus': 10.0, 'fund_penalty': -3.0, 'macd_reversal_bonus': 0.0, 'sector_rs_bonus': 0.0, 'confluence_bonus': 0.0, 'short_squeeze_bonus': 0.0, 'ai_momentum_bonus': 0.0}",+0.00%,72.2,BUY,+0.00%,0.5,2.98,0.51,0.54,False,False
006400.KS,"SAMSUNG SDI CO.,LTD.","482,500원",482500.0,Industrials,Electrical Equipment & Parts,5.12,72.0,66.1,0.22959,False,False,False,57.9,Markup,"{'trend': 60.0, 'momentum': 97.8, 'flow': 81.0, 'volatility': 23, 'structure': 80.0, 'momentum_quality': 77.6, 'insider': 50.0}",2.0,,0.0,Tactical Overweight,매수 우위 (강력 매수 - 다중지표 강세 컨플루언스 확인),True,상승,상단,골든크로스 진행,14.5,10.0,상승,-474526.0137829348,1.048,0.186,0.17543,0.054130003,,"[{'text': '상승 추세', 'cls': 'positive'}, {'text': '📊 VWAP 상회 주의', 'cls': 'neutral'}, {'text': 'Stoch 골든크로스', 'cls': 'positive'}, {'text': 'OBV 상승', 'cls': 'positive'}, {'text': '📈 EPS 반등/턴어라운드', 'cls': 'positive'}, {'text': '📉 AI 예상: +0.0%', 'cls': 'negative'}]","{'mfc': 66, 'wyckoff': 80, 'stochastic': 75.56519269837459, 'obv': 75, 'bollinger': 0, 'momentum_quality': 77.6, 'regime_score': 50, 'rr_score': 100, 'base_tech': np.float64(67.2)}","{'base_tech_score': np.float64(67.2), 'insider_bonus': 0.0, 'deviation_penalty': 0.0, 'blowoff_penalty': 0.0, 'short_excessive_penalty': 0.0, 'weekly_penalty': 0.0, 'resistance_penalty': 0.0, 'rr_penalty': 0.0, 'cmf_confluence_val': 0.0, 'penny_penalty': 0.0, 'penny_non_acc_penalty': 0.0, 'scalping_bonus': 10.0, 'fund_penalty': -18.0, 'macd_reversal_bonus': 0.0, 'sector_rs_bonus': 0.0, 'confluence_bonus': 0.0, 'short_squeeze_bonus': 0.0, 'ai_momentum_bonus': 0.0}",+0.00%,72.0,BUY,+0.00%,0.5,5.01,0.61,0.65,False,False
012450.KS,HANWHA AEROSPACE,"1,159,000원",1159000.0,Industrials,Aerospace & Defense,5.65,71.8,68.1,0.36861,False,False,False,64.2,Markup,"{'trend': 73.0, 'momentum': 100, 'flow': 69.0, 'volatility': 3, 'structure': 80.0, 'momentum_quality': 98.2, 'insider': 50.0}",2.0,,0.0,Tactical Overweight,매수 우위 (강력 매수 - 다중지표 강세 컨플루언스 확인),True,상승,상단 돌파,골든크로스 진행,22.7,10.0,상승,-3268861.2992962124,3.381,0.049,0.20881,0.111090004,-808671772672.0,"[{'text': '상승 추세', 'cls': 'positive'}, {'text': '📊 VWAP 상회 주의', 'cls': 'neutral'}, {'text': 'Stoch 골든크로스', 'cls': 'positive'}, {'text': 'OBV 상승', 'cls': 'positive'}, {'text': '📈 EPS 반등/턴어라운드', 'cls': 'positive'}, {'text': '📉 AI 예상: +0.0%', 'cls': 'negative'}]","{'mfc': 68, 'wyckoff': 80, 'stochastic': 62.030689682551206, 'obv': 75, 'bollinger': 0, 'momentum_quality': 98.2, 'regime_score': 50, 'rr_score': 91.2, 'base_tech': np.float64(69.4)}","{'base_tech_score': np.float64(69.4), 'insider_bonus': 0.0, 'deviation_penalty': 0.0, 'blowoff_penalty': 0.0, 'short_excessive_penalty': 0.0, 'weekly_penalty': 0.0, 'resistance_penalty': 0.0, 'rr_penalty': 0.0, 'cmf_confluence_val': 0.0, 'penny_penalty': 0.0, 'penny_non_acc_penalty': 0.0, 'scalping_bonus': 10.0, 'fund_penalty': -10.0, 'macd_reversal_bonus': 0.0, 'sector_rs_bonus': 0.0, 'confluence_bonus': 0.0, 'short_squeeze_bonus': 0.0, 'ai_momentum_bonus': 0.0}",+0.00%,71.8,BUY,+0.00%,0.5,5.83,0.66,0.7,False,False
042660.KS,Hanwha Ocean,"93,900원",93900.0,Industrials,Aerospace & Defense,5.03,71.6,68.3,0.38009,False,False,False,53.2,Markup,"{'trend': 60.0, 'momentum': 84.8, 'flow': 97.0, 'volatility': 23, 'structure': 80.0, 'momentum_quality': 70.2, 'insider': 50.0}",2.0,,0.0,Tactical Overweight,매수 우위 (강력 매수 - 다중지표 강세 컨플루언스 확인),True,상승,상단,골든크로스 진행,10.7,10.0,상승,-35577387.05973603,1.318,0.021,0.15908,0.13741,-49345204224.0,"[{'text': '상승 추세', 'cls': 'positive'}, {'text': '📊 VWAP 상회 주의', 'cls': 'neutral'}, {'text': '🔥 Accumulation Confluence (CMF+ADL)', 'cls': 'positive'}, {'text': 'Stoch 골든크로스', 'cls': 'positive'}, {'text': 'OBV 상승', 'cls': 'positive'}, {'text': '📈 EPS 반등/턴어라운드', 'cls': 'positive'}, {'text': '📉 AI 예상: +0.0%', 'cls': 'negative'}]","{'mfc': 68, 'wyckoff': 80, 'stochastic': 51.107855888133, 'obv': 75, 'bollinger': 0, 'momentum_quality': 70.2, 'regime_score': 50, 'rr_score': 100, 'base_tech': np.float64(64.0)}","{'base_tech_score': np.float64(64.0), 'insider_bonus': 0.0, 'deviation_penalty': 0.0, 'blowoff_penalty': 0.0, 'short_excessive_penalty': 0.0, 'weekly_penalty': 0.0, 'resistance_penalty': 0.0, 'rr_penalty': 0.0, 'cmf_confluence_val': 0.0, 'penny_penalty': 0.0, 'penny_non_acc_penalty': 0.0, 'scalping_bonus': 10.0, 'fund_penalty': -10.0, 'macd_reversal_bonus': 0.0, 'sector_rs_bonus': 0.0, 'confluence_bonus': 0.0, 'short_squeeze_bonus': 0.0, 'ai_momentum_bonus': 0.0}",+0.00%,71.6,BUY,+0.00%,0.5,4.81,0.41,0.44,False,False
066570.KS,LGELECTRONICS,"188,600원",188600.0,Technology,Consumer Electronics,1.95,71.4,66.2,0.35312998,False,False,False,53.8,Markup,"{'trend': 60.0, 'momentum': 93.6, 'flow': 77.0, 'volatility': 23, 'structure': 80.0, 'momentum_quality': 57.9, 'insider': 50.0}",2.0,,0.0,Core Holding,매수 우위 (안정적 상승 추세 안착),True,상승,상단,골든크로스 진행,8.8,10.0,상승,5655398.798612743,0.021,0.043,0.23743,0.070539996,2337128579072.0,"[{'text': '상승 추세', 'cls': 'positive'}, {'text': '📊 VWAP 상회 주의', 'cls': 'neutral'}, {'text': 'Stoch 골든크로스', 'cls': 'positive'}, {'text': 'OBV 상승', 'cls': 'positive'}, {'text': '📉 AI 예상: +0.0%', 'cls': 'negative'}]","{'mfc': 66, 'wyckoff': 80, 'stochastic': 70.78940991154731, 'obv': 75, 'bollinger': 0, 'momentum_quality': 57.9, 'regime_score': 50, 'rr_score': 100, 'base_tech': np.float64(63.7)}","{'base_tech_score': np.float64(63.7), 'insider_bonus': 0.0, 'deviation_penalty': 0.0, 'blowoff_penalty': 0.0, 'short_excessive_penalty': 0.0, 'weekly_penalty': 0.0, 'resistance_penalty': 0.0, 'rr_penalty': 0.0, 'cmf_confluence_val': 0.0, 'penny_penalty': 0.0, 'penny_non_acc_penalty': 0.0, 'scalping_bonus': 10.0, 'fund_penalty': 0.0, 'macd_reversal_bonus': 0.0, 'sector_rs_bonus': 0.0, 'confluence_bonus': 0.0, 'short_squeeze_bonus': 0.0, 'ai_momentum_bonus': 0.0}",+0.00%,71.4,BUY,+0.00%,0.5,2.05,0.33,0.35,False,False
207940.KS,SAMSUNG BIOLOGICS,"1,570,000원",1570000.0,Healthcare,Biotechnology,0.9,71.4,71.9,0.74373,False,False,False,61.6,Markup,"{'trend': 65.0, 'momentum': 98.1, 'flow': 97.0, 'volatility': 33, 'structure': 80.0, 'momentum_quality': 84.0, 'insider': 50.0}",2.0,,0.0,Tactical Overweight,매수 우위 (강력 매수 - 다중지표 강세 컨플루언스 확인),True,상승,상단,혼합,7.6,0.0,상승,-650512.843278855,0.249,0.258,0.54861,0.46196997,1116873818112.0,"[{'text': '상승 추세', 'cls': 'positive'}, {'text': '📊 VWAP 상회 주의', 'cls': 'neutral'}, {'text': '🔥 Accumulation Confluence (CMF+ADL)', 'cls': 'positive'}, {'text': 'Stoch 골든크로스', 'cls': 'positive'}, {'text': 'OBV 상승', 'cls': 'positive'}, {'text': '🚀 매출 고성장', 'cls': 'positive'}]","{'mfc': 72, 'wyckoff': 80, 'stochastic': 78.09846057789592, 'obv': 75, 'bollinger': 0, 'momentum_quality': 84.0, 'regime_score': 50, 'rr_score': 38.8, 'base_tech': np.float64(70.5)}","{'base_tech_score': np.float64(70.5), 'insider_bonus': 0.0, 'deviation_penalty': 0.0, 'blowoff_penalty': 0.0, 'short_excessive_penalty': 0.0, 'weekly_penalty': 0.0, 'resistance_penalty': 0.0, 'rr_penalty': 8, 'cmf_confluence_val': 0.0, 'penny_penalty': 0.0, 'penny_non_acc_penalty': 0.0, 'scalping_bonus': 0.0, 'fund_penalty': -15.0, 'macd_reversal_bonus': 0.0, 'sector_rs_bonus': 0.0, 'confluence_bonus': 0.0, 'short_squeeze_bonus': 0.0, 'ai_momentum_bonus': 0.0}",N/A,,,,,0.64,0.54,0.57,False,False
005490.KS,POSCO Holdings,"336,000원",336000.0,Basic Materials,Steel,1.51,71.2,70.3,3.0000001e-05,False,False,False,57.0,Markup,"{'trend': 60.0, 'momentum': 88.5, 'flow': 89.0, 'volatility': 53, 'structure': 80.0, 'momentum_quality': 79.7, 'insider': 50.0}",2.0,,0.0,Tactical Overweight,매수 우위 (강력 매수 - 다중지표 강세 컨플루언스 확인),True,상승,상단 돌파,골든크로스 진행,8.1,0.0,상승,-1734204.7604337633,2.856,0.097,0.07862,0.042529996,,"[{'text': '상승 추세', 'cls': 'positive'}, {'text': '📊 VWAP 상회 주의', 'cls': 'neutral'}, {'text': 'Stoch 골든크로스', 'cls': 'positive'}, {'text': 'OBV 상승', 'cls': 'positive'}, {'text': '📈 EPS 반등/턴어라운드', 'cls': 'positive'}]","{'mfc': 70, 'wyckoff': 80, 'stochastic': 65.10388437217702, 'obv': 75, 'bollinger': 0, 'momentum_quality': 79.7, 'regime_score': 50, 'rr_score': 100, 'base_tech': np.float64(67.8)}","{'base_tech_score': np.float64(67.8), 'insider_bonus': 0.0, 'deviation_penalty': 0.0, 'blowoff_penalty': 0.0, 'short_excessive_penalty': 0.0, 'weekly_penalty': 0.0, 'resistance_penalty': 0.0, 'rr_penalty': 0.0, 'cmf_confluence_val': 0.0, 'penny_penalty': 0.0, 'penny_non_acc_penalty': 0.0, 'scalping_bonus': 0.0, 'fund_penalty': -15.0, 'macd_reversal_bonus': 0.0, 'sector_rs_bonus': 0.0, 'confluence_bonus': 0.0, 'short_squeeze_bonus': 0.0, 'ai_momentum_bonus': 0.0}",N/A,,,,,1.51,0.53,0.56,False,False
017670.KS,SKTelecom,"84,500원",84500.0,Communication Services,Telecom Services,-4.2,70.5,60.1,0.32465,False,False,False,45.2,Accumulation,"{'trend': 60.0, 'momentum': 59.4, 'flow': 77.0, 'volatility': 43, 'structure': 75.0, 'momentum_quality': 6.0, 'insider': 50.0}",2.0,,0.0,Tactical Hold,"중립 대기 (방향성 탐색 중, 뚜렷한 주도력 부재)",False,상승,하단,골든크로스 진행,-3.8,5.0,상승,-12660224.407936677,4.252,0.005,0.70444,0.12984,,"[{'text': '매집 구간', 'cls': 'positive'}, {'text': 'OBV 상승', 'cls': 'positive'}, {'text': '📈 EPS 반등/턴어라운드', 'cls': 'positive'}]","{'mfc': 60, 'wyckoff': 100, 'stochastic': 31.043543543543528, 'obv': 75, 'bollinger': 100, 'momentum_quality': 6.0, 'regime_score': 50, 'rr_score': 100, 'base_tech': np.float64(60.7)}","{'base_tech_score': np.float64(60.7), 'insider_bonus': 0.0, 'deviation_penalty': 0.0, 'blowoff_penalty': 0.0, 'short_excessive_penalty': 0.0, 'weekly_penalty': 0.0, 'resistance_penalty': 0.0, 'rr_penalty': 0.0, 'cmf_confluence_val': 0.0, 'penny_penalty': 0.0, 'penny_non_acc_penalty': 0.0, 'scalping_bonus': 5.0, 'fund_penalty': -15.0, 'macd_reversal_bonus': 0.0, 'sector_rs_bonus': 0.0, 'confluence_bonus': 0.0, 'short_squeeze_bonus': 0.0, 'ai_momentum_bonus': 0.0}",N/A,,,,,-4.31,0.59,0.62,False,False
298040.KS,HYOSUNG HEAVY,"2,919,000원",2919000.0,Industrials,Electrical Equipment & Parts,3.07,69.0,51.7,0.43991002,True,False,False,52.8,Accumulation,"{'trend': 60.0, 'momentum': 50.5, 'flow': 45.0, 'volatility': 3, 'structure': 75.0, 'momentum_quality': 55.9, 'insider': 50.0}",2.0,,0.0,Aggressive Buy,매수 우위 (분할 매수 - 바닥 확인 후 모멘텀 턴어라운드),False,상승,상단,골든크로스 진행,11.8,10.0,하락,-655731.1577108757,-0.146,0.262,0.21256,0.09866,762905362432.0,"[{'text': '매집 구간', 'cls': 'positive'}, {'text': '📊 VWAP 상회 주의', 'cls': 'neutral'}, {'text': '💎 품절주 (Low Float)', 'cls': 'positive'}, {'text': 'OBV 상승', 'cls': 'positive'}, {'text': '🚀 매출 고성장', 'cls': 'positive'}, {'text': '📉 AI 예상: +0.0%', 'cls': 'negative'}]","{'mfc': 52, 'wyckoff': 100, 'stochastic': 47.750515263764264, 'obv': 75, 'bollinger': 0, 'momentum_quality': 55.9, 'regime_score': 50, 'rr_score': 100, 'base_tech': np.float64(59.2)}","{'base_tech_score': np.float64(59.2), 'insider_bonus': 0.0, 'deviation_penalty': 0.0, 'blowoff_penalty': 0.0, 'short_excessive_penalty': 0.0, 'weekly_penalty': 0.0, 'resistance_penalty': 0.0, 'rr_penalty': 0.0, 'cmf_confluence_val': 0.0, 'penny_penalty': 0.0, 'penny_non_acc_penalty': 0.0, 'scalping_bonus': 10.0, 'fund_penalty': -10.0, 'macd_reversal_bonus': 0.0, 'sector_rs_bonus': 0.0, 'confluence_bonus': 0.0, 'short_squeeze_bonus': 0.0, 'ai_momentum_bonus': 0.0}",+0.00%,69.0,BUY,+0.00%,0.5,2.93,0.5,0.53,False,False
010120.KS,LS ELECTRIC,"205,500원",205500.0,Industrials,Electrical Equipment & Parts,2.24,68.7,59.6,0.48534,False,False,False,51.6,Markup,"{'trend': 60.0, 'momentum': 66.9, 'flow': 84.0, 'volatility': 23, 'structure': 80.0, 'momentum_quality': 24.2, 'insider': 50.0}",2.0,,0.0,Core Holding,매수 우위 (안정적 상승 추세 안착),False,상승,상단,골든크로스 진행,7.3,10.0,상승,-9889089.492657641,0.725,0.334,0.21058,0.09189,-33207713792.0,"[{'text': '상승 추세', 'cls': 'positive'}, {'text': '📊 VWAP 상회 주의', 'cls': 'neutral'}, {'text': 'OBV 상승', 'cls': 'positive'}, {'text': '📈 EPS 반등/턴어라운드', 'cls': 'positive'}, {'text': '🚀 매출 고성장', 'cls': 'positive'}, {'text': '📉 AI 예상: +0.0%', 'cls': 'negative'}]","{'mfc': 60, 'wyckoff': 80, 'stochastic': 46.794871794871824, 'obv': 75, 'bollinger': 0, 'momentum_quality': 24.2, 'regime_score': 50, 'rr_score': 100, 'base_tech': np.float64(53.5)}","{'base_tech_score': np.float64(53.5), 'insider_bonus': 0.0, 'deviation_penalty': 0.0, 'blowoff_penalty': 0.0, 'short_excessive_penalty': 0.0, 'weekly_penalty': 0.0, 'resistance_penalty': 0.0, 'rr_penalty': 0.0, 'cmf_confluence_val': 0.0, 'penny_penalty': 0.0, 'penny_non_acc_penalty': 0.0, 'scalping_bonus': 10.0, 'fund_penalty': -20.0, 'macd_reversal_bonus': 0.0, 'sector_rs_bonus': 0.0, 'confluence_bonus': 0.0, 'short_squeeze_bonus': 0.0, 'ai_momentum_bonus': 0.0}",+0.00%,68.7,BUY,+0.00%,0.5,2.24,0.27,0.29,False,False
000810.KS,SamsungF&MIns,"631,000원",631000.0,Financial Services,Insurance - Property & Casualty,-2.17,68.6,73.3,0.03735,False,False,False,49.7,Markup,"{'trend': 98.0, 'momentum': 74.4, 'flow': 72.0, 'volatility': 73, 'structure': 80.0, 'momentum_quality': 36.5, 'insider': 50.0}",2.0,,0.0,Core Holding,매수 우위 (안정적 상승 추세 안착),True,상승,하단,정배열,-0.2,5.0,상승,-22463.562340315886,0.044,0.046,0.21145001,0.084230006,-7592867266560.0,"[{'text': '상승 추세', 'cls': 'positive'}, {'text': '📊 VWAP 상회 주의', 'cls': 'neutral'}, {'text': 'Stoch 골든크로스', 'cls': 'positive'}, {'text': 'OBV 상승', 'cls': 'positive'}, {'text': '📉 AI 예상: +0.0%', 'cls': 'negative'}]","{'mfc': 73, 'wyckoff': 80, 'stochastic': 74.72347913524385, 'obv': 75, 'bollinger': 100, 'momentum_quality': 36.5, 'regime_score': 50, 'rr_score': 100, 'base_tech': np.float64(71.5)}","{'base_tech_score': np.float64(71.5), 'insider_bonus': 0.0, 'deviation_penalty': 0.0, 'blowoff_penalty': 0.0, 'short_excessive_penalty': 0.0, 'weekly_penalty': 0.0, 'resistance_penalty': 0.0, 'rr_penalty': 0.0, 'cmf_confluence_val': 0.0, 'penny_penalty': 0.0, 'penny_non_acc_penalty': 0.0, 'scalping_bonus': 5.0, 'fund_penalty': 5.0, 'macd_reversal_bonus': 0.0, 'sector_rs_bonus': 0.0, 'confluence_bonus': 0.0, 'short_squeeze_bonus': 0.0, 'ai_momentum_bonus': 0.0}",+0.00%,68.6,BUY,+0.00%,0.5,-2.33,0.31,0.33,False,False
267250.KS,HD HYUNDAI,"227,000원",227000.0,Energy,Oil & Gas Refining & Marketing,0.89,67.0,63.9,0.37120998,False,False,False,57.9,Markup,"{'trend': 73.0, 'momentum': 83.5, 'flow': 60.0, 'volatility': 23, 'structure': 80.0, 'momentum_quality': 33.8, 'insider': 50.0}",2.0,,0.0,Tactical Overweight,매수 우위 (강력 매수 - 다중지표 강세 컨플루언스 확인),True,상승,상단,골든크로스 진행,9.7,0.0,상승,-1774503.4185943166,2.564,0.147,0.1593,0.14466,2783919472640.0,"[{'text': '상승 추세', 'cls': 'positive'}, {'text': '📊 VWAP 상회 주의', 'cls': 'neutral'}, {'text': 'Stoch 골든크로스', 'cls': 'positive'}, {'text': 'OBV 상승', 'cls': 'positive'}, {'text': '📈 EPS 반등/턴어라운드', 'cls': 'positive'}]","{'mfc': 64, 'wyckoff': 80, 'stochastic': 66.41414141414143, 'obv': 75, 'bollinger': 0, 'momentum_quality': 33.8, 'regime_score': 50, 'rr_score': 100, 'base_tech': np.float64(58.8)}","{'base_tech_score': np.float64(58.8), 'insider_bonus': 0.0, 'deviation_penalty': 0.0, 'blowoff_penalty': 0.0, 'short_excessive_penalty': 0.0, 'weekly_penalty': 0.0, 'resistance_penalty': 0.0, 'rr_penalty': 0.0, 'cmf_confluence_val': 0.0, 'penny_penalty': 0.0, 'penny_non_acc_penalty': 0.0, 'scalping_bonus': 0.0, 'fund_penalty': -18.0, 'macd_reversal_bonus': 0.0, 'sector_rs_bonus': 0.0, 'confluence_bonus': 0.0, 'short_squeeze_bonus': 0.0, 'ai_momentum_bonus': 0.0}",N/A,,,,,0.67,0.4,0.42,False,False
000150.KS,DOOSAN,"1,225,000원",1225000.0,Industrials,Conglomerates,2.85,66.6,51.1,0.41245,False,False,False,48.6,Accumulation,"{'trend': 60.0, 'momentum': 64.3, 'flow': 32.0, 'volatility': 23, 'structure': 75.0, 'momentum_quality': 21.5, 'insider': 50.0}",2.0,,0.0,Tactical Hold,매도 우위 (하방 경계 - 바닥 탐색 진행 중),False,상승,상단,골든크로스 진행,4.1,10.0,하락,45450.60447155129,0.654,0.177,0.17668,0.06722,660197474304.0,"[{'text': '매집 구간', 'cls': 'positive'}, {'text': '📊 VWAP 상회 주의', 'cls': 'neutral'}, {'text': 'OBV 상승', 'cls': 'positive'}, {'text': '📈 EPS 반등/턴어라운드', 'cls': 'positive'}]","{'mfc': 51, 'wyckoff': 100, 'stochastic': 42.52321684170795, 'obv': 75, 'bollinger': 0, 'momentum_quality': 21.5, 'regime_score': 50, 'rr_score': 100, 'base_tech': np.float64(53.2)}","{'base_tech_score': np.float64(53.2), 'insider_bonus': 0.0, 'deviation_penalty': 0.0, 'blowoff_penalty': 0.0, 'short_excessive_penalty': 0.0, 'weekly_penalty': 0.0, 'resistance_penalty': 0.0, 'rr_penalty': 0.0, 'cmf_confluence_val': -6, 'penny_penalty': 0.0, 'penny_non_acc_penalty': 0.0, 'scalping_bonus': 10.0, 'fund_penalty': -18.0, 'macd_reversal_bonus': 0.0, 'sector_rs_bonus': 0.0, 'confluence_bonus': 0.0, 'short_squeeze_bonus': 0.0, 'ai_momentum_bonus': 0.0}",N/A,,,,,2.69,0.36,0.38,False,False
086520.KQ,ECOPRO,"93,100원",93100.0,,,8.26,66.5,67.9,0.0,False,False,False,56.3,Markup,"{'trend': 60.0, 'momentum': 98.8, 'flow': 87.0, 'volatility': 23, 'structure': 80.0, 'momentum_quality': 98.2, 'insider': 45.0}",2.0,,0.0,Tactical Overweight,매수 우위 (강력 매수 - 다중지표 강세 컨플루언스 확인),True,상승,상단 돌파,골든크로스 진행,17.0,10.0,상승,-35238338.03486512,,,,,,"[{'text': '상승 추세', 'cls': 'positive'}, {'text': 'Stoch 골든크로스', 'cls': 'positive'}, {'text': 'OBV 상승', 'cls': 'positive'}]","{'mfc': 68, 'wyckoff': 80, 'stochastic': 62.523727302490855, 'obv': 75, 'bollinger': 0, 'momentum_quality': 98.2, 'regime_score': 50, 'rr_score': 100, 'base_tech': 69.4}","{'base_tech_score': 69.4, 'insider_bonus': 0.0, 'deviation_penalty': 0.0, 'blowoff_penalty': 0.0, 'short_excessive_penalty': 0.0, 'weekly_penalty': 0.0, 'resistance_penalty': 0.0, 'rr_penalty': 0.0, 'cmf_confluence_val': 0.0, 'penny_penalty': 0.0, 'penny_non_acc_penalty': 0.0, 'scalping_bonus': 10.0, 'fund_penalty': 0.0, 'macd_reversal_bonus': 0.0, 'sector_rs_bonus': 0.0, 'confluence_bonus': 0.0, 'short_squeeze_bonus': 0.0, 'ai_momentum_bonus': 0.0}",N/A,,,,,7.67,0.83,0.88,False,False
278470.KS,APR,"385,000원",385000.0,Consumer Defensive,Household & Personal Products,0.13,65.1,67.4,0.34979,False,False,False,57.0,Markup,"{'trend': 60.0, 'momentum': 90.2, 'flow': 89.0, 'volatility': 23, 'structure': 80.0, 'momentum_quality': 71.6, 'insider': 50.0}",2.0,,0.0,Tactical Overweight,매수 우위 (강력 매수 - 다중지표 강세 컨플루언스 확인),True,상승,상단,골든크로스 진행,7.5,0.0,상승,-2215097.9355560476,1.348,1.23,0.76895,0.24533,249961840640.0,"[{'text': '상승 추세', 'cls': 'positive'}, {'text': '⚠️ 장기 매물대(저항선) 충돌 위험', 'cls': 'negative'}, {'text': '📊 VWAP 상회 주의', 'cls': 'neutral'}, {'text': 'Stoch 골든크로스', 'cls': 'positive'}, {'text': 'OBV 상승', 'cls': 'positive'}, {'text': '📈 EPS 반등/턴어라운드', 'cls': 'positive'}, {'text': '🚀 매출 고성장', 'cls': 'positive'}]","{'mfc': 67, 'wyckoff': 80, 'stochastic': 72.07332822303582, 'obv': 75, 'bollinger': 0, 'momentum_quality': 71.6, 'regime_score': 50, 'rr_score': 73.4, 'base_tech': np.float64(66.4)}","{'base_tech_score': np.float64(66.4), 'insider_bonus': 0.0, 'deviation_penalty': 0.0, 'blowoff_penalty': 0.0, 'short_excessive_penalty': 0.0, 'weekly_penalty': 0.0, 'resistance_penalty': 15, 'rr_penalty': 0.0, 'cmf_confluence_val': 0.0, 'penny_penalty': 0.0, 'penny_non_acc_penalty': 0.0, 'scalping_bonus': 0.0, 'fund_penalty': -25.0, 'macd_reversal_bonus': 0.0, 'sector_rs_bonus': 0.0, 'confluence_bonus': 0.0, 'short_squeeze_bonus': 0.0, 'ai_momentum_bonus': 0.0}",N/A,,,,,-0.26,0.65,0.69,False,False
086790.KS,HANAFINANCIALGR,"130,800원",130800.0,Financial Services,Banks - Regional,-2.9,64.9,73.3,0.01485,False,False,False,55.8,Markup,"{'trend': 100, 'momentum': 83.1, 'flow': 65.0, 'volatility': 73, 'structure': 80.0, 'momentum_quality': 59.5, 'insider': 50.0}",2.0,,0.0,Tactical Overweight,매수 우위 (강력 매수 - 다중지표 강세 컨플루언스 확인),True,상승,상단,정배열,1.1,5.0,상승,-8560477.307189165,0.017,0.068,0.0,0.48558,,"[{'text': '상승 추세', 'cls': 'positive'}, {'text': '⚠️ 장기 매물대(저항선) 충돌 위험', 'cls': 'negative'}, {'text': '📊 VWAP 상회 주의', 'cls': 'neutral'}, {'text': 'Stoch 골든크로스', 'cls': 'positive'}, {'text': 'OBV 상승', 'cls': 'positive'}, {'text': '📉 AI 예상: +0.0%', 'cls': 'negative'}]","{'mfc': 73, 'wyckoff': 80, 'stochastic': 85.28520387898986, 'obv': 75, 'bollinger': 0, 'momentum_quality': 59.5, 'regime_score': 50, 'rr_score': 69.5, 'base_tech': np.float64(68.2)}","{'base_tech_score': np.float64(68.2), 'insider_bonus': 0.0, 'deviation_penalty': 0.0, 'blowoff_penalty': 0.0, 'short_excessive_penalty': 0.0, 'weekly_penalty': 0.0, 'resistance_penalty': 15, 'rr_penalty': 0.0, 'cmf_confluence_val': 0.0, 'penny_penalty': 0.0, 'penny_non_acc_penalty': 0.0, 'scalping_bonus': 5.0, 'fund_penalty': 0.0, 'macd_reversal_bonus': 0.0, 'sector_rs_bonus': 0.0, 'confluence_bonus': 0.0, 'short_squeeze_bonus': 0.0, 'ai_momentum_bonus': 0.0}",+0.00%,64.9,BUY,+0.00%,0.5,-2.97,0.69,0.74,False,False
055550.KS,ShinhanGroup,"106,500원",106500.0,Financial Services,Banks - Regional,-3.18,64.2,75.4,0.05215,False,False,False,55.9,Markup,"{'trend': 100, 'momentum': 83.3, 'flow': 77.0, 'volatility': 73, 'structure': 80.0, 'momentum_quality': 66.7, 'insider': 50.0}",2.0,,0.0,Tactical Overweight,매수 우위 (강력 매수 - 다중지표 강세 컨플루언스 확인),True,상승,상단,정배열,2.4,5.0,상승,-14431843.196792562,0.175,0.141,0.0,0.52981997,,"[{'text': '상승 추세', 'cls': 'positive'}, {'text': '⚠️ 장기 매물대(저항선) 충돌 위험', 'cls': 'negative'}, {'text': '📊 VWAP 상회 주의', 'cls': 'neutral'}, {'text': 'Stoch 골든크로스', 'cls': 'positive'}, {'text': 'OBV 상승', 'cls': 'positive'}, {'text': '📉 AI 예상: +0.0%', 'cls': 'negative'}]","{'mfc': 75, 'wyckoff': 80, 'stochastic': 79.10942367866298, 'obv': 75, 'bollinger': 0, 'momentum_quality': 66.7, 'regime_score': 50, 'rr_score': 57.8, 'base_tech': np.float64(69.3)}","{'base_tech_score': np.float64(69.3), 'insider_bonus': 0.0, 'deviation_penalty': 0.0, 'blowoff_penalty': 0.0, 'short_excessive_penalty': 0.0, 'weekly_penalty': 0.0, 'resistance_penalty': 15, 'rr_penalty': 0.0, 'cmf_confluence_val': 0.0, 'penny_penalty': 0.0, 'penny_non_acc_penalty': 0.0, 'scalping_bonus': 5.0, 'fund_penalty': -8.0, 'macd_reversal_bonus': 0.0, 'sector_rs_bonus': 0.0, 'confluence_bonus': 0.0, 'short_squeeze_bonus': 0.0, 'ai_momentum_bonus': 0.0}",+0.00%,64.2,BUY,+0.00%,0.5,-3.45,0.63,0.67,False,False
105560.KS,KBFinancialGroup,"171,500원",171500.0,Financial Services,Banks - Regional,-2.45,63.9,51.6,0.026719999,False,False,False,52.9,Accumulation,"{'trend': 40.0, 'momentum': 61.0, 'flow': 32.0, 'volatility': 73, 'structure': 65.0, 'momentum_quality': 28.2, 'insider': 50.0}",2.0,,0.0,Tactical Hold,"중립 대기 (방향성 탐색 중, 뚜렷한 주도력 부재)",True,상승,하단,데드크로스 진행,-0.2,5.0,하락,-21642473.61224348,0.17,0.185,0.0,0.58942,,"[{'text': '매집 구간', 'cls': 'positive'}, {'text': '⚠️ 장기 매물대(저항선) 충돌 위험', 'cls': 'negative'}, {'text': 'Stoch 골든크로스', 'cls': 'positive'}, {'text': 'OBV 상승', 'cls': 'positive'}, {'text': '📉 AI 예상: +0.0%', 'cls': 'negative'}]","{'mfc': 52, 'wyckoff': 100, 'stochastic': 75.41250175407373, 'obv': 75, 'bollinger': 100, 'momentum_quality': 28.2, 'regime_score': 50, 'rr_score': 85.0, 'base_tech': np.float64(66.3)}","{'base_tech_score': np.float64(66.3), 'insider_bonus': 0.0, 'deviation_penalty': 0.0, 'blowoff_penalty': 0.0, 'short_excessive_penalty': 0.0, 'weekly_penalty': 0.0, 'resistance_penalty': 15, 'rr_penalty': 0.0, 'cmf_confluence_val': -6, 'penny_penalty': 0.0, 'penny_non_acc_penalty': 0.0, 'scalping_bonus': 5.0, 'fund_penalty': -8.0, 'macd_reversal_bonus': 0.0, 'sector_rs_bonus': 0.0, 'confluence_bonus': 0.0, 'short_squeeze_bonus': 0.0, 'ai_momentum_bonus': 0.0}",+0.00%,63.9,BUY,+0.00%,0.5,-2.45,0.38,0.4,False,False
316140.KS,WooriFinancialGroup,"33,500원",33500.0,Financial Services,Banks - Regional,-3.74,63.6,70.6,0.0739,False,False,False,59.0,Markup,"{'trend': 73.0, 'momentum': 83.4, 'flow': 77.0, 'volatility': 53, 'structure': 80.0, 'momentum_quality': 100, 'insider': 50.0}",2.0,,0.0,Tactical Overweight,매수 우위 (강력 매수 - 다중지표 강세 컨플루언스 확인),True,상승,상단,혼합,4.8,5.0,상승,-40993564.877558246,0.074,0.378,0.0,0.42075002,,"[{'text': '상승 추세', 'cls': 'positive'}, {'text': '📊 VWAP 상회 주의', 'cls': 'neutral'}, {'text': 'Stoch 골든크로스', 'cls': 'positive'}, {'text': 'OBV 상승', 'cls': 'positive'}, {'text': '🚀 매출 고성장', 'cls': 'positive'}, {'text': '📉 AI 예상: +0.0%', 'cls': 'negative'}]","{'mfc': 71, 'wyckoff': 80, 'stochastic': 51.710467050211335, 'obv': 75, 'bollinger': 0, 'momentum_quality': 100, 'regime_score': 50, 'rr_score': 56.8, 'base_tech': np.float64(69.3)}","{'base_tech_score': np.float64(69.3), 'insider_bonus': 0.0, 'deviation_penalty': 0.0, 'blowoff_penalty': 0.0, 'short_excessive_penalty': 0.0, 'weekly_penalty': 0.0, 'resistance_penalty': 0.0, 'rr_penalty': 0.0, 'cmf_confluence_val': 0.0, 'penny_penalty': 0.0, 'penny_non_acc_penalty': 0.0, 'scalping_bonus': 5.0, 'fund_penalty': -10.0, 'macd_reversal_bonus': 0.0, 'sector_rs_bonus': 0.0, 'confluence_bonus': 0.0, 'short_squeeze_bonus': 0.0, 'ai_momentum_bonus': 0.0}",+0.00%,63.6,BUY,+0.00%,0.5,-3.59,0.57,0.6,False,False
005380.KS,HyundaiMtr,"407,000원",407000.0,Consumer Cyclical,Auto Manufacturers,2.91,63.5,46.1,0.30706,False,False,False,44.0,Markdown,"{'trend': 48.0, 'momentum': 65.9, 'flow': 32.0, 'volatility': 43, 'structure': 15.0, 'momentum_quality': 48.5, 'insider': 50.0}",2.0,,0.0,Tactical Hold,매도 우위 (비중 축소 - 지지선 단기 이탈 및 추세 악화),True,하락,상단,혼합,1.4,10.0,상승,-12394230.560725015,-0.159,0.019,0.17423001,0.057930004,,"[{'text': '하락 추세', 'cls': 'negative'}, {'text': '📊 VWAP 상회 주의', 'cls': 'neutral'}, {'text': 'Stoch 골든크로스', 'cls': 'positive'}, {'text': '📉 AI 예상: +0.0%', 'cls': 'negative'}]","{'mfc': 46, 'wyckoff': 10, 'stochastic': 53.3730886316145, 'obv': 25, 'bollinger': 0, 'momentum_quality': 48.5, 'regime_score': 50, 'rr_score': 100, 'base_tech': np.float64(34.6)}","{'base_tech_score': np.float64(34.6), 'insider_bonus': 0.0, 'deviation_penalty': 0.0, 'blowoff_penalty': 0.0, 'short_excessive_penalty': 0.0, 'weekly_penalty': 0.0, 'resistance_penalty': 0.0, 'rr_penalty': 0.0, 'cmf_confluence_val': 0.0, 'penny_penalty': 0.0, 'penny_non_acc_penalty': 0.0, 'scalping_bonus': 10.0, 'fund_penalty': 0.0, 'macd_reversal_bonus': 0.0, 'sector_rs_bonus': 0.0, 'confluence_bonus': 0.0, 'short_squeeze_bonus': 0.0, 'ai_momentum_bonus': 0.0}",+0.00%,63.5,BUY,+0.00%,0.5,2.78,0.24,0.26,False,False
096770.KS,SK Innovation,"124,100원",124100.0,Energy,Oil & Gas Refining & Marketing,3.16,62.3,62.6,0.63448,False,False,False,59.0,Markup,"{'trend': 48.0, 'momentum': 86.8, 'flow': 81.0, 'volatility': 43, 'structure': 80.0, 'momentum_quality': 41.7, 'insider': 50.0}",2.0,,0.0,Tactical Overweight,매수 우위 (강력 매수 - 다중지표 강세 컨플루언스 확인),True,상승,상단,데드크로스 진행,7.2,10.0,상승,-3224242.730700412,,0.152,0.07848,0.08604,3385799213056.0,"[{'text': '상승 추세', 'cls': 'positive'}, {'text': '⚠️ 장기 매물대(저항선) 충돌 위험', 'cls': 'negative'}, {'text': '🔄 MACD 반전', 'cls': 'positive'}, {'text': '🎯 시그널 컨플루언스 (3)', 'cls': 'positive'}, {'text': 'Stoch 골든크로스', 'cls': 'positive'}, {'text': 'OBV 상승', 'cls': 'positive'}]","{'mfc': 63, 'wyckoff': 80, 'stochastic': 83.89238294898674, 'obv': 75, 'bollinger': 0, 'momentum_quality': 41.7, 'regime_score': 50, 'rr_score': 68.3, 'base_tech': np.float64(61.6)}","{'base_tech_score': np.float64(61.6), 'insider_bonus': 0.0, 'deviation_penalty': 0.0, 'blowoff_penalty': 0.0, 'short_excessive_penalty': 0.0, 'weekly_penalty': 0.0, 'resistance_penalty': 15, 'rr_penalty': 0.0, 'cmf_confluence_val': 0.0, 'penny_penalty': 0.0, 'penny_non_acc_penalty': 0.0, 'scalping_bonus': 10.0, 'fund_penalty': -3.0, 'macd_reversal_bonus': 5.0, 'sector_rs_bonus': 0.0, 'confluence_bonus': 8.0, 'short_squeeze_bonus': 0.0, 'ai_momentum_bonus': 0.0}",N/A,,,,,3.16,1.01,1.07,False,False
272210.KS,HANWHA SYSTEMS,"76,700원",76700.0,Industrials,Aerospace & Defense,8.49,62.0,64.8,0.60136,False,False,False,56.9,Markup,"{'trend': 60.0, 'momentum': 97.2, 'flow': 81.0, 'volatility': 3, 'structure': 80.0, 'momentum_quality': 84.0, 'insider': 50.0}",2.0,,0.0,Tactical Overweight,매수 우위 (강력 매수 - 다중지표 강세 컨플루언스 확인),True,상승,상단 돌파,골든크로스 진행,18.0,10.0,상승,-12305000.021705221,,0.17,0.10931,0.042480003,-325492473856.0,"[{'text': '상승 추세', 'cls': 'positive'}, {'text': '📊 VWAP 상회 주의', 'cls': 'neutral'}, {'text': 'Stoch 골든크로스', 'cls': 'positive'}, {'text': 'OBV 상승', 'cls': 'positive'}]","{'mfc': 65, 'wyckoff': 80, 'stochastic': 52.85407916399066, 'obv': 75, 'bollinger': 0, 'momentum_quality': 84.0, 'regime_score': 50, 'rr_score': 100, 'base_tech': np.float64(65.0)}","{'base_tech_score': np.float64(65.0), 'insider_bonus': 0.0, 'deviation_penalty': 0.0, 'blowoff_penalty': 0.0, 'short_excessive_penalty': 0.0, 'weekly_penalty': 0.0, 'resistance_penalty': 0.0, 'rr_penalty': 0.0, 'cmf_confluence_val': 0.0, 'penny_penalty': 0.0, 'penny_non_acc_penalty': 0.0, 'scalping_bonus': 10.0, 'fund_penalty': 2.0, 'macd_reversal_bonus': 0.0, 'sector_rs_bonus': 0.0, 'confluence_bonus': 0.0, 'short_squeeze_bonus': 0.0, 'ai_momentum_bonus': 0.0}",N/A,,,,,8.49,0.61,0.65,False,False
033780.KS,KT&G,"186,100원",186100.0,Consumer Defensive,Tobacco,-1.43,61.9,74.8,0.0497,False,False,False,57.9,Markup,"{'trend': 100, 'momentum': 86.9, 'flow': 65.0, 'volatility': 73, 'structure': 80.0, 'momentum_quality': 67.6, 'insider': 50.0}",2.0,,0.0,Tactical Overweight,매수 우위 (강력 매수 - 다중지표 강세 컨플루언스 확인),True,상승,상단,정배열,3.7,0.0,상승,-2384052.473426398,0.489,0.143,0.4697,0.21398,206866006016.0,"[{'text': '상승 추세', 'cls': 'positive'}, {'text': '⚠️ 장기 매물대(저항선) 충돌 위험', 'cls': 'negative'}, {'text': '📊 VWAP 상회 주의', 'cls': 'neutral'}, {'text': 'Stoch 골든크로스', 'cls': 'positive'}, {'text': 'OBV 상승', 'cls': 'positive'}, {'text': '📈 EPS 반등/턴어라운드', 'cls': 'positive'}]","{'mfc': 75, 'wyckoff': 80, 'stochastic': 95.19335870785144, 'obv': 75, 'bollinger': 0, 'momentum_quality': 67.6, 'regime_score': 50, 'rr_score': 45.7, 'base_tech': np.float64(71.1)}","{'base_tech_score': np.float64(71.1), 'insider_bonus': 0.0, 'deviation_penalty': 0.0, 'blowoff_penalty': 0.0, 'short_excessive_penalty': 0.0, 'weekly_penalty': 0.0, 'resistance_penalty': 15, 'rr_penalty': 0.0, 'cmf_confluence_val': 0.0, 'penny_penalty': 0.0, 'penny_non_acc_penalty': 0.0, 'scalping_bonus': 0.0, 'fund_penalty': -18.0, 'macd_reversal_bonus': 0.0, 'sector_rs_bonus': 0.0, 'confluence_bonus': 0.0, 'short_squeeze_bonus': 0.0, 'ai_momentum_bonus': 0.0}",N/A,,,,,-1.43,0.58,0.62,False,False
047810.KS,KOREA AEROSPACE,"153,100원",153100.0,Industrials,Aerospace & Defense,-0.71,60.6,67.5,0.37561,False,False,False,55.1,Markup,"{'trend': 73.0, 'momentum': 89.2, 'flow': 89.0, 'volatility': 23, 'structure': 80.0, 'momentum_quality': 39.5, 'insider': 50.0}",2.0,,0.0,Tactical Overweight,매수 우위 (강력 매수 - 다중지표 강세 컨플루언스 확인),True,상승,상단,골든크로스 진행,7.1,0.0,상승,-8777924.174106482,0.397,0.563,0.14119,0.06145,-1364682997760.0,"[{'text': '상승 추세', 'cls': 'positive'}, {'text': '📊 VWAP 상회 주의', 'cls': 'neutral'}, {'text': 'Stoch 골든크로스', 'cls': 'positive'}, {'text': 'OBV 상승', 'cls': 'positive'}, {'text': '🚀 매출 고성장', 'cls': 'positive'}]","{'mfc': 68, 'wyckoff': 80, 'stochastic': 65.1285164946367, 'obv': 75, 'bollinger': 0, 'momentum_quality': 39.5, 'regime_score': 50, 'rr_score': 77.2, 'base_tech': np.float64(60.8)}","{'base_tech_score': np.float64(60.8), 'insider_bonus': 0.0, 'deviation_penalty': 0.0, 'blowoff_penalty': 0.0, 'short_excessive_penalty': 0.0, 'weekly_penalty': 0.0, 'resistance_penalty': 0.0, 'rr_penalty': 0.0, 'cmf_confluence_val': 0.0, 'penny_penalty': 0.0, 'penny_non_acc_penalty': 0.0, 'scalping_bonus': 0.0, 'fund_penalty': -10.0, 'macd_reversal_bonus': 0.0, 'sector_rs_bonus': 0.0, 'confluence_bonus': 0.0, 'short_squeeze_bonus': 0.0, 'ai_momentum_bonus': 0.0}",N/A,,,,,-1.04,0.45,0.48,False,False
009540.KS,HDKSOE,"406,500원",406500.0,Industrials,Aerospace & Defense,2.01,60.1,73.0,0.36683998,False,False,False,59.9,Markup,"{'trend': 73.0, 'momentum': 89.7, 'flow': 89.0, 'volatility': 33, 'structure': 80.0, 'momentum_quality': 88.8, 'insider': 50.0}",2.0,,0.0,Tactical Overweight,매수 우위 (강력 매수 - 다중지표 강세 컨플루언스 확인),True,상승,상단,골든크로스 진행,11.3,0.0,상승,-31125.359541721722,0.704,0.202,0.18853001,0.16656,1877340979200.0,"[{'text': '상승 추세', 'cls': 'positive'}, {'text': '⚠️ 장기 매물대(저항선) 충돌 위험', 'cls': 'negative'}, {'text': '📊 VWAP 상회 주의', 'cls': 'neutral'}, {'text': 'Stoch 골든크로스', 'cls': 'positive'}, {'text': 'OBV 상승', 'cls': 'positive'}, {'text': '📈 EPS 반등/턴어라운드', 'cls': 'positive'}]","{'mfc': 73, 'wyckoff': 80, 'stochastic': 55.21413411518562, 'obv': 75, 'bollinger': 0, 'momentum_quality': 88.8, 'regime_score': 50, 'rr_score': 86.0, 'base_tech': np.float64(68.9)}","{'base_tech_score': np.float64(68.9), 'insider_bonus': 0.0, 'deviation_penalty': 0.0, 'blowoff_penalty': 0.0, 'short_excessive_penalty': 0.0, 'weekly_penalty': 0.0, 'resistance_penalty': 15, 'rr_penalty': 0.0, 'cmf_confluence_val': 0.0, 'penny_penalty': 0.0, 'penny_non_acc_penalty': 0.0, 'scalping_bonus': 0.0, 'fund_penalty': -18.0, 'macd_reversal_bonus': 0.0, 'sector_rs_bonus': 0.0, 'confluence_bonus': 0.0, 'short_squeeze_bonus': 0.0, 'ai_momentum_bonus': 0.0}",N/A,,,,,1.63,0.43,0.45,False,False
024110.KS,IBK,"20,300원",20300.0,Financial Services,Banks - Regional,-2.17,58.6,51.7,0.61615,False,False,False,46.7,Accumulation,"{'trend': 15.0, 'momentum': 55.3, 'flow': 65.0, 'volatility': 83, 'structure': 65.0, 'momentum_quality': 21.8, 'insider': 50.0}",2.0,,0.0,Tactical Hold,매도 우위 (하방 경계 - 바닥 탐색 진행 중),True,상승,하단,데드크로스 진행,-1.6,5.0,상승,-8382639.361296525,-0.09,-0.12,0.0,0.51306,,"[{'text': '매집 구간', 'cls': 'positive'}, {'text': '🎯 시그널 컨플루언스 (3)', 'cls': 'positive'}, {'text': 'Stoch 골든크로스', 'cls': 'positive'}, {'text': 'OBV 상승', 'cls': 'positive'}, {'text': 'Squeeze 대기', 'cls': 'neutral'}, {'text': '⚠️ 매출 감소(-12%)', 'cls': 'negative'}]","{'mfc': 52, 'wyckoff': 100, 'stochastic': 67.73144388119512, 'obv': 75, 'bollinger': 100, 'momentum_quality': 21.8, 'regime_score': 50, 'rr_score': 100, 'base_tech': np.float64(64.5)}","{'base_tech_score': np.float64(64.5), 'insider_bonus': 0.0, 'deviation_penalty': 0.0, 'blowoff_penalty': 0.0, 'short_excessive_penalty': 0.0, 'weekly_penalty': 0.0, 'resistance_penalty': 0.0, 'rr_penalty': 0.0, 'cmf_confluence_val': 0.0, 'penny_penalty': 0.0, 'penny_non_acc_penalty': 0.0, 'scalping_bonus': 5.0, 'fund_penalty': 8.0, 'macd_reversal_bonus': 0.0, 'sector_rs_bonus': 0.0, 'confluence_bonus': 8.0, 'short_squeeze_bonus': 0.0, 'ai_momentum_bonus': 0.0}",N/A,,,,,-2.41,0.54,0.57,False,False
035720.KS,Kakao,"39,400원",39400.0,Communication Services,Internet Content & Information,-1.25,58.2,71.5,0.29798,False,False,False,61.0,Markup,"{'trend': 73.0, 'momentum': 78.3, 'flow': 89.0, 'volatility': 53, 'structure': 80.0, 'momentum_quality': 81.0, 'insider': 50.0}",2.0,,0.0,Tactical Overweight,매수 우위 (강력 매수 - 다중지표 강세 컨플루언스 확인),False,상승,상단,골든크로스 진행,7.8,0.0,상승,-59226900.51393542,-0.001,0.111,0.93983,0.10885,3133942005760.0,"[{'text': '상승 추세', 'cls': 'positive'}, {'text': 'OBV 상승', 'cls': 'positive'}]","{'mfc': 72, 'wyckoff': 80, 'stochastic': 49.275414513950864, 'obv': 75, 'bollinger': 0, 'momentum_quality': 81.0, 'regime_score': 50, 'rr_score': 100, 'base_tech': np.float64(66.5)}","{'base_tech_score': np.float64(66.5), 'insider_bonus': 0.0, 'deviation_penalty': 0.0, 'blowoff_penalty': 0.0, 'short_excessive_penalty': 0.0, 'weekly_penalty': 0.0, 'resistance_penalty': 0.0, 'rr_penalty': 0.0, 'cmf_confluence_val': 0.0, 'penny_penalty': 0.0, 'penny_non_acc_penalty': 0.0, 'scalping_bonus': 0.0, 'fund_penalty': -3.0, 'macd_reversal_bonus': 0.0, 'sector_rs_bonus': 0.0, 'confluence_bonus': 0.0, 'short_squeeze_bonus': 0.0, 'ai_momentum_bonus': 0.0}",N/A,,,,,-1.38,0.74,0.79,False,False
005930.KS,SamsungElec,"230,750원",230750.0,Technology,Consumer Electronics,-0.11,56.2,45.1,0.0967,False,False,False,42.7,Distribution,"{'trend': 48.0, 'momentum': 58.4, 'flow': 32.0, 'volatility': 23, 'structure': 30.0, 'momentum_quality': 7.5, 'insider': 50.0}",2.0,,0.0,Underweight,매도 우위 (투매 경고 - 강한 하방 압력),False,상승,하단,혼합,-5.9,0.0,하락,-155325566.15243286,13.551,1.299,0.57488,0.52187,56693408923648.0,"[{'text': '분산 경고', 'cls': 'negative'}, {'text': 'OBV 상승', 'cls': 'positive'}, {'text': '📈 EPS 반등/턴어라운드', 'cls': 'positive'}, {'text': '🚀 매출 고성장', 'cls': 'positive'}]","{'mfc': 45, 'wyckoff': 30, 'stochastic': 38.809189349503455, 'obv': 75, 'bollinger': 100, 'momentum_quality': 7.5, 'regime_score': 50, 'rr_score': 100, 'base_tech': np.float64(44.0)}","{'base_tech_score': np.float64(44.0), 'insider_bonus': 0.0, 'deviation_penalty': 0.0, 'blowoff_penalty': 0.0, 'short_excessive_penalty': 0.0, 'weekly_penalty': 0.0, 'resistance_penalty': 0.0, 'rr_penalty': 0.0, 'cmf_confluence_val': -6, 'penny_penalty': 0.0, 'penny_non_acc_penalty': 0.0, 'scalping_bonus': 0.0, 'fund_penalty': -25.0, 'macd_reversal_bonus': 0.0, 'sector_rs_bonus': 0.0, 'confluence_bonus': 0.0, 'short_squeeze_bonus': 0.0, 'ai_momentum_bonus': 0.0}",N/A,,,,,-0.43,0.42,0.45,False,False
030200.KS,KT,"52,500원",52500.0,Communication Services,Telecom Services,-1.5,56.1,64.7,0.10873,False,False,False,47.2,Accumulation,"{'trend': 60.0, 'momentum': 72.5, 'flow': 60.0, 'volatility': 93, 'structure': 75.0, 'momentum_quality': 58.3, 'insider': 50.0}",2.0,,0.0,Aggressive Buy,매수 우위 (분할 매수 - 바닥 확인 후 모멘텀 턴어라운드),True,상승,하단,골든크로스 진행,-0.1,0.0,상승,-11932528.501712702,-0.348,-0.01,1.0,0.070489995,1286508249088.0,"[{'text': '매집 구간', 'cls': 'positive'}, {'text': '🎯 시그널 컨플루언스 (3)', 'cls': 'positive'}, {'text': 'Stoch 골든크로스', 'cls': 'positive'}, {'text': 'OBV 상승', 'cls': 'positive'}, {'text': 'Squeeze 대기', 'cls': 'neutral'}, {'text': '⚠️ EPS 감소(-35%)', 'cls': 'negative'}]","{'mfc': 65, 'wyckoff': 100, 'stochastic': 52.42039871123346, 'obv': 75, 'bollinger': 100, 'momentum_quality': 58.3, 'regime_score': 50, 'rr_score': 100, 'base_tech': np.float64(72.7)}","{'base_tech_score': np.float64(72.7), 'insider_bonus': 0.0, 'deviation_penalty': 0.0, 'blowoff_penalty': 0.0, 'short_excessive_penalty': 0.0, 'weekly_penalty': 0.0, 'resistance_penalty': 0.0, 'rr_penalty': 0.0, 'cmf_confluence_val': 0.0, 'penny_penalty': 0.0, 'penny_non_acc_penalty': 0.0, 'scalping_bonus': 0.0, 'fund_penalty': 12.0, 'macd_reversal_bonus': 0.0, 'sector_rs_bonus': 0.0, 'confluence_bonus': 8.0, 'short_squeeze_bonus': 0.0, 'ai_momentum_bonus': 0.0}",N/A,,,,,-1.31,0.36,0.38,False,False
015760.KS,KEPCO,"35,700원",35700.0,Utilities,Utilities - Regulated Electric,0.28,53.4,60.2,0.19482,False,False,False,50.9,Accumulation,"{'trend': 60.0, 'momentum': 75.2, 'flow': 40.0, 'volatility': 53, 'structure': 75.0, 'momentum_quality': 66.1, 'insider': 50.0}",2.0,,0.0,Aggressive Buy,매수 우위 (분할 매수 - 바닥 확인 후 모멘텀 턴어라운드),True,상승,상단,골든크로스 진행,3.3,0.0,하락,-79964563.63502683,0.071,0.007,0.16994,0.15615,5256119844864.0,"[{'text': '매집 구간', 'cls': 'positive'}, {'text': '📊 VWAP 상회 주의', 'cls': 'neutral'}, {'text': 'Stoch 골든크로스', 'cls': 'positive'}, {'text': 'OBV 상승', 'cls': 'positive'}]","{'mfc': 60, 'wyckoff': 100, 'stochastic': 52.43720732226478, 'obv': 75, 'bollinger': 0, 'momentum_quality': 66.1, 'regime_score': 50, 'rr_score': 100, 'base_tech': np.float64(64.3)}","{'base_tech_score': np.float64(64.3), 'insider_bonus': 0.0, 'deviation_penalty': 0.0, 'blowoff_penalty': 0.0, 'short_excessive_penalty': 0.0, 'weekly_penalty': 0.0, 'resistance_penalty': 0.0, 'rr_penalty': 0.0, 'cmf_confluence_val': 0.0, 'penny_penalty': 0.0, 'penny_non_acc_penalty': 0.0, 'scalping_bonus': 0.0, 'fund_penalty': 0.0, 'macd_reversal_bonus': 0.0, 'sector_rs_bonus': 0.0, 'confluence_bonus': 0.0, 'short_squeeze_bonus': 0.0, 'ai_momentum_bonus': 0.0}",N/A,,,,,0.14,0.32,0.34,False,False
032830.KS,SAMSUNG LIFE,"279,500원",279500.0,Financial Services,Insurance - Life,1.45,53.1,46.9,0.4984,False,False,False,41.0,Distribution,"{'trend': 48.0, 'momentum': 57.3, 'flow': 44.0, 'volatility': 43, 'structure': 30.0, 'momentum_quality': 7.5, 'insider': 50.0}",2.0,,0.0,Underweight,매도 우위 (투매 경고 - 강한 하방 압력),False,하락,하단,혼합,-7.4,0.0,상승,2241779.9477584516,0.895,0.593,0.6019,0.03263,-46419025068032.0,"[{'text': '분산 경고', 'cls': 'negative'}, {'text': '📈 EPS 반등/턴어라운드', 'cls': 'positive'}, {'text': '🚀 매출 고성장', 'cls': 'positive'}]","{'mfc': 47, 'wyckoff': 30, 'stochastic': 41.35341421792084, 'obv': 25, 'bollinger': 100, 'momentum_quality': 7.5, 'regime_score': 50, 'rr_score': 100, 'base_tech': np.float64(38.9)}","{'base_tech_score': np.float64(38.9), 'insider_bonus': 0.0, 'deviation_penalty': 0.0, 'blowoff_penalty': 0.0, 'short_excessive_penalty': 0.0, 'weekly_penalty': 0.0, 'resistance_penalty': 0.0, 'rr_penalty': 0.0, 'cmf_confluence_val': 0.0, 'penny_penalty': 0.0, 'penny_non_acc_penalty': 0.0, 'scalping_bonus': 0.0, 'fund_penalty': -20.0, 'macd_reversal_bonus': 0.0, 'sector_rs_bonus': 0.0, 'confluence_bonus': 0.0, 'short_squeeze_bonus': 0.0, 'ai_momentum_bonus': 0.0}",N/A,,,,,1.45,0.37,0.39,False,False
010140.KS,SamsungHvyInd,"22,450원",22450.0,Industrials,Aerospace & Defense,1.81,52.9,65.8,0.18098,False,False,False,50.3,Markup,"{'trend': 60.0, 'momentum': 71.6, 'flow': 89.0, 'volatility': 43, 'structure': 80.0, 'momentum_quality': 45.7, 'insider': 50.0}",2.0,,0.0,Core Holding,매수 우위 (안정적 상승 추세 안착),True,상승,상단,골든크로스 진행,3.5,0.0,상승,-54283586.89676877,0.103,0.164,0.13879,0.094110005,2920756019200.0,"[{'text': '상승 추세', 'cls': 'positive'}, {'text': '📊 VWAP 상회 주의', 'cls': 'neutral'}, {'text': 'Stoch 골든크로스', 'cls': 'positive'}, {'text': 'OBV 상승', 'cls': 'positive'}]","{'mfc': 66, 'wyckoff': 80, 'stochastic': 54.6210720887246, 'obv': 75, 'bollinger': 0, 'momentum_quality': 45.7, 'regime_score': 50, 'rr_score': 100, 'base_tech': np.float64(59.8)}","{'base_tech_score': np.float64(59.8), 'insider_bonus': 0.0, 'deviation_penalty': 0.0, 'blowoff_penalty': 0.0, 'short_excessive_penalty': 0.0, 'weekly_penalty': 0.0, 'resistance_penalty': 0.0, 'rr_penalty': 0.0, 'cmf_confluence_val': 0.0, 'penny_penalty': 0.0, 'penny_non_acc_penalty': 0.0, 'scalping_bonus': 0.0, 'fund_penalty': -3.0, 'macd_reversal_bonus': 0.0, 'sector_rs_bonus': 0.0, 'confluence_bonus': 0.0, 'short_squeeze_bonus': 0.0, 'ai_momentum_bonus': 0.0}",N/A,,,,,1.81,0.42,0.44,False,False
402340.KS,SKSQUARE,"947,000원",947000.0,Technology,Semiconductors,0.85,52.7,39.0,0.32224998,False,False,False,40.8,Distribution,"{'trend': 40.0, 'momentum': 32.5, 'flow': 32.0, 'volatility': 23, 'structure': 30.0, 'momentum_quality': 0, 'insider': 50.0}",2.0,,0.0,Underweight,매도 우위 (투매 경고 - 강한 하방 압력),False,상승,하단,혼합,-12.7,0.0,하락,296041.0262731799,4.186,3.188,0.98293,0.96123004,9921294761984.0,"[{'text': '분산 경고', 'cls': 'negative'}, {'text': 'OBV 상승', 'cls': 'positive'}, {'text': '📈 EPS 반등/턴어라운드', 'cls': 'positive'}, {'text': '🚀 매출 고성장', 'cls': 'positive'}]","{'mfc': 39, 'wyckoff': 30, 'stochastic': 30.30817879982644, 'obv': 75, 'bollinger': 100, 'momentum_quality': 0, 'regime_score': 50, 'rr_score': 100, 'base_tech': np.float64(39.7)}","{'base_tech_score': np.float64(39.7), 'insider_bonus': 0.0, 'deviation_penalty': 0.0, 'blowoff_penalty': 0.0, 'short_excessive_penalty': 0.0, 'weekly_penalty': 0.0, 'resistance_penalty': 0.0, 'rr_penalty': 0.0, 'cmf_confluence_val': -6, 'penny_penalty': 0.0, 'penny_non_acc_penalty': 0.0, 'scalping_bonus': 0.0, 'fund_penalty': -25.0, 'macd_reversal_bonus': 0.0, 'sector_rs_bonus': 0.0, 'confluence_bonus': 0.0, 'short_squeeze_bonus': 0.0, 'ai_momentum_bonus': 0.0}",N/A,,,,,0.64,0.32,0.34,False,False
012330.KS,Mobis,"504,000원",504000.0,Consumer Cyclical,Auto Parts,1.51,50.0,63.1,0.34228,False,False,False,52.2,Accumulation,"{'trend': 60.0, 'momentum': 72.5, 'flow': 77.0, 'volatility': 43, 'structure': 75.0, 'momentum_quality': 28.7, 'insider': 50.0}",2.0,,0.0,Aggressive Buy,매수 우위 (분할 매수 - 바닥 확인 후 모멘텀 턴어라운드),True,상승,상단,골든크로스 진행,4.7,0.0,상승,-2015602.7291805206,-0.145,0.055,0.14399,0.05158,1503803867136.0,"[{'text': '매집 구간', 'cls': 'positive'}, {'text': '📊 VWAP 상회 주의', 'cls': 'neutral'}, {'text': 'Stoch 골든크로스', 'cls': 'positive'}, {'text': 'OBV 상승', 'cls': 'positive'}]","{'mfc': 63, 'wyckoff': 100, 'stochastic': 54.94596577085545, 'obv': 75, 'bollinger': 0, 'momentum_quality': 28.7, 'regime_score': 50, 'rr_score': 100, 'base_tech': np.float64(60.0)}","{'base_tech_score': np.float64(60.0), 'insider_bonus': 0.0, 'deviation_penalty': 0.0, 'blowoff_penalty': 0.0, 'short_excessive_penalty': 0.0, 'weekly_penalty': 0.0, 'resistance_penalty': 0.0, 'rr_penalty': 0.0, 'cmf_confluence_val': 0.0, 'penny_penalty': 0.0, 'penny_non_acc_penalty': 0.0, 'scalping_bonus': 0.0, 'fund_penalty': 0.0, 'macd_reversal_bonus': 0.0, 'sector_rs_bonus': 0.0, 'confluence_bonus': 0.0, 'short_squeeze_bonus': 0.0, 'ai_momentum_bonus': 0.0}",N/A,,,,,1.11,0.25,0.27,False,False
005935.KS,SamsungElec(1P),"172,400원",172400.0,Technology,Consumer Electronics,1.35,48.5,40.0,0.00077,False,False,False,46.5,Markdown,"{'trend': 40.0, 'momentum': 61.4, 'flow': 0, 'volatility': 43, 'structure': 15.0, 'momentum_quality': 21.8, 'insider': 50.0}",2.0,,0.0,Avoid / Sell-off,매도 우위 (전면 회피 - 다중지표 약세 컨플루언스 확인),False,하락,하단,혼합,-1.8,0.0,하락,10998600.375989983,13.551,1.299,0.57488,0.52187,56693408923648.0,"[{'text': '하락 추세', 'cls': 'negative'}, {'text': '📈 EPS 반등/턴어라운드', 'cls': 'positive'}, {'text': '🚀 매출 고성장', 'cls': 'positive'}]","{'mfc': 40, 'wyckoff': 10, 'stochastic': 36.36990429733359, 'obv': 25, 'bollinger': 100, 'momentum_quality': 21.8, 'regime_score': 50, 'rr_score': 100, 'base_tech': np.float64(34.4)}","{'base_tech_score': np.float64(34.4), 'insider_bonus': 0.0, 'deviation_penalty': 0.0, 'blowoff_penalty': 0.0, 'short_excessive_penalty': 0.0, 'weekly_penalty': 0.0, 'resistance_penalty': 0.0, 'rr_penalty': 0.0, 'cmf_confluence_val': -6, 'penny_penalty': 0.0, 'penny_non_acc_penalty': 0.0, 'scalping_bonus': 0.0, 'fund_penalty': -25.0, 'macd_reversal_bonus': 0.0, 'sector_rs_bonus': 0.0, 'confluence_bonus': 0.0, 'short_squeeze_bonus': 0.0, 'ai_momentum_bonus': 0.0}",N/A,,,,,1.47,0.33,0.35,False,False
064350.KS,HYUNDAI ROTEM,"149,800원",149800.0,Industrials,Railroads,1.97,45.3,42.4,0.33769,False,False,False,47.6,Accumulation,"{'trend': 5, 'momentum': 48.6, 'flow': 60.0, 'volatility': 23, 'structure': 65.0, 'momentum_quality': 12.8, 'insider': 50.0}",2.0,,0.0,Tactical Hold,"중립 대기 (방향성 탐색 중, 뚜렷한 주도력 부재)",True,상승,상단,역배열,2.2,0.0,상승,-13554985.51292151,-0.023,0.133,0.19083,0.14471,,"[{'text': '매집 구간', 'cls': 'positive'}, {'text': '📊 VWAP 상회 주의', 'cls': 'neutral'}, {'text': 'Stoch 골든크로스', 'cls': 'positive'}, {'text': 'OBV 상승', 'cls': 'positive'}]","{'mfc': 42, 'wyckoff': 100, 'stochastic': 55.276283517797125, 'obv': 75, 'bollinger': 0, 'momentum_quality': 12.8, 'regime_score': 50, 'rr_score': 100, 'base_tech': np.float64(50.4)}","{'base_tech_score': np.float64(50.4), 'insider_bonus': 0.0, 'deviation_penalty': 0.0, 'blowoff_penalty': 0.0, 'short_excessive_penalty': 0.0, 'weekly_penalty': 0.0, 'resistance_penalty': 0.0, 'rr_penalty': 0.0, 'cmf_confluence_val': 0.0, 'penny_penalty': 0.0, 'penny_non_acc_penalty': 0.0, 'scalping_bonus': 0.0, 'fund_penalty': -3.0, 'macd_reversal_bonus': 0.0, 'sector_rs_bonus': 0.0, 'confluence_bonus': 0.0, 'short_squeeze_bonus': 0.0, 'ai_momentum_bonus': 0.0}",N/A,,,,,1.91,0.37,0.39,False,False
086280.KS,HYUNDAIGLOVIS,"201,500원",201500.0,Industrials,Integrated Freight & Logistics,-2.89,45.0,61.3,0.50361,False,False,False,51.9,Accumulation,"{'trend': 60.0, 'momentum': 67.5, 'flow': 65.0, 'volatility': 53, 'structure': 75.0, 'momentum_quality': 29.3, 'insider': 50.0}",2.0,,0.0,Tactical Hold,"중립 대기 (방향성 탐색 중, 뚜렷한 주도력 부재)",False,상승,상단,골든크로스 진행,2.6,5.0,상승,-3752214.922156017,-0.265,0.158,0.087349996,0.05686,,"[{'text': '매집 구간', 'cls': 'positive'}, {'text': '📊 VWAP 상회 주의', 'cls': 'neutral'}, {'text': 'OBV 상승', 'cls': 'positive'}, {'text': '⚠️ EPS 감소(-26%)', 'cls': 'negative'}]","{'mfc': 61, 'wyckoff': 100, 'stochastic': 49.15625409816972, 'obv': 75, 'bollinger': 0, 'momentum_quality': 29.3, 'regime_score': 50, 'rr_score': 100, 'base_tech': np.float64(58.7)}","{'base_tech_score': np.float64(58.7), 'insider_bonus': 0.0, 'deviation_penalty': 0.0, 'blowoff_penalty': 0.0, 'short_excessive_penalty': 0.0, 'weekly_penalty': 0.0, 'resistance_penalty': 0.0, 'rr_penalty': 0.0, 'cmf_confluence_val': 0.0, 'penny_penalty': 0.0, 'penny_non_acc_penalty': 0.0, 'scalping_bonus': 5.0, 'fund_penalty': 9.0, 'macd_reversal_bonus': 0.0, 'sector_rs_bonus': 0.0, 'confluence_bonus': 0.0, 'short_squeeze_bonus': 0.0, 'ai_momentum_bonus': 0.0}",N/A,,,,,-3.13,0.51,0.54,False,False
267260.KS,HD HYUNDAI ELECTRIC,"756,000원",756000.0,Industrials,Electrical Equipment & Parts,-0.79,44.7,62.4,0.37146,False,False,False,46.3,Markup,"{'trend': 73.0, 'momentum': 74.0, 'flow': 77.0, 'volatility': 23, 'structure': 80.0, 'momentum_quality': 13.5, 'insider': 50.0}",2.0,,0.0,Core Holding,매수 우위 (안정적 상승 추세 안착),True,상승,상단,골든크로스 진행,0.8,0.0,상승,-1949063.975773631,,,0.0,0.25136,,"[{'text': '상승 추세', 'cls': 'positive'}, {'text': '📊 VWAP 상회 주의', 'cls': 'neutral'}, {'text': 'Stoch 골든크로스', 'cls': 'positive'}, {'text': 'OBV 상승', 'cls': 'positive'}]","{'mfc': 62, 'wyckoff': 80, 'stochastic': 51.17135207496652, 'obv': 75, 'bollinger': 0, 'momentum_quality': 13.5, 'regime_score': 50, 'rr_score': 100, 'base_tech': np.float64(53.4)}","{'base_tech_score': np.float64(53.4), 'insider_bonus': 0.0, 'deviation_penalty': 0.0, 'blowoff_penalty': 0.0, 'short_excessive_penalty': 0.0, 'weekly_penalty': 0.0, 'resistance_penalty': 0.0, 'rr_penalty': 0.0, 'cmf_confluence_val': 0.0, 'penny_penalty': 0.0, 'penny_non_acc_penalty': 0.0, 'scalping_bonus': 0.0, 'fund_penalty': 0.0, 'macd_reversal_bonus': 0.0, 'sector_rs_bonus': 0.0, 'confluence_bonus': 0.0, 'short_squeeze_bonus': 0.0, 'ai_momentum_bonus': 0.0}",N/A,,,,,-1.44,0.47,0.5,False,False
000660.KS,SK hynix,"1,418,000원",1418000.0,Technology,Semiconductors,-0.28,43.9,35.6,0.20211,False,False,False,38.9,Markdown,"{'trend': 48.0, 'momentum': 30.5, 'flow': 0, 'volatility': 23, 'structure': 30.0, 'momentum_quality': 0, 'insider': 50.0}",2.0,,0.0,Avoid / Sell-off,매도 우위 (전면 회피 - 다중지표 약세 컨플루언스 확인),False,하락,하단,혼합,-16.0,0.0,하락,-52836907.72100713,12.425,2.568,0.70197,0.76328003,,"[{'text': '하락 추세', 'cls': 'negative'}, {'text': 'RSI 상승 다이버전스', 'cls': 'positive'}, {'text': '📈 EPS 반등/턴어라운드', 'cls': 'positive'}, {'text': '🚀 매출 고성장', 'cls': 'positive'}]","{'mfc': 36, 'wyckoff': 10, 'stochastic': 28.21795479690217, 'obv': 25, 'bollinger': 100, 'momentum_quality': 0, 'regime_score': 50, 'rr_score': 100, 'base_tech': np.float64(28.6)}","{'base_tech_score': np.float64(28.6), 'insider_bonus': 0.0, 'deviation_penalty': 0.0, 'blowoff_penalty': 0.0, 'short_excessive_penalty': 0.0, 'weekly_penalty': 0.0, 'resistance_penalty': 0.0, 'rr_penalty': 0.0, 'cmf_confluence_val': -6, 'penny_penalty': 0.0, 'penny_non_acc_penalty': 0.0, 'scalping_bonus': 0.0, 'fund_penalty': -25.0, 'macd_reversal_bonus': 0.0, 'sector_rs_bonus': 0.0, 'confluence_bonus': 0.0, 'short_squeeze_bonus': 0.0, 'ai_momentum_bonus': 0.0}",N/A,,,,,-0.77,0.44,0.47,False,False
034730.KS,SK,"510,000원",510000.0,Industrials,Conglomerates,0.39,43.6,35.4,0.25402,False,False,False,42.3,Markdown,"{'trend': 40.0, 'momentum': 34.8, 'flow': 20.0, 'volatility': 23, 'structure': 15.0, 'momentum_quality': 0, 'insider': 50.0}",2.0,,0.0,Avoid / Sell-off,매도 우위 (전면 회피 - 다중지표 약세 컨플루언스 확인),False,하락,하단,혼합,-9.1,0.0,상승,-1595530.0182070693,0.439,0.189,0.10099,0.097799994,4269739343872.0,"[{'text': '하락 추세', 'cls': 'negative'}, {'text': '📈 EPS 반등/턴어라운드', 'cls': 'positive'}]","{'mfc': 35, 'wyckoff': 10, 'stochastic': 35.79970104633781, 'obv': 25, 'bollinger': 100, 'momentum_quality': 0, 'regime_score': 50, 'rr_score': 100, 'base_tech': np.float64(29.5)}","{'base_tech_score': np.float64(29.5), 'insider_bonus': 0.0, 'deviation_penalty': 0.0, 'blowoff_penalty': 0.0, 'short_excessive_penalty': 0.0, 'weekly_penalty': 0.0, 'resistance_penalty': 0.0, 'rr_penalty': 0.0, 'cmf_confluence_val': 0.0, 'penny_penalty': 0.0, 'penny_non_acc_penalty': 0.0, 'scalping_bonus': 0.0, 'fund_penalty': -18.0, 'macd_reversal_bonus': 0.0, 'sector_rs_bonus': 0.0, 'confluence_bonus': 0.0, 'short_squeeze_bonus': 0.0, 'ai_momentum_bonus': 0.0}",N/A,,,,,0.2,0.29,0.3,False,False
010950.KS,S-Oil,"139,200원",139200.0,Energy,Oil & Gas Refining & Marketing,1.16,43.4,58.1,0.63437,False,False,False,58.0,Markup,"{'trend': 40.0, 'momentum': 68.3, 'flow': 72.0, 'volatility': 43, 'structure': 80.0, 'momentum_quality': 28.1, 'insider': 50.0}",2.0,,0.0,Tactical Overweight,매수 우위 (강력 매수 - 다중지표 강세 컨플루언스 확인),True,상승,상단,데드크로스 진행,2.8,0.0,상승,2116175.9118720973,,0.409,1.0,0.08507,,"[{'text': '상승 추세', 'cls': 'positive'}, {'text': '⚠️ 장기 매물대(저항선) 충돌 위험', 'cls': 'negative'}, {'text': '📊 VWAP 상회 주의', 'cls': 'neutral'}, {'text': 'Stoch 골든크로스', 'cls': 'positive'}, {'text': 'OBV 상승', 'cls': 'positive'}, {'text': '🚀 매출 고성장', 'cls': 'positive'}]","{'mfc': 58, 'wyckoff': 80, 'stochastic': 84.0258958145137, 'obv': 75, 'bollinger': 0, 'momentum_quality': 28.1, 'regime_score': 50, 'rr_score': 82.6, 'base_tech': np.float64(58.0)}","{'base_tech_score': np.float64(58.0), 'insider_bonus': 0.0, 'deviation_penalty': 0.0, 'blowoff_penalty': 0.0, 'short_excessive_penalty': 0.0, 'weekly_penalty': 0.0, 'resistance_penalty': 15, 'rr_penalty': 0.0, 'cmf_confluence_val': 0.0, 'penny_penalty': 0.0, 'penny_non_acc_penalty': 0.0, 'scalping_bonus': 0.0, 'fund_penalty': -10.0, 'macd_reversal_bonus': 0.0, 'sector_rs_bonus': 0.0, 'confluence_bonus': 0.0, 'short_squeeze_bonus': 0.0, 'ai_momentum_bonus': 0.0}",N/A,,,,,0.58,0.41,0.43,False,False
011070.KS,LG Innotek,"551,000원",551000.0,Technology,Electronic Components,-0.18,42.9,38.3,0.40798,False,False,False,40.5,Distribution,"{'trend': 48.0, 'momentum': 57.1, 'flow': 0, 'volatility': 23, 'structure': 30.0, 'momentum_quality': 7.5, 'insider': 50.0}",2.0,,0.0,Underweight,매도 우위 (투매 경고 - 강한 하방 압력),False,하락,하단,혼합,-5.5,0.0,하락,1625605.0280646472,1.677,0.111,0.086219996,0.05336,277577465856.0,"[{'text': '분산 경고', 'cls': 'negative'}, {'text': '📈 EPS 반등/턴어라운드', 'cls': 'positive'}]","{'mfc': 38, 'wyckoff': 30, 'stochastic': 42.80929866036247, 'obv': 25, 'bollinger': 100, 'momentum_quality': 7.5, 'regime_score': 50, 'rr_score': 100, 'base_tech': np.float64(36.1)}","{'base_tech_score': np.float64(36.1), 'insider_bonus': 0.0, 'deviation_penalty': 0.0, 'blowoff_penalty': 0.0, 'short_excessive_penalty': 0.0, 'weekly_penalty': 0.0, 'resistance_penalty': 0.0, 'rr_penalty': 0.0, 'cmf_confluence_val': -6, 'penny_penalty': 0.0, 'penny_non_acc_penalty': 0.0, 'scalping_bonus': 0.0, 'fund_penalty': -18.0, 'macd_reversal_bonus': 0.0, 'sector_rs_bonus': 0.0, 'confluence_bonus': 0.0, 'short_squeeze_bonus': 0.0, 'ai_momentum_bonus': 0.0}",N/A,,,,,-0.36,0.33,0.35,False,False
051910.KS,LGCHEM,"279,500원",279500.0,Basic Materials,Chemicals,1.27,42.4,64.7,0.34978,False,False,False,54.9,Markup,"{'trend': 60.0, 'momentum': 89.1, 'flow': 72.0, 'volatility': 23, 'structure': 80.0, 'momentum_quality': 76.2, 'insider': 50.0}",2.0,,0.0,Core Holding,매수 우위 (안정적 상승 추세 안착),True,상승,상단 돌파,골든크로스 진행,8.8,0.0,상승,-379429.73148050957,,-0.026,0.16769,-0.0040599997,-5942740516864.0,"[{'text': '상승 추세', 'cls': 'positive'}, {'text': '📊 VWAP 상회 주의', 'cls': 'neutral'}, {'text': 'Stoch 골든크로스', 'cls': 'positive'}, {'text': 'OBV 상승', 'cls': 'positive'}]","{'mfc': 65, 'wyckoff': 80, 'stochastic': 77.6876181540685, 'obv': 75, 'bollinger': 0, 'momentum_quality': 76.2, 'regime_score': 50, 'rr_score': 100, 'base_tech': np.float64(66.8)}","{'base_tech_score': np.float64(66.8), 'insider_bonus': 0.0, 'deviation_penalty': 0.0, 'blowoff_penalty': 0.0, 'short_excessive_penalty': 0.0, 'weekly_penalty': 0.0, 'resistance_penalty': 0.0, 'rr_penalty': 0.0, 'cmf_confluence_val': 0.0, 'penny_penalty': 0.0, 'penny_non_acc_penalty': 0.0, 'scalping_bonus': 0.0, 'fund_penalty': 13.0, 'macd_reversal_bonus': 0.0, 'sector_rs_bonus': 0.0, 'confluence_bonus': 0.0, 'short_squeeze_bonus': 0.0, 'ai_momentum_bonus': 0.0}",N/A,,,,,1.27,0.29,0.31,False,False
000270.KS,KIA CORP.,"135,500원",135500.0,Consumer Cyclical,Auto Manufacturers,0.44,41.8,52.8,0.39367,False,False,False,47.7,Accumulation,"{'trend': 5, 'momentum': 70.0, 'flow': 84.0, 'volatility': 53, 'structure': 65.0, 'momentum_quality': 28.7, 'insider': 50.0}",2.0,,0.0,Tactical Hold,"중립 대기 (방향성 탐색 중, 뚜렷한 주도력 부재)",True,상승,하단,역배열,-0.0,0.0,상승,-7680118.393877288,-0.235,0.053,0.19143999,0.07474,1578949804032.0,"[{'text': '매집 구간', 'cls': 'positive'}, {'text': '📊 VWAP 상회 주의', 'cls': 'neutral'}, {'text': 'Stoch 골든크로스', 'cls': 'positive'}, {'text': 'OBV 상승', 'cls': 'positive'}, {'text': '⚠️ EPS 감소(-24%)', 'cls': 'negative'}]","{'mfc': 53, 'wyckoff': 100, 'stochastic': 58.261321392951544, 'obv': 75, 'bollinger': 100, 'momentum_quality': 28.7, 'regime_score': 50, 'rr_score': 100, 'base_tech': np.float64(64.8)}","{'base_tech_score': np.float64(64.8), 'insider_bonus': 0.0, 'deviation_penalty': 0.0, 'blowoff_penalty': 0.0, 'short_excessive_penalty': 0.0, 'weekly_penalty': 0.0, 'resistance_penalty': 0.0, 'rr_penalty': 0.0, 'cmf_confluence_val': 0.0, 'penny_penalty': 0.0, 'penny_non_acc_penalty': 0.0, 'scalping_bonus': 0.0, 'fund_penalty': 12.0, 'macd_reversal_bonus': 0.0, 'sector_rs_bonus': 0.0, 'confluence_bonus': 0.0, 'short_squeeze_bonus': 0.0, 'ai_momentum_bonus': 0.0}",N/A,,,,,0.33,0.29,0.31,False,False
373220.KS,LG Energy Solution,"367,500원",367500.0,Industrials,Electrical Equipment & Parts,2.08,41.7,65.2,0.79714996,False,False,False,58.3,Markup,"{'trend': 60.0, 'momentum': 98.7, 'flow': 77.0, 'volatility': 33, 'structure': 80.0, 'momentum_quality': 73.4, 'insider': 50.0}",2.0,,0.0,Tactical Overweight,매수 우위 (강력 매수 - 다중지표 강세 컨플루언스 확인),True,상승,상단 돌파,골든크로스 진행,11.4,0.0,상승,-1482387.7460874445,,-0.025,0.17038,-0.031689998,-8243463585792.0,"[{'text': '상승 추세', 'cls': 'positive'}, {'text': '📊 VWAP 상회 주의', 'cls': 'neutral'}, {'text': 'Stoch 골든크로스', 'cls': 'positive'}, {'text': 'OBV 상승', 'cls': 'positive'}]","{'mfc': 65, 'wyckoff': 80, 'stochastic': 72.06824887908446, 'obv': 75, 'bollinger': 0, 'momentum_quality': 73.4, 'regime_score': 50, 'rr_score': 100, 'base_tech': np.float64(65.9)}","{'base_tech_score': np.float64(65.9), 'insider_bonus': 0.0, 'deviation_penalty': 0.0, 'blowoff_penalty': 0.0, 'short_excessive_penalty': 0.0, 'weekly_penalty': 0.0, 'resistance_penalty': 0.0, 'rr_penalty': 0.0, 'cmf_confluence_val': 0.0, 'penny_penalty': 0.0, 'penny_non_acc_penalty': 0.0, 'scalping_bonus': 0.0, 'fund_penalty': 13.0, 'macd_reversal_bonus': 0.0, 'sector_rs_bonus': 0.0, 'confluence_bonus': 0.0, 'short_squeeze_bonus': 0.0, 'ai_momentum_bonus': 0.0}",N/A,,,,,1.67,0.38,0.4,False,False
196170.KQ,Alteogen,"344,500원",344500.0,Healthcare,Biotechnology,12.95,40.2,73.4,0.25696,False,False,False,74.0,Markup,"{'trend': 85.0, 'momentum': 94.0, 'flow': 100, 'volatility': 3, 'structure': 80.0, 'momentum_quality': 98.2, 'insider': 50.0}",2.0,,0.0,Core Holding,매수 우위 (안정적 상승 추세 안착),True,상승,상단 돌파,골든크로스 진행,42.0,10.0,상승,-8481255.248075187,-0.138,-0.145,0.76561,0.5489,128354852864.0,"[{'text': '상승 추세', 'cls': 'positive'}, {'text': '⚠️ 이격도 과다', 'cls': 'negative'}, {'text': 'Stoch 골든크로스', 'cls': 'positive'}, {'text': 'OBV 상승', 'cls': 'positive'}, {'text': '⚠️ 매출 감소(-14%)', 'cls': 'negative'}]","{'mfc': 73, 'wyckoff': 80, 'stochastic': 53.76856360170468, 'obv': 75, 'bollinger': 0, 'momentum_quality': 98.2, 'regime_score': 50, 'rr_score': 59.9, 'base_tech': np.float64(70.3)}","{'base_tech_score': np.float64(70.3), 'insider_bonus': 0.0, 'deviation_penalty': 20, 'blowoff_penalty': 0.0, 'short_excessive_penalty': 0.0, 'weekly_penalty': 0.0, 'resistance_penalty': 0.0, 'rr_penalty': 0.0, 'cmf_confluence_val': 0.0, 'penny_penalty': 0.0, 'penny_non_acc_penalty': 0.0, 'scalping_bonus': 10.0, 'fund_penalty': 8.0, 'macd_reversal_bonus': 0.0, 'sector_rs_bonus': 0.0, 'confluence_bonus': 0.0, 'short_squeeze_bonus': 0.0, 'ai_momentum_bonus': 0.0}",N/A,,,,,12.46,1.35,1.43,False,False
009150.KS,SamsungElecMech,"1,268,000원",1268000.0,Technology,Electronic Components,-0.78,38.1,54.3,0.23702,False,False,False,46.5,Accumulation,"{'trend': 73.0, 'momentum': 63.0, 'flow': 37.0, 'volatility': 23, 'structure': 75.0, 'momentum_quality': 7.5, 'insider': 50.0}",2.0,,0.0,Aggressive Buy,매수 우위 (분할 매수 - 바닥 확인 후 모멘텀 턴어라운드),False,상승,상단,골든크로스 진행,1.7,0.0,하락,10532749.932894919,,,0.21327,0.08744001,,"[{'text': '매집 구간', 'cls': 'positive'}, {'text': '📊 VWAP 상회 주의', 'cls': 'neutral'}, {'text': 'OBV 상승', 'cls': 'positive'}]","{'mfc': 54, 'wyckoff': 100, 'stochastic': 46.24502352515378, 'obv': 75, 'bollinger': 0, 'momentum_quality': 7.5, 'regime_score': 50, 'rr_score': 100, 'base_tech': np.float64(52.7)}","{'base_tech_score': np.float64(52.7), 'insider_bonus': 0.0, 'deviation_penalty': 0.0, 'blowoff_penalty': 0.0, 'short_excessive_penalty': 0.0, 'weekly_penalty': 0.0, 'resistance_penalty': 0.0, 'rr_penalty': 0.0, 'cmf_confluence_val': -6, 'penny_penalty': 0.0, 'penny_non_acc_penalty': 0.0, 'scalping_bonus': 0.0, 'fund_penalty': 0.0, 'macd_reversal_bonus': 0.0, 'sector_rs_bonus': 0.0, 'confluence_bonus': 0.0, 'short_squeeze_bonus': 0.0, 'ai_momentum_bonus': 0.0}",N/A,,,,,-0.94,0.46,0.49,False,False
035420.KS,NAVER,"209,000원",209000.0,Communication Services,Internet Content & Information,-0.48,35.8,54.8,0.00154,False,False,False,50.0,Accumulation,"{'trend': 60.0, 'momentum': 60.6, 'flow': 40.0, 'volatility': 43, 'structure': 75.0, 'momentum_quality': 40.0, 'insider': 50.0}",2.0,,0.0,Tactical Hold,매도 우위 (하방 경계 - 바닥 탐색 진행 중),False,상승,상단,골든크로스 진행,1.9,0.0,하락,-24579019.607514516,-0.328,0.163,1.0,0.16715,1456902111232.0,"[{'text': '매집 구간', 'cls': 'positive'}, {'text': 'OBV 상승', 'cls': 'positive'}, {'text': '⚠️ EPS 감소(-33%)', 'cls': 'negative'}]","{'mfc': 55, 'wyckoff': 100, 'stochastic': 11.296342556899113, 'obv': 75, 'bollinger': 0, 'momentum_quality': 40.0, 'regime_score': 50, 'rr_score': 100, 'base_tech': np.float64(53.5)}","{'base_tech_score': np.float64(53.5), 'insider_bonus': 0.0, 'deviation_penalty': 0.0, 'blowoff_penalty': 0.0, 'short_excessive_penalty': 0.0, 'weekly_penalty': 0.0, 'resistance_penalty': 0.0, 'rr_penalty': 0.0, 'cmf_confluence_val': 0.0, 'penny_penalty': 0.0, 'penny_non_acc_penalty': 0.0, 'scalping_bonus': 0.0, 'fund_penalty': 9.0, 'macd_reversal_bonus': 0.0, 'sector_rs_bonus': 0.0, 'confluence_bonus': 0.0, 'short_squeeze_bonus': 0.0, 'ai_momentum_bonus': 0.0}",N/A,,,,,-0.48,0.3,0.32,False,False
003670.KS,POSCO FUTURE M,"164,800원",164800.0,Industrials,Electrical Equipment & Parts,5.78,35.1,69.1,0.63187003,False,False,False,57.2,Markup,"{'trend': 73.0, 'momentum': 98.1, 'flow': 87.0, 'volatility': 23, 'structure': 80.0, 'momentum_quality': 100, 'insider': 50.0}",2.0,,0.0,Tactical Overweight,매수 우위 (강력 매수 - 다중지표 강세 컨플루언스 확인),True,상승,상단 돌파,골든크로스 진행,15.0,10.0,상승,-3186665.068835912,-0.946,-0.104,0.088290006,0.02337,-1490102517760.0,"[{'text': '상승 추세', 'cls': 'positive'}, {'text': 'Stoch 골든크로스', 'cls': 'positive'}, {'text': 'OBV 상승', 'cls': 'positive'}, {'text': '🚨 EPS 급락(-95%)', 'cls': 'negative'}, {'text': '⚠️ 매출 감소(-10%)', 'cls': 'negative'}]","{'mfc': 69, 'wyckoff': 80, 'stochastic': 62.72682338740729, 'obv': 75, 'bollinger': 0, 'momentum_quality': 100, 'regime_score': 50, 'rr_score': 100, 'base_tech': np.float64(70.1)}","{'base_tech_score': np.float64(70.1), 'insider_bonus': 0.0, 'deviation_penalty': 0.0, 'blowoff_penalty': 0.0, 'short_excessive_penalty': 0.0, 'weekly_penalty': 0.0, 'resistance_penalty': 0.0, 'rr_penalty': 0.0, 'cmf_confluence_val': 0.0, 'penny_penalty': 0.0, 'penny_non_acc_penalty': 0.0, 'scalping_bonus': 10.0, 'fund_penalty': 33.0, 'macd_reversal_bonus': 0.0, 'sector_rs_bonus': 0.0, 'confluence_bonus': 0.0, 'short_squeeze_bonus': 0.0, 'ai_momentum_bonus': 0.0}",N/A,,,,,5.39,1.36,1.44,False,False
003550.KS,LG Corp.,"107,500원",107500.0,Technology,Consumer Electronics,-0.56,33.5,66.8,0.43388,False,False,False,57.4,Markup,"{'trend': 60.0, 'momentum': 81.4, 'flow': 84.0, 'volatility': 33, 'structure': 80.0, 'momentum_quality': 73.9, 'insider': 50.0}",2.0,,0.0,Tactical Overweight,매수 우위 (강력 매수 - 다중지표 강세 컨플루언스 확인),True,상승,상단,골든크로스 진행,7.7,0.0,상승,3722340.0299430056,-0.414,-0.07,0.15946001,0.22983,328094515200.0,"[{'text': '상승 추세', 'cls': 'positive'}, {'text': '📊 VWAP 상회 주의', 'cls': 'neutral'}, {'text': 'Stoch 골든크로스', 'cls': 'positive'}, {'text': 'OBV 상승', 'cls': 'positive'}, {'text': '⚠️ EPS 감소(-41%)', 'cls': 'negative'}, {'text': '⚠️ 매출 감소(-7%)', 'cls': 'negative'}]","{'mfc': 67, 'wyckoff': 80, 'stochastic': 54.38872130048601, 'obv': 75, 'bollinger': 0, 'momentum_quality': 73.9, 'regime_score': 50, 'rr_score': 100, 'base_tech': np.float64(64.4)}","{'base_tech_score': np.float64(64.4), 'insider_bonus': 0.0, 'deviation_penalty': 0.0, 'blowoff_penalty': 0.0, 'short_excessive_penalty': 0.0, 'weekly_penalty': 0.0, 'resistance_penalty': 0.0, 'rr_penalty': 0.0, 'cmf_confluence_val': 0.0, 'penny_penalty': 0.0, 'penny_non_acc_penalty': 0.0, 'scalping_bonus': 0.0, 'fund_penalty': 20.0, 'macd_reversal_bonus': 0.0, 'sector_rs_bonus': 0.0, 'confluence_bonus': 0.0, 'short_squeeze_bonus': 0.0, 'ai_momentum_bonus': 0.0}",N/A,,,,,-0.93,0.17,0.18,False,False
028260.KS,SAMSUNG C&T,"336,500원",336500.0,Industrials,Engineering & Construction,0.0,31.9,44.1,0.48700002,False,False,False,45.6,Markdown,"{'trend': 40.0, 'momentum': 62.6, 'flow': 32.0, 'volatility': 43, 'structure': 15.0, 'momentum_quality': 34.2, 'insider': 50.0}",2.0,,0.0,Tactical Hold,매도 우위 (비중 축소 - 지지선 단기 이탈 및 추세 악화),False,하락,상단,혼합,0.1,0.0,상승,-1790211.602053049,0.152,0.075,0.18818001,0.06871,948216266752.0,"[{'text': '하락 추세', 'cls': 'negative'}, {'text': '📊 VWAP 상회 주의', 'cls': 'neutral'}]","{'mfc': 44, 'wyckoff': 10, 'stochastic': 48.460797041583064, 'obv': 25, 'bollinger': 0, 'momentum_quality': 34.2, 'regime_score': 50, 'rr_score': 100, 'base_tech': np.float64(31.2)}","{'base_tech_score': np.float64(31.2), 'insider_bonus': 0.0, 'deviation_penalty': 0.0, 'blowoff_penalty': 0.0, 'short_excessive_penalty': 0.0, 'weekly_penalty': 0.0, 'resistance_penalty': 0.0, 'rr_penalty': 0.0, 'cmf_confluence_val': 0.0, 'penny_penalty': 0.0, 'penny_non_acc_penalty': 0.0, 'scalping_bonus': 0.0, 'fund_penalty': -5.0, 'macd_reversal_bonus': 0.0, 'sector_rs_bonus': 0.0, 'confluence_bonus': 0.0, 'short_squeeze_bonus': 0.0, 'ai_momentum_bonus': 0.0}",N/A,,,,,-0.3,0.3,0.32,False,False
018260.KS,SAMSUNG SDS,"220,750원",220750.0,Technology,Information Technology Services,-0.34,29.2,63.9,0.48995999,False,False,False,55.3,Markup,"{'trend': 60.0, 'momentum': 70.3, 'flow': 72.0, 'volatility': 43, 'structure': 80.0, 'momentum_quality': 63.8, 'insider': 50.0}",2.0,,0.0,Core Holding,매수 우위 (안정적 상승 추세 안착),False,상승,상단,골든크로스 진행,6.9,0.0,상승,2255740.9118012604,-0.563,-0.039,0.13934,0.02337,608246824960.0,"[{'text': '상승 추세', 'cls': 'positive'}, {'text': '📊 VWAP 상회 주의', 'cls': 'neutral'}, {'text': 'OBV 상승', 'cls': 'positive'}, {'text': '🚨 EPS 급락(-56%)', 'cls': 'negative'}]","{'mfc': 64, 'wyckoff': 80, 'stochastic': 30.964370084148456, 'obv': 75, 'bollinger': 0, 'momentum_quality': 63.8, 'regime_score': 50, 'rr_score': 100, 'base_tech': np.float64(59.1)}","{'base_tech_score': np.float64(59.1), 'insider_bonus': 0.0, 'deviation_penalty': 0.0, 'blowoff_penalty': 0.0, 'short_excessive_penalty': 0.0, 'weekly_penalty': 0.0, 'resistance_penalty': 0.0, 'rr_penalty': 0.0, 'cmf_confluence_val': 0.0, 'penny_penalty': 0.0, 'penny_non_acc_penalty': 0.0, 'scalping_bonus': 0.0, 'fund_penalty': 20.0, 'macd_reversal_bonus': 0.0, 'sector_rs_bonus': 0.0, 'confluence_bonus': 0.0, 'short_squeeze_bonus': 0.0, 'ai_momentum_bonus': 0.0}",N/A,,,,,-0.45,0.25,0.26,False,False
042700.KS,HANMISemi,"205,000원",205000.0,Technology,Semiconductor Equipment & Materials,6.6,28.0,45.2,0.55786,False,False,False,46.7,Accumulation,"{'trend': 5, 'momentum': 69.1, 'flow': 57.0, 'volatility': 23, 'structure': 65.0, 'momentum_quality': 39.7, 'insider': 50.0}",2.0,,0.0,Tactical Hold,매도 우위 (하방 경계 - 바닥 탐색 진행 중),True,상승,하단,역배열,-1.2,10.0,하락,11251285.500419887,-0.652,-0.655,0.55638003,0.16613,81983864832.0,"[{'text': '매집 구간', 'cls': 'positive'}, {'text': 'Stoch 골든크로스', 'cls': 'positive'}, {'text': 'OBV 상승', 'cls': 'positive'}, {'text': '🚨 EPS 급락(-65%)', 'cls': 'negative'}, {'text': '🚨 매출 강하락(-66%)', 'cls': 'negative'}]","{'mfc': 45, 'wyckoff': 100, 'stochastic': 58.280812554821146, 'obv': 75, 'bollinger': 100, 'momentum_quality': 39.7, 'regime_score': 50, 'rr_score': 100, 'base_tech': np.float64(63.8)}","{'base_tech_score': np.float64(63.8), 'insider_bonus': 0.0, 'deviation_penalty': 0.0, 'blowoff_penalty': 0.0, 'short_excessive_penalty': 0.0, 'weekly_penalty': 0.0, 'resistance_penalty': 0.0, 'rr_penalty': 0.0, 'cmf_confluence_val': 0.0, 'penny_penalty': 0.0, 'penny_non_acc_penalty': 0.0, 'scalping_bonus': 10.0, 'fund_penalty': 35.0, 'macd_reversal_bonus': 0.0, 'sector_rs_bonus': 0.0, 'confluence_bonus': 0.0, 'short_squeeze_bonus': 0.0, 'ai_momentum_bonus': 0.0}",N/A,,,,,6.34,0.42,0.44,False,False
011200.KS,HMM,"21,450원",21450.0,Industrials,Marine Shipping,-1.61,14.9,70.6,0.35089,False,False,False,59.1,Markup,"{'trend': 65.0, 'momentum': 80.9, 'flow': 84.0, 'volatility': 73, 'structure': 80.0, 'momentum_quality': 73.1, 'insider': 50.0}",2.0,,0.0,Tactical Overweight,매수 우위 (강력 매수 - 다중지표 강세 컨플루언스 확인),True,상승,상단,혼합,3.9,0.0,상승,-1909360.1381003591,-0.522,-0.048,0.15552,0.098979995,-374964387840.0,"[{'text': '상승 추세', 'cls': 'positive'}, {'text': '⚠️ 장기 매물대(저항선) 충돌 위험', 'cls': 'negative'}, {'text': '📊 VWAP 상회 주의', 'cls': 'neutral'}, {'text': 'Stoch 골든크로스', 'cls': 'positive'}, {'text': 'OBV 상승', 'cls': 'positive'}, {'text': '🚨 EPS 급락(-52%)', 'cls': 'negative'}]","{'mfc': 71, 'wyckoff': 80, 'stochastic': 58.799025795625006, 'obv': 75, 'bollinger': 0, 'momentum_quality': 73.1, 'regime_score': 50, 'rr_score': 76.8, 'base_tech': np.float64(66.1)}","{'base_tech_score': np.float64(66.1), 'insider_bonus': 0.0, 'deviation_penalty': 0.0, 'blowoff_penalty': 0.0, 'short_excessive_penalty': 0.0, 'weekly_penalty': 0.0, 'resistance_penalty': 15, 'rr_penalty': 0.0, 'cmf_confluence_val': 0.0, 'penny_penalty': 0.0, 'penny_non_acc_penalty': 0.0, 'scalping_bonus': 0.0, 'fund_penalty': 25.0, 'macd_reversal_bonus': 0.0, 'sector_rs_bonus': 0.0, 'confluence_bonus': 0.0, 'short_squeeze_bonus': 0.0, 'ai_momentum_bonus': 0.0}",N/A,,,,,-1.83,0.4,0.42,False,False
BB,BlackBerry Limited,$8.98,8.979999542236328,Technology,Software - Infrastructure,2.28,98.6,53.7,0.00318,False,False,False,48.3,Accumulation,"{'trend': 50.0, 'momentum': 78.3, 'flow': 45.0, 'volatility': 23, 'structure': 65.0, 'momentum_quality': 66.3, 'insider': 50.0}",-2.0,7.931880377183134,0.0722,Aggressive Buy,매수 우위 (분할 매수 - 바닥 확인 후 모멘텀 턴어라운드),True,상승,상단,혼합,0.0,10.0,하락,131164215.17128915,3.474,0.256,0.77133006,0.10268,105150000.0,"[{'text': '매집 구간', 'cls': 'positive'}, {'text': '🔄 MACD 반전', 'cls': 'positive'}, {'text': '🎯 시그널 컨플루언스 (3)', 'cls': 'positive'}, {'text': 'Stoch 골든크로스', 'cls': 'positive'}, {'text': 'OBV 상승', 'cls': 'positive'}, {'text': '📈 EPS 반등/턴어라운드', 'cls': 'positive'}, {'text': '🚀 매출 고성장', 'cls': 'positive'}]","{'mfc': 54, 'wyckoff': 100, 'stochastic': 83.37682774671231, 'obv': 75, 'bollinger': 0, 'momentum_quality': 66.3, 'regime_score': 50, 'rr_score': 100, 'base_tech': np.float64(65.7)}","{'base_tech_score': np.float64(65.7), 'insider_bonus': 0.0, 'deviation_penalty': 0.0, 'blowoff_penalty': 0.0, 'short_excessive_penalty': 0.0, 'weekly_penalty': 0.0, 'resistance_penalty': 0.0, 'rr_penalty': 0.0, 'cmf_confluence_val': 0.0, 'penny_penalty': 0.0, 'penny_non_acc_penalty': 0.0, 'scalping_bonus': 10.0, 'fund_penalty': -25.0, 'macd_reversal_bonus': 5.0, 'sector_rs_bonus': 0.0, 'confluence_bonus': 8.0, 'short_squeeze_bonus': 0.0, 'ai_momentum_bonus': 0.0}",N/A,,,,,2.28,0.31,0.31,False,False
ELF,"e.l.f. Beauty, Inc.",$98.49,98.48999786376953,Consumer Defensive,Household & Personal Products,6.69,97.5,60.7,0.028800001,False,False,False,76.9,Accumulation,"{'trend': 73.0, 'momentum': 54.5, 'flow': 86.0, 'volatility': 13, 'structure': 65.0, 'momentum_quality': 100, 'insider': 50.0}",6.5,-30.20678803999913,0.1529,Aggressive Buy,매수 우위 (분할 매수 - 바닥 확인 후 모멘텀 턴어라운드),True,상승,상단 돌파,혼합,21.3,10.0,하락,-16534124.202915665,0.999,0.355,0.60951,0.24766001,84486248.0,"[{'text': '매집 구간', 'cls': 'positive'}, {'text': 'Stoch 골든크로스', 'cls': 'positive'}, {'text': 'OBV 상승', 'cls': 'positive'}, {'text': '📈 EPS 반등/턴어라운드', 'cls': 'positive'}, {'text': '🚀 매출 고성장', 'cls': 'positive'}, {'text': '🚨 공매도 비중 주의 (15.29%)', 'cls': 'negative'}, {'text': '🔥 숏커버 (-30.2%)', 'cls': 'positive'}]","{'mfc': 61, 'wyckoff': 100, 'stochastic': 56.21944113699328, 'obv': 75, 'bollinger': 0, 'momentum_quality': 100, 'regime_score': 50, 'rr_score': 74.7, 'base_tech': np.float64(70.0)}","{'base_tech_score': np.float64(70.0), 'insider_bonus': 0.0, 'deviation_penalty': 0.0, 'blowoff_penalty': 0.0, 'short_excessive_penalty': 0.0, 'weekly_penalty': 0.0, 'resistance_penalty': 0.0, 'rr_penalty': 0.0, 'cmf_confluence_val': 0.0, 'penny_penalty': 0.0, 'penny_non_acc_penalty': 0.0, 'scalping_bonus': 10.0, 'fund_penalty': -25.0, 'macd_reversal_bonus': 0.0, 'sector_rs_bonus': 0.0, 'confluence_bonus': 0.0, 'short_squeeze_bonus': 0.0, 'ai_momentum_bonus': 0.0}",N/A,,,,,6.69,0.88,0.88,False,False
CART,Maplebear Inc.,$50.17,50.16999816894531,Consumer Cyclical,Internet Retail,11.41,96.8,79.6,0.11174,False,False,False,66.9,Markup,"{'trend': 100, 'momentum': 98.3, 'flow': 99.0, 'volatility': 33, 'structure': 80.0, 'momentum_quality': 84.0, 'insider': 50.0}",5.0,-11.540056461827355,0.111999996,Tactical Overweight,매수 우위 (강력 매수 - 다중지표 강세 컨플루언스 확인),True,상승,상단 돌파,정배열,9.8,18.0,상승,10549546.621738037,-0.043,0.141,0.72577006,0.14094,917875008.0,"[{'text': '상승 추세', 'cls': 'positive'}, {'text': '🔄 MACD 반전', 'cls': 'positive'}, {'text': '🎯 시그널 컨플루언스 (3)', 'cls': 'positive'}, {'text': 'Stoch 골든크로스', 'cls': 'positive'}, {'text': 'OBV 상승', 'cls': 'positive'}, {'text': '거래량 폭발', 'cls': 'neutral'}, {'text': '🚨 공매도 비중 주의 (11.20%)', 'cls': 'negative'}, {'text': '🔥 숏커버 (-11.5%)', 'cls': 'positive'}]","{'mfc': 80, 'wyckoff': 80, 'stochastic': 69.98522156293782, 'obv': 75, 'bollinger': 0, 'momentum_quality': 84.0, 'regime_score': 50, 'rr_score': 60.7, 'base_tech': np.float64(72.3)}","{'base_tech_score': np.float64(72.3), 'insider_bonus': 0.0, 'deviation_penalty': 0.0, 'blowoff_penalty': 0.0, 'short_excessive_penalty': 0.0, 'weekly_penalty': 0.0, 'resistance_penalty': 0.0, 'rr_penalty': 0.0, 'cmf_confluence_val': 0.0, 'penny_penalty': 0.0, 'penny_non_acc_penalty': 0.0, 'scalping_bonus': 18.0, 'fund_penalty': -3.0, 'macd_reversal_bonus': 5.0, 'sector_rs_bonus': 0.0, 'confluence_bonus': 8.0, 'short_squeeze_bonus': 0.0, 'ai_momentum_bonus': 0.0}",N/A,,,,,11.41,3.37,3.37,False,False
FIVE,"Five Below, Inc.",$244.37,244.3699951171875,Consumer Cyclical,Specialty Retail,5.73,96.3,72.5,0.01663,False,False,False,82.6,Markup,"{'trend': 73.0, 'momentum': 77.7, 'flow': 100, 'volatility': 33, 'structure': 80.0, 'momentum_quality': 100, 'insider': 50.0}",5.0,-10.859151358738098,0.041500002,Core Holding,매수 우위 (안정적 상승 추세 안착),True,상승,상단 돌파,혼합,16.5,10.0,상승,2931580.274623651,1.991,0.325,0.36805,0.11998,427309888.0,"[{'text': '상승 추세', 'cls': 'positive'}, {'text': 'Stoch 골든크로스', 'cls': 'positive'}, {'text': 'OBV 상승', 'cls': 'positive'}, {'text': '📈 EPS 반등/턴어라운드', 'cls': 'positive'}, {'text': '🚀 매출 고성장', 'cls': 'positive'}, {'text': '🔥 숏커버 (-10.9%)', 'cls': 'positive'}]","{'mfc': 72, 'wyckoff': 80, 'stochastic': 54.9594975233909, 'obv': 75, 'bollinger': 0, 'momentum_quality': 100, 'regime_score': 40, 'rr_score': 65.2, 'base_tech': np.float64(70.4)}","{'base_tech_score': np.float64(70.4), 'insider_bonus': 0.0, 'deviation_penalty': 0.0, 'blowoff_penalty': 0.0, 'short_excessive_penalty': 0.0, 'weekly_penalty': 0.0, 'resistance_penalty': 0.0, 'rr_penalty': 0.0, 'cmf_confluence_val': 0.0, 'penny_penalty': 0.0, 'penny_non_acc_penalty': 0.0, 'scalping_bonus': 10.0, 'fund_penalty': -25.0, 'macd_reversal_bonus': 0.0, 'sector_rs_bonus': 0.0, 'confluence_bonus': 0.0, 'short_squeeze_bonus': 0.0, 'ai_momentum_bonus': 0.0}",N/A,,,,,5.73,0.81,0.81,False,False
B,Barrick Mining Corporation,$43.68,43.68000030517578,Basic Materials,Gold,5.58,96.0,76.2,0.00412,False,False,False,71.8,Markup,"{'trend': 80.0, 'momentum': 96.0, 'flow': 100, 'volatility': 33, 'structure': 80.0, 'momentum_quality': 98.2, 'insider': 50.0}",8.0,-26.003645791853604,0.0,Core Holding,매수 우위 (안정적 상승 추세 안착),True,상승,상단 돌파,골든크로스 진행,16.8,10.0,상승,112621659.50124648,2.38,0.667,0.55109,0.56248003,5272124928.0,"[{'text': '상승 추세', 'cls': 'positive'}, {'text': '⚠️ 주봉 역배열(하락추세)', 'cls': 'negative'}, {'text': '🔥 Accumulation Confluence (CMF+ADL)', 'cls': 'positive'}, {'text': 'Stoch 골든크로스', 'cls': 'positive'}, {'text': 'OBV 상승', 'cls': 'positive'}, {'text': '📈 EPS 반등/턴어라운드', 'cls': 'positive'}, {'text': '🚀 매출 고성장', 'cls': 'positive'}, {'text': '🔥 숏커버 (-26.0%)', 'cls': 'positive'}]","{'mfc': 76, 'wyckoff': 80, 'stochastic': 53.89654221185875, 'obv': 75, 'bollinger': 0, 'momentum_quality': 98.2, 'regime_score': 50, 'rr_score': 75.6, 'base_tech': np.float64(71.3)}","{'base_tech_score': np.float64(71.3), 'insider_bonus': 0.0, 'deviation_penalty': 0.0, 'blowoff_penalty': 0.0, 'short_excessive_penalty': 0.0, 'weekly_penalty': 10, 'resistance_penalty': 0.0, 'rr_penalty': 0.0, 'cmf_confluence_val': 0.0, 'penny_penalty': 0.0, 'penny_non_acc_penalty': 0.0, 'scalping_bonus': 10.0, 'fund_penalty': -25.0, 'macd_reversal_bonus': 0.0, 'sector_rs_bonus': 0.0, 'confluence_bonus': 0.0, 'short_squeeze_bonus': 0.0, 'ai_momentum_bonus': 0.0}",N/A,,,,,5.58,1.3,1.3,False,False
LFTO,"Liftoff Mobile, Inc.",$25.73,25.729999542236328,Communication Services,Advertising Agencies,10.29,95.8,65.9,0.11958,False,False,False,57.9,Markup,"{'trend': 50.0, 'momentum': 95.5, 'flow': 100, 'volatility': 23, 'structure': 80.0, 'momentum_quality': 92.2, 'insider': 50.0}",8.0,-36.001629906859705,0.0108,Tactical Overweight,매수 우위 (강력 매수 - 다중지표 강세 컨플루언스 확인),False,상승,상단 돌파,혼합,11.1,10.0,상승,5831345.678062035,11.754,0.371,0.85657,0.4179,120434624.0,"[{'text': '상승 추세', 'cls': 'positive'}, {'text': 'OBV 상승', 'cls': 'positive'}, {'text': '📈 EPS 반등/턴어라운드', 'cls': 'positive'}, {'text': '🚀 매출 고성장', 'cls': 'positive'}, {'text': '🔥 숏커버 (-36.0%)', 'cls': 'positive'}]","{'mfc': 66, 'wyckoff': 80, 'stochastic': 47.58150035086658, 'obv': 75, 'bollinger': 0, 'momentum_quality': 92.2, 'regime_score': 50, 'rr_score': 73.2, 'base_tech': np.float64(66.0)}","{'base_tech_score': np.float64(66.0), 'insider_bonus': 0.0, 'deviation_penalty': 0.0, 'blowoff_penalty': 0.0, 'short_excessive_penalty': 0.0, 'weekly_penalty': 0.0, 'resistance_penalty': 0.0, 'rr_penalty': 0.0, 'cmf_confluence_val': 0.0, 'penny_penalty': 0.0, 'penny_non_acc_penalty': 0.0, 'scalping_bonus': 10.0, 'fund_penalty': -25.0, 'macd_reversal_bonus': 0.0, 'sector_rs_bonus': 0.0, 'confluence_bonus': 0.0, 'short_squeeze_bonus': 0.0, 'ai_momentum_bonus': 0.0}",N/A,,,,,10.29,0.7,0.7,False,False
JHX,James Hardie Industries plc.,$30.23,30.229999542236328,Basic Materials,Building Materials,7.96,95.7,74.1,0.00412,False,False,False,72.4,Markup,"{'trend': 100, 'momentum': 82.2, 'flow': 90.0, 'volatility': 33, 'structure': 80.0, 'momentum_quality': 92.2, 'insider': 50.0}",0.0,-4.682351713407646,0.0336,Core Holding,매수 우위 (안정적 상승 추세 안착),False,상승,상단 돌파,정배열,13.8,16.0,상승,29283389.681623578,0.666,0.639,0.36766997,0.16133,2156787456.0,"[{'text': '상승 추세', 'cls': 'positive'}, {'text': 'OBV 상승', 'cls': 'positive'}, {'text': '📈 EPS 반등/턴어라운드', 'cls': 'positive'}, {'text': '🚀 매출 고성장', 'cls': 'positive'}]","{'mfc': 74, 'wyckoff': 80, 'stochastic': 43.00066789129488, 'obv': 75, 'bollinger': 0, 'momentum_quality': 92.2, 'regime_score': 50, 'rr_score': 84.4, 'base_tech': np.float64(68.3)}","{'base_tech_score': np.float64(68.3), 'insider_bonus': 0.0, 'deviation_penalty': 0.0, 'blowoff_penalty': 0.0, 'short_excessive_penalty': 0.0, 'weekly_penalty': 0.0, 'resistance_penalty': 0.0, 'rr_penalty': 0.0, 'cmf_confluence_val': 0.0, 'penny_penalty': 0.0, 'penny_non_acc_penalty': 0.0, 'scalping_bonus': 16.0, 'fund_penalty': -25.0, 'macd_reversal_bonus': 0.0, 'sector_rs_bonus': 0.0, 'confluence_bonus': 0.0, 'short_squeeze_bonus': 0.0, 'ai_momentum_bonus': 0.0}",N/A,,,,,7.96,1.54,1.54,True,False
LYFT,"Lyft, Inc.",$17.46,17.459999084472656,Technology,Software - Application,7.12,95.2,80.3,0.013250001,False,True,False,69.1,Markup,"{'trend': 100, 'momentum': 93.8, 'flow': 100, 'volatility': 33, 'structure': 80.0, 'momentum_quality': 100, 'insider': 50.0}",-1.5,-3.1190692915075027,0.23809999,Tactical Overweight,매수 우위 (강력 매수 - 다중지표 강세 컨플루언스 확인),False,상승,상단 돌파,정배열,11.5,10.0,상승,-60718748.57443886,0.248,0.161,0.3802,0.025799999,1239638528.0,"[{'text': '상승 추세', 'cls': 'positive'}, {'text': '🔥 Accumulation Confluence (CMF+ADL)', 'cls': 'positive'}, {'text': '🚀 숏스퀴즈 가능성', 'cls': 'positive'}, {'text': 'OBV 상승', 'cls': 'positive'}, {'text': '🚨 공매도 비중 주의 (23.81%)', 'cls': 'negative'}]","{'mfc': 80, 'wyckoff': 80, 'stochastic': 46.8973129587312, 'obv': 75, 'bollinger': 0, 'momentum_quality': 100, 'regime_score': 50, 'rr_score': 56.5, 'base_tech': np.float64(72.1)}","{'base_tech_score': np.float64(72.1), 'insider_bonus': 0.0, 'deviation_penalty': 0.0, 'blowoff_penalty': 0.0, 'short_excessive_penalty': 0.0, 'weekly_penalty': 0.0, 'resistance_penalty': 0.0, 'rr_penalty': 0.0, 'cmf_confluence_val': 0.0, 'penny_penalty': 0.0, 'penny_non_acc_penalty': 0.0, 'scalping_bonus': 10.0, 'fund_penalty': -8.0, 'macd_reversal_bonus': 0.0, 'sector_rs_bonus': 0.0, 'confluence_bonus': 0.0, 'short_squeeze_bonus': 15.0, 'ai_momentum_bonus': 0.0}",N/A,,,,,7.12,1.77,1.77,False,False
IAG,Iamgold Corporation,$18.32,18.31999969482422,Basic Materials,Gold,14.29,92.8,76.4,0.0012899999,False,False,False,70.8,Markup,"{'trend': 80.0, 'momentum': 100, 'flow': 100, 'volatility': 33, 'structure': 80.0, 'momentum_quality': 98.2, 'insider': 50.0}",2.0,-3.8020602470883804,0.0,Core Holding,매수 우위 (안정적 상승 추세 안착),True,상승,상단 돌파,골든크로스 진행,22.9,10.0,상승,25592825.424458537,1.929,0.475,0.50301,0.44976002,1216587520.0,"[{'text': '상승 추세', 'cls': 'positive'}, {'text': '⚠️ 주봉 역배열(하락추세)', 'cls': 'negative'}, {'text': '🔥 Accumulation Confluence (CMF+ADL)', 'cls': 'positive'}, {'text': 'Stoch 골든크로스', 'cls': 'positive'}, {'text': 'OBV 상승', 'cls': 'positive'}, {'text': '📈 EPS 반등/턴어라운드', 'cls': 'positive'}, {'text': '🚀 매출 고성장', 'cls': 'positive'}]","{'mfc': 76, 'wyckoff': 80, 'stochastic': 82.54859206119494, 'obv': 75, 'bollinger': 0, 'momentum_quality': 98.2, 'regime_score': 50, 'rr_score': 59.8, 'base_tech': np.float64(74.8)}","{'base_tech_score': np.float64(74.8), 'insider_bonus': 0.0, 'deviation_penalty': 0.0, 'blowoff_penalty': 0.0, 'short_excessive_penalty': 0.0, 'weekly_penalty': 10, 'resistance_penalty': 0.0, 'rr_penalty': 0.0, 'cmf_confluence_val': 0.0, 'penny_penalty': 0.0, 'penny_non_acc_penalty': 0.0, 'scalping_bonus': 10.0, 'fund_penalty': -25.0, 'macd_reversal_bonus': 0.0, 'sector_rs_bonus': 0.0, 'confluence_bonus': 0.0, 'short_squeeze_bonus': 0.0, 'ai_momentum_bonus': 0.0}",N/A,,,,,14.29,2.11,2.11,False,False
AGI,Alamos Gold Inc.,$33.15,33.150001525878906,Basic Materials,Gold,6.59,92.4,74.9,0.0028,False,False,False,62.5,Markup,"{'trend': 68.0, 'momentum': 100, 'flow': 100, 'volatility': 33, 'structure': 80.0, 'momentum_quality': 100, 'insider': 50.0}",7.0,-16.632384250312064,0.0,Tactical Overweight,매수 우위 (강력 매수 - 다중지표 강세 컨플루언스 확인),True,상승,상단 돌파,골든크로스 진행,12.9,10.0,상승,23792856.7980207,0.696,0.356,0.70755,0.66538,128937504.0,"[{'text': '상승 추세', 'cls': 'positive'}, {'text': '⚠️ 주봉 역배열(하락추세)', 'cls': 'negative'}, {'text': 'Stoch 골든크로스', 'cls': 'positive'}, {'text': 'OBV 상승', 'cls': 'positive'}, {'text': '📈 EPS 반등/턴어라운드', 'cls': 'positive'}, {'text': '🚀 매출 고성장', 'cls': 'positive'}, {'text': '🔥 숏커버 (-16.6%)', 'cls': 'positive'}]","{'mfc': 75, 'wyckoff': 80, 'stochastic': 90.47189565364398, 'obv': 75, 'bollinger': 0, 'momentum_quality': 100, 'regime_score': 50, 'rr_score': 100, 'base_tech': np.float64(75.5)}","{'base_tech_score': np.float64(75.5), 'insider_bonus': 0.0, 'deviation_penalty': 0.0, 'blowoff_penalty': 0.0, 'short_excessive_penalty': 0.0, 'weekly_penalty': 10, 'resistance_penalty': 0.0, 'rr_penalty': 0.0, 'cmf_confluence_val': 0.0, 'penny_penalty': 0.0, 'penny_non_acc_penalty': 0.0, 'scalping_bonus': 10.0, 'fund_penalty': -25.0, 'macd_reversal_bonus': 0.0, 'sector_rs_bonus': 0.0, 'confluence_bonus': 0.0, 'short_squeeze_bonus': 0.0, 'ai_momentum_bonus': 0.0}",N/A,,,,,6.59,1.64,1.64,False,False
HNGE,"Hinge Health, Inc.",$89.33,89.33000183105469,Healthcare,Health Information Services,11.55,90.9,76.7,0.05075,False,False,False,68.4,Markup,"{'trend': 100, 'momentum': 100, 'flow': 79.0, 'volatility': 33, 'structure': 65.0, 'momentum_quality': 100, 'insider': 50.0}",-2.0,7.982128688889301,0.1157,Tactical Overweight,매수 우위 (강력 매수 - 다중지표 강세 컨플루언스 확인),True,상승,상단,정배열,10.2,10.0,상승,21689254.7803984,,0.53,0.84541,0.19002001,299647616.0,"[{'text': '상승 추세', 'cls': 'positive'}, {'text': '🔄 MACD 반전', 'cls': 'positive'}, {'text': '🎯 시그널 컨플루언스 (3)', 'cls': 'positive'}, {'text': 'Stoch 골든크로스', 'cls': 'positive'}, {'text': 'OBV 상승', 'cls': 'positive'}, {'text': '🚀 매출 고성장', 'cls': 'positive'}, {'text': '🚨 공매도 비중 주의 (11.57%)', 'cls': 'negative'}]","{'mfc': 77, 'wyckoff': 80, 'stochastic': 80.26817621005611, 'obv': 75, 'bollinger': 0, 'momentum_quality': 100, 'regime_score': 50, 'rr_score': 67.4, 'base_tech': np.float64(74.9)}","{'base_tech_score': np.float64(74.9), 'insider_bonus': 0.0, 'deviation_penalty': 0.0, 'blowoff_penalty': 0.0, 'short_excessive_penalty': 0.0, 'weekly_penalty': 0.0, 'resistance_penalty': 0.0, 'rr_penalty': 0.0, 'cmf_confluence_val': 0.0, 'penny_penalty': 0.0, 'penny_non_acc_penalty': 0.0, 'scalping_bonus': 10.0, 'fund_penalty': -10.0, 'macd_reversal_bonus': 5.0, 'sector_rs_bonus': 0.0, 'confluence_bonus': 8.0, 'short_squeeze_bonus': 0.0, 'ai_momentum_bonus': 0.0}",N/A,,,,,11.55,1.13,1.13,False,False
WDAY,"Workday, Inc.",$179.64,179.63999938964844,Technology,Software - Application,5.52,90.4,76.3,0.021440001,False,False,False,70.4,Markup,"{'trend': 100, 'momentum': 85.0, 'flow': 100, 'volatility': 13, 'structure': 80.0, 'momentum_quality': 92.2, 'insider': 50.0}",0.5,-5.015742203911324,0.15630001,Tactical Overweight,매수 우위 (강력 매수 - 다중지표 강세 컨플루언스 확인),False,상승,상단,정배열,17.7,10.0,상승,63618689.073510416,2.265,0.135,0.75766,0.13297,3118749952.0,"[{'text': '상승 추세', 'cls': 'positive'}, {'text': '📊 VWAP 상회 주의', 'cls': 'neutral'}, {'text': '🔥 Accumulation Confluence (CMF+ADL)', 'cls': 'positive'}, {'text': 'OBV 상승', 'cls': 'positive'}, {'text': '📈 EPS 반등/턴어라운드', 'cls': 'positive'}, {'text': '🚨 공매도 비중 주의 (15.63%)', 'cls': 'negative'}]","{'mfc': 76, 'wyckoff': 80, 'stochastic': 49.20161058969086, 'obv': 75, 'bollinger': 0, 'momentum_quality': 92.2, 'regime_score': 50, 'rr_score': 62.7, 'base_tech': np.float64(69.8)}","{'base_tech_score': np.float64(69.8), 'insider_bonus': 0.0, 'deviation_penalty': 0.0, 'blowoff_penalty': 0.0, 'short_excessive_penalty': 0.0, 'weekly_penalty': 0.0, 'resistance_penalty': 0.0, 'rr_penalty': 0.0, 'cmf_confluence_val': 0.0, 'penny_penalty': 0.0, 'penny_non_acc_penalty': 0.0, 'scalping_bonus': 10.0, 'fund_penalty': -18.0, 'macd_reversal_bonus': 0.0, 'sector_rs_bonus': 0.0, 'confluence_bonus': 0.0, 'short_squeeze_bonus': 0.0, 'ai_momentum_bonus': 0.0}",N/A,,,,,5.52,0.65,0.65,False,False
TAL,TAL Education Group,$12.38,12.380000114440918,Consumer Defensive,Education & Training Services,-0.64,88.6,63.5,0.0001,False,False,False,73.4,Accumulation,"{'trend': 73.0, 'momentum': 81.9, 'flow': 68.0, 'volatility': 13, 'structure': 50.0, 'momentum_quality': 100, 'insider': 50.0}",5.0,-12.050714614727731,0.0876,Tactical Hold,매도 우위 (하방 경계 - 바닥 탐색 진행 중),True,하락,상단,혼합,12.1,0.0,상승,34063665.422177374,12.043,0.319,0.56018,0.18091999,423228640.0,"[{'text': '매집 구간', 'cls': 'positive'}, {'text': '📊 VWAP 상회 주의', 'cls': 'neutral'}, {'text': '🔥 Accumulation Confluence (CMF+ADL)', 'cls': 'positive'}, {'text': 'Stoch 골든크로스', 'cls': 'positive'}, {'text': '📈 EPS 반등/턴어라운드', 'cls': 'positive'}, {'text': '🚀 매출 고성장', 'cls': 'positive'}, {'text': '🔥 숏커버 (-12.1%)', 'cls': 'positive'}]","{'mfc': 64, 'wyckoff': 100, 'stochastic': 62.232361918383354, 'obv': 25, 'bollinger': 0, 'momentum_quality': 100, 'regime_score': 50, 'rr_score': 68.4, 'base_tech': np.float64(65.7)}","{'base_tech_score': np.float64(65.7), 'insider_bonus': 0.0, 'deviation_penalty': 0.0, 'blowoff_penalty': 0.0, 'short_excessive_penalty': 0.0, 'weekly_penalty': 0.0, 'resistance_penalty': 0.0, 'rr_penalty': 0.0, 'cmf_confluence_val': 0.0, 'penny_penalty': 0.0, 'penny_non_acc_penalty': 0.0, 'scalping_bonus': 0.0, 'fund_penalty': -25.0, 'macd_reversal_bonus': 0.0, 'sector_rs_bonus': 0.0, 'confluence_bonus': 0.0, 'short_squeeze_bonus': 0.0, 'ai_momentum_bonus': 0.0}",N/A,,,,,-0.64,0.63,0.63,False,False
FSM,Fortuna Mining Corp.,$10.39,10.390000343322754,Basic Materials,Gold,8.68,88.5,76.4,0.00617,False,False,False,71.8,Markup,"{'trend': 80.0, 'momentum': 96.4, 'flow': 100, 'volatility': 33, 'structure': 80.0, 'momentum_quality': 84.0, 'insider': 50.0}",2.0,3.9784055457799115,0.0,Core Holding,매수 우위 (안정적 상승 추세 안착),True,상승,상단 돌파,골든크로스 진행,19.7,10.0,상승,28974212.336686693,1.023,0.382,0.57238,0.51069,364279008.0,"[{'text': '상승 추세', 'cls': 'positive'}, {'text': '⚠️ 주봉 역배열(하락추세)', 'cls': 'negative'}, {'text': '🔥 Accumulation Confluence (CMF+ADL)', 'cls': 'positive'}, {'text': 'Stoch 골든크로스', 'cls': 'positive'}, {'text': 'OBV 상승', 'cls': 'positive'}, {'text': '📈 EPS 반등/턴어라운드', 'cls': 'positive'}, {'text': '🚀 매출 고성장', 'cls': 'positive'}]","{'mfc': 76, 'wyckoff': 80, 'stochastic': 55.30922340473161, 'obv': 75, 'bollinger': 0, 'momentum_quality': 84.0, 'regime_score': 50, 'rr_score': 63.6, 'base_tech': np.float64(69.4)}","{'base_tech_score': np.float64(69.4), 'insider_bonus': 0.0, 'deviation_penalty': 0.0, 'blowoff_penalty': 0.0, 'short_excessive_penalty': 0.0, 'weekly_penalty': 10, 'resistance_penalty': 0.0, 'rr_penalty': 0.0, 'cmf_confluence_val': 0.0, 'penny_penalty': 0.0, 'penny_non_acc_penalty': 0.0, 'scalping_bonus': 10.0, 'fund_penalty': -25.0, 'macd_reversal_bonus': 0.0, 'sector_rs_bonus': 0.0, 'confluence_bonus': 0.0, 'short_squeeze_bonus': 0.0, 'ai_momentum_bonus': 0.0}",N/A,,,,,8.68,1.28,1.28,False,False
AG,First Majestic Silver Corp.,$18.40,18.399999618530273,Basic Materials,Silver,6.48,87.3,72.2,0.01091,False,False,False,60.3,Markup,"{'trend': 68.0, 'momentum': 100, 'flow': 100, 'volatility': 33, 'structure': 80.0, 'momentum_quality': 75.1, 'insider': 50.0}",7.0,-12.49033819377881,0.0,Tactical Overweight,매수 우위 (강력 매수 - 다중지표 강세 컨플루언스 확인),True,상승,상단 돌파,골든크로스 진행,12.2,10.0,상승,106173021.61249885,1.083,0.573,0.63310003,0.47792,775141888.0,"[{'text': '상승 추세', 'cls': 'positive'}, {'text': '⚠️ 주봉 역배열(하락추세)', 'cls': 'negative'}, {'text': 'Stoch 골든크로스', 'cls': 'positive'}, {'text': 'OBV 상승', 'cls': 'positive'}, {'text': '📈 EPS 반등/턴어라운드', 'cls': 'positive'}, {'text': '🚀 매출 고성장', 'cls': 'positive'}, {'text': '🔥 숏커버 (-12.5%)', 'cls': 'positive'}]","{'mfc': 72, 'wyckoff': 80, 'stochastic': 76.09111895668451, 'obv': 75, 'bollinger': 0, 'momentum_quality': 75.1, 'regime_score': 50, 'rr_score': 100, 'base_tech': np.float64(69.1)}","{'base_tech_score': np.float64(69.1), 'insider_bonus': 0.0, 'deviation_penalty': 0.0, 'blowoff_penalty': 0.0, 'short_excessive_penalty': 0.0, 'weekly_penalty': 10, 'resistance_penalty': 0.0, 'rr_penalty': 0.0, 'cmf_confluence_val': 0.0, 'penny_penalty': 0.0, 'penny_non_acc_penalty': 0.0, 'scalping_bonus': 10.0, 'fund_penalty': -25.0, 'macd_reversal_bonus': 0.0, 'sector_rs_bonus': 0.0, 'confluence_bonus': 0.0, 'short_squeeze_bonus': 0.0, 'ai_momentum_bonus': 0.0}",N/A,,,,,6.48,0.93,0.93,False,False
BRK-B,Berkshire Hathaway Inc. New,$521.80,521.7999877929688,Financial Services,Insurance - Diversified,-0.54,86.7,77.3,0.00265,True,False,False,70.1,Markup,"{'trend': 100, 'momentum': 78.6, 'flow': 97.0, 'volatility': 63, 'structure': 65.0, 'momentum_quality': 100, 'insider': 50.0}",2.0,1.7137328437766202,0.0095999995,Tactical Overweight,매수 우위 (강력 매수 - 다중지표 강세 컨플루언스 확인),True,상승,상단,정배열,3.8,6.0,상승,-21752820.739835747,1.196,0.044,0.2778,0.14352,61228249088.0,"[{'text': '상승 추세', 'cls': 'positive'}, {'text': '📊 VWAP 상회 주의', 'cls': 'neutral'}, {'text': '🔥 Accumulation Confluence (CMF+ADL)', 'cls': 'positive'}, {'text': '💎 품절주 (Low Float)', 'cls': 'positive'}, {'text': 'Stoch 골든크로스', 'cls': 'positive'}, {'text': 'OBV 상승', 'cls': 'positive'}, {'text': '📈 EPS 반등/턴어라운드', 'cls': 'positive'}]","{'mfc': 77, 'wyckoff': 80, 'stochastic': 55.86078423729262, 'obv': 75, 'bollinger': 0, 'momentum_quality': 100, 'regime_score': 50, 'rr_score': 65.8, 'base_tech': np.float64(72.2)}","{'base_tech_score': np.float64(72.2), 'insider_bonus': 0.0, 'deviation_penalty': 0.0, 'blowoff_penalty': 0.0, 'short_excessive_penalty': 0.0, 'weekly_penalty': 0.0, 'resistance_penalty': 0.0, 'rr_penalty': 0.0, 'cmf_confluence_val': 0.0, 'penny_penalty': 0.0, 'penny_non_acc_penalty': 0.0, 'scalping_bonus': 6.0, 'fund_penalty': -15.0, 'macd_reversal_bonus': 0.0, 'sector_rs_bonus': 0.0, 'confluence_bonus': 0.0, 'short_squeeze_bonus': 0.0, 'ai_momentum_bonus': 0.0}",N/A,,,,,-0.54,0.56,0.56,True,False
PATH,"UiPath, Inc.",$15.05,15.050000190734863,Technology,Software - Infrastructure,7.5,86.3,77.8,0.09546,False,True,False,74.2,Markup,"{'trend': 100, 'momentum': 88.8, 'flow': 100, 'volatility': 13, 'structure': 80.0, 'momentum_quality': 92.2, 'insider': 50.0}",2.0,-10.550974193147999,0.2811,Tactical Overweight,매수 우위 (강력 매수 - 다중지표 강세 컨플루언스 확인),False,상승,상단 돌파,정배열,21.7,10.0,상승,435310078.37334645,,0.173,0.8305,0.07274,511553632.0,"[{'text': '상승 추세', 'cls': 'positive'}, {'text': '🚀 숏스퀴즈 가능성', 'cls': 'positive'}, {'text': 'OBV 상승', 'cls': 'positive'}, {'text': '🚨 공매도 비중 주의 (28.11%)', 'cls': 'negative'}, {'text': '🔥 숏커버 (-10.6%)', 'cls': 'positive'}]","{'mfc': 78, 'wyckoff': 80, 'stochastic': 48.81951966734167, 'obv': 75, 'bollinger': 0, 'momentum_quality': 92.2, 'regime_score': 50, 'rr_score': 57.8, 'base_tech': np.float64(70.3)}","{'base_tech_score': np.float64(70.3), 'insider_bonus': 0.0, 'deviation_penalty': 0.0, 'blowoff_penalty': 0.0, 'short_excessive_penalty': 0.0, 'weekly_penalty': 0.0, 'resistance_penalty': 0.0, 'rr_penalty': 0.0, 'cmf_confluence_val': 0.0, 'penny_penalty': 0.0, 'penny_non_acc_penalty': 0.0, 'scalping_bonus': 10.0, 'fund_penalty': -3.0, 'macd_reversal_bonus': 0.0, 'sector_rs_bonus': 0.0, 'confluence_bonus': 0.0, 'short_squeeze_bonus': 15.0, 'ai_momentum_bonus': 0.0}",N/A,,,,,7.5,0.99,0.99,False,False
ONTO,Onto Innovation Inc.,$308.30,308.29998779296875,Technology,Semiconductor Equipment & Materials,14.74,85.7,63.3,0.00598,False,False,False,55.9,Markup,"{'trend': 60.0, 'momentum': 94.9, 'flow': 82.0, 'volatility': 3, 'structure': 80.0, 'momentum_quality': 70.1, 'insider': 50.0}",0.0,4.374456526175565,0.0684,Tactical Overweight,매수 우위 (강력 매수 - 다중지표 강세 컨플루언스 확인),True,상승,상단,골든크로스 진행,10.8,10.0,상승,10021457.219560787,0.772,0.353,0.54894,0.2297,198759744.0,"[{'text': '상승 추세', 'cls': 'positive'}, {'text': 'Stoch 골든크로스', 'cls': 'positive'}, {'text': 'OBV 상승', 'cls': 'positive'}, {'text': '📈 EPS 반등/턴어라운드', 'cls': 'positive'}, {'text': '🚀 매출 고성장', 'cls': 'positive'}]","{'mfc': 63, 'wyckoff': 80, 'stochastic': 60.36539035000459, 'obv': 75, 'bollinger': 0, 'momentum_quality': 70.1, 'regime_score': 50, 'rr_score': 92.1, 'base_tech': np.float64(63.3)}","{'base_tech_score': np.float64(63.3), 'insider_bonus': 0.0, 'deviation_penalty': 0.0, 'blowoff_penalty': 0.0, 'short_excessive_penalty': 0.0, 'weekly_penalty': 0.0, 'resistance_penalty': 0.0, 'rr_penalty': 0.0, 'cmf_confluence_val': 0.0, 'penny_penalty': 0.0, 'penny_non_acc_penalty': 0.0, 'scalping_bonus': 10.0, 'fund_penalty': -25.0, 'macd_reversal_bonus': 0.0, 'sector_rs_bonus': 0.0, 'confluence_bonus': 0.0, 'short_squeeze_bonus': 0.0, 'ai_momentum_bonus': 0.0}",N/A,,,,,14.74,1.57,1.57,False,False
RDDT,"Reddit, Inc.",$161.70,161.6999969482422,Communication Services,Internet Content & Information,7.18,84.7,52.7,0.00691,False,False,False,45.2,Markup,"{'trend': 25.0, 'momentum': 57.1, 'flow': 81.0, 'volatility': 23, 'structure': 80.0, 'momentum_quality': 35.6, 'insider': 50.0}",0.0,3.1556834311134394,0.1174,Core Holding,매수 우위 (안정적 상승 추세 안착),True,상승,하단,데드크로스 진행,-7.1,10.0,상승,28506690.130461115,1.832,0.611,0.91442,0.28788,678068736.0,"[{'text': '상승 추세', 'cls': 'positive'}, {'text': 'Stoch 골든크로스', 'cls': 'positive'}, {'text': 'OBV 상승', 'cls': 'positive'}, {'text': '📈 EPS 반등/턴어라운드', 'cls': 'positive'}, {'text': '🚀 매출 고성장', 'cls': 'positive'}, {'text': '🚨 공매도 비중 주의 (11.74%)', 'cls': 'negative'}]","{'mfc': 53, 'wyckoff': 80, 'stochastic': 58.07883372600658, 'obv': 75, 'bollinger': 100, 'momentum_quality': 35.6, 'regime_score': 50, 'rr_score': 97.6, 'base_tech': np.float64(62.2)}","{'base_tech_score': np.float64(62.2), 'insider_bonus': 0.0, 'deviation_penalty': 0.0, 'blowoff_penalty': 0.0, 'short_excessive_penalty': 0.0, 'weekly_penalty': 0.0, 'resistance_penalty': 0.0, 'rr_penalty': 0.0, 'cmf_confluence_val': 0.0, 'penny_penalty': 0.0, 'penny_non_acc_penalty': 0.0, 'scalping_bonus': 10.0, 'fund_penalty': -25.0, 'macd_reversal_bonus': 0.0, 'sector_rs_bonus': 0.0, 'confluence_bonus': 0.0, 'short_squeeze_bonus': 0.0, 'ai_momentum_bonus': 0.0}",N/A,,,,,7.18,0.85,0.85,False,False
MU,"Micron Technology, Inc.",$877.57,877.5700073242188,Technology,Semiconductors,-0.44,84.1,61.5,0.00262,False,False,False,47.6,Accumulation,"{'trend': 53.0, 'momentum': 69.0, 'flow': 85.0, 'volatility': 43, 'structure': 65.0, 'momentum_quality': 32.6, 'insider': 50.0}",5.0,-12.936342525417274,0.0321,Aggressive Buy,매수 우위 (분할 매수 - 바닥 확인 후 모멘텀 턴어라운드),True,상승,하단,혼합,-1.2,0.0,상승,503643650.5157663,13.983,3.457,0.72569,0.80370003,7639499776.0,"[{'text': '매집 구간', 'cls': 'positive'}, {'text': 'Stoch 골든크로스', 'cls': 'positive'}, {'text': 'OBV 상승', 'cls': 'positive'}, {'text': '📈 EPS 반등/턴어라운드', 'cls': 'positive'}, {'text': '🚀 매출 고성장', 'cls': 'positive'}, {'text': '🔥 숏커버 (-12.9%)', 'cls': 'positive'}]","{'mfc': 62, 'wyckoff': 100, 'stochastic': 52.207903656265685, 'obv': 75, 'bollinger': 100, 'momentum_quality': 32.6, 'regime_score': 50, 'rr_score': 100, 'base_tech': np.float64(67.7)}","{'base_tech_score': np.float64(67.7), 'insider_bonus': 0.0, 'deviation_penalty': 0.0, 'blowoff_penalty': 0.0, 'short_excessive_penalty': 0.0, 'weekly_penalty': 0.0, 'resistance_penalty': 0.0, 'rr_penalty': 0.0, 'cmf_confluence_val': 0.0, 'penny_penalty': 0.0, 'penny_non_acc_penalty': 0.0, 'scalping_bonus': 0.0, 'fund_penalty': -25.0, 'macd_reversal_bonus': 0.0, 'sector_rs_bonus': 0.0, 'confluence_bonus': 0.0, 'short_squeeze_bonus': 0.0, 'ai_momentum_bonus': 0.0}",N/A,,,,,-0.44,0.66,0.66,False,False
ACAD,ACADIA Pharmaceuticals Inc.,$29.21,29.209999084472656,Healthcare,Biotechnology,2.67,84.0,78.6,0.00329,False,False,False,73.2,Markup,"{'trend': 100, 'momentum': 87.5, 'flow': 100, 'volatility': 33, 'structure': 80.0, 'momentum_quality': 100, 'insider': 50.0}",2.0,-6.631337728004985,0.1022,Tactical Overweight,매수 우위 (강력 매수 - 다중지표 강세 컨플루언스 확인),True,상승,상단 돌파,정배열,11.8,16.0,상승,7068735.36610476,0.181,0.164,0.62061,0.12286,68647000.0,"[{'text': '상승 추세', 'cls': 'positive'}, {'text': 'Stoch 골든크로스', 'cls': 'positive'}, {'text': 'OBV 상승', 'cls': 'positive'}, {'text': '🚨 공매도 비중 주의 (10.22%)', 'cls': 'negative'}]","{'mfc': 79, 'wyckoff': 80, 'stochastic': 54.64031443905025, 'obv': 75, 'bollinger': 0, 'momentum_quality': 100, 'regime_score': 50, 'rr_score': 71.5, 'base_tech': np.float64(72.5)}","{'base_tech_score': np.float64(72.5), 'insider_bonus': 0.0, 'deviation_penalty': 0.0, 'blowoff_penalty': 0.0, 'short_excessive_penalty': 0.0, 'weekly_penalty': 0.0, 'resistance_penalty': 0.0, 'rr_penalty': 0.0, 'cmf_confluence_val': 0.0, 'penny_penalty': 0.0, 'penny_non_acc_penalty': 0.0, 'scalping_bonus': 16.0, 'fund_penalty': -8.0, 'macd_reversal_bonus': 0.0, 'sector_rs_bonus': 0.0, 'confluence_bonus': 0.0, 'short_squeeze_bonus': 0.0, 'ai_momentum_bonus': 0.0}",N/A,,,,,2.67,1.1,1.1,True,False
EA,Electronic Arts Inc.,$209.70,209.6999969482422,Communication Services,Electronic Gaming & Multimedia,0.0,83.9,67.9,0.00196,False,False,False,82.3,Markup,"{'trend': 100, 'momentum': 59.1, 'flow': 44.0, 'volatility': 68, 'structure': 80.0, 'momentum_quality': 87.4, 'insider': 50.0}",5.0,-15.748119708579337,0.0395,Aggressive Buy,매수 우위 (분할 매수 - 바닥 확인 후 모멘텀 턴어라운드),False,상승,상단,정배열,1.4,14.0,하락,-41154447.823093295,0.975,0.189,0.79875,0.25881,1692499968.0,"[{'text': '🚨 거래정지', 'cls': 'negative'}, {'text': '상승 추세', 'cls': 'positive'}, {'text': 'OBV 상승', 'cls': 'positive'}, {'text': 'Squeeze 대기', 'cls': 'neutral'}, {'text': '📈 EPS 반등/턴어라운드', 'cls': 'positive'}, {'text': '🔥 숏커버 (-15.7%)', 'cls': 'positive'}]","{'mfc': 68, 'wyckoff': 80, 'stochastic': 49.26127104700164, 'obv': 75, 'bollinger': 0, 'momentum_quality': 87.4, 'regime_score': 40, 'rr_score': 98.5, 'base_tech': np.float64(66.2)}","{'base_tech_score': np.float64(66.2), 'insider_bonus': 0.0, 'deviation_penalty': 0.0, 'blowoff_penalty': 0.0, 'short_excessive_penalty': 0.0, 'weekly_penalty': 0.0, 'resistance_penalty': 0.0, 'rr_penalty': 0.0, 'cmf_confluence_val': -6, 'penny_penalty': 0.0, 'penny_non_acc_penalty': 0.0, 'scalping_bonus': 14.0, 'fund_penalty': -18.0, 'macd_reversal_bonus': 0.0, 'sector_rs_bonus': 0.0, 'confluence_bonus': 0.0, 'short_squeeze_bonus': 0.0, 'ai_momentum_bonus': 0.0}",N/A,,,,,0.0,15.76,15.76,True,False
GEN,Gen Digital Inc.,$29.17,29.170000076293945,Technology,Software - Infrastructure,3.81,83.6,79.8,0.09810001,False,False,False,69.8,Markup,"{'trend': 100, 'momentum': 86.0, 'flow': 100, 'volatility': 53, 'structure': 80.0, 'momentum_quality': 92.2, 'insider': 50.0}",2.0,-5.811017767673792,0.060399998,Tactical Overweight,매수 우위 (강력 매수 - 다중지표 강세 컨플루언스 확인),False,상승,상단 돌파,정배열,7.9,10.0,상승,39590975.25132922,0.593,0.063,0.78007007,0.35554,1547124992.0,"[{'text': '상승 추세', 'cls': 'positive'}, {'text': 'OBV 상승', 'cls': 'positive'}, {'text': '📈 EPS 반등/턴어라운드', 'cls': 'positive'}]","{'mfc': 80, 'wyckoff': 80, 'stochastic': 46.84388028987236, 'obv': 75, 'bollinger': 0, 'momentum_quality': 92.2, 'regime_score': 50, 'rr_score': 67.9, 'base_tech': np.float64(70.8)}","{'base_tech_score': np.float64(70.8), 'insider_bonus': 0.0, 'deviation_penalty': 0.0, 'blowoff_penalty': 0.0, 'short_excessive_penalty': 0.0, 'weekly_penalty': 0.0, 'resistance_penalty': 0.0, 'rr_penalty': 0.0, 'cmf_confluence_val': 0.0, 'penny_penalty': 0.0, 'penny_non_acc_penalty': 0.0, 'scalping_bonus': 10.0, 'fund_penalty': -15.0, 'macd_reversal_bonus': 0.0, 'sector_rs_bonus': 0.0, 'confluence_bonus': 0.0, 'short_squeeze_bonus': 0.0, 'ai_momentum_bonus': 0.0}",N/A,,,,,3.81,1.72,1.72,False,False
XERS,"Xeris Biopharma Holdings, Inc.",$7.93,7.929999828338623,Healthcare,Drug Manufacturers - Specialty & Generic,7.74,83.5,60.3,0.031240001,False,False,False,47.7,Accumulation,"{'trend': 45.0, 'momentum': 53.5, 'flow': 100, 'volatility': 53, 'structure': 65.0, 'momentum_quality': 40.4, 'insider': 50.0}",8.0,-21.323709532346722,0.060399998,Tactical Hold,"중립 대기 (방향성 탐색 중, 뚜렷한 주도력 부재)",True,상승,하단,데드크로스 진행,-4.6,10.0,상승,9319897.323884567,,0.287,0.86574996,0.05617,52450124.0,"[{'text': '매집 구간', 'cls': 'positive'}, {'text': 'Stoch 골든크로스', 'cls': 'positive'}, {'text': 'OBV 상승', 'cls': 'positive'}, {'text': '🚀 매출 고성장', 'cls': 'positive'}, {'text': '🔥 숏커버 (-21.3%)', 'cls': 'positive'}]","{'mfc': 60, 'wyckoff': 100, 'stochastic': 59.99643377244639, 'obv': 75, 'bollinger': 100, 'momentum_quality': 40.4, 'regime_score': 50, 'rr_score': 100, 'base_tech': np.float64(69.4)}","{'base_tech_score': np.float64(69.4), 'insider_bonus': 0.0, 'deviation_penalty': 0.0, 'blowoff_penalty': 0.0, 'short_excessive_penalty': 0.0, 'weekly_penalty': 0.0, 'resistance_penalty': 0.0, 'rr_penalty': 0.0, 'cmf_confluence_val': 0.0, 'penny_penalty': 0.0, 'penny_non_acc_penalty': 0.0, 'scalping_bonus': 10.0, 'fund_penalty': -10.0, 'macd_reversal_bonus': 0.0, 'sector_rs_bonus': 0.0, 'confluence_bonus': 0.0, 'short_squeeze_bonus': 0.0, 'ai_momentum_bonus': 0.0}",N/A,,,,,7.74,1.21,1.21,False,False
CRDO,Credo Technology Group Holding ,$249.89,249.88999938964844,Technology,Semiconductors,8.45,83.2,69.2,0.108789995,False,False,False,57.0,Markup,"{'trend': 73.0, 'momentum': 97.7, 'flow': 89.0, 'volatility': 3, 'structure': 80.0, 'momentum_quality': 96.7, 'insider': 50.0}",8.0,-36.5929354394372,0.036199998,Tactical Overweight,매수 우위 (강력 매수 - 다중지표 강세 컨플루언스 확인),True,상승,상단,골든크로스 진행,14.3,10.0,상승,41555915.70065795,3.622,1.57,0.68035007,0.35661998,250810128.0,"[{'text': '상승 추세', 'cls': 'positive'}, {'text': '⚠️ 장기 매물대(저항선) 충돌 위험', 'cls': 'negative'}, {'text': '📊 VWAP 상회 주의', 'cls': 'neutral'}, {'text': 'Stoch 골든크로스', 'cls': 'positive'}, {'text': 'OBV 상승', 'cls': 'positive'}, {'text': '📈 EPS 반등/턴어라운드', 'cls': 'positive'}, {'text': '🚀 매출 고성장', 'cls': 'positive'}, {'text': '🔥 숏커버 (-36.6%)', 'cls': 'positive'}]","{'mfc': 69, 'wyckoff': 80, 'stochastic': 57.16228184768308, 'obv': 75, 'bollinger': 0, 'momentum_quality': 96.7, 'regime_score': 50, 'rr_score': 89.5, 'base_tech': np.float64(69.0)}","{'base_tech_score': np.float64(69.0), 'insider_bonus': 0.0, 'deviation_penalty': 0.0, 'blowoff_penalty': 0.0, 'short_excessive_penalty': 0.0, 'weekly_penalty': 0.0, 'resistance_penalty': 15, 'rr_penalty': 0.0, 'cmf_confluence_val': 0.0, 'penny_penalty': 0.0, 'penny_non_acc_penalty': 0.0, 'scalping_bonus': 10.0, 'fund_penalty': -25.0, 'macd_reversal_bonus': 0.0, 'sector_rs_bonus': 0.0, 'confluence_bonus': 0.0, 'short_squeeze_bonus': 0.0, 'ai_momentum_bonus': 0.0}",N/A,,,,,8.45,0.52,0.52,False,False
COMP,"Compass, Inc.",$12.58,12.579999923706055,Real Estate,Real Estate Services,0.0,82.3,74.3,0.01513,False,False,False,61.5,Markup,"{'trend': 100, 'momentum': 94.2, 'flow': 81.0, 'volatility': 53, 'structure': 65.0, 'momentum_quality': 98.2, 'insider': 50.0}",0.0,4.534716019320814,0.066700004,Tactical Overweight,매수 우위 (강력 매수 - 다중지표 강세 컨플루언스 확인),True,상승,상단,정배열,6.5,0.0,상승,-104062619.37707995,1.359,1.09,0.14214,0.03762,668174976.0,"[{'text': '상승 추세', 'cls': 'positive'}, {'text': '📊 VWAP 상회 주의', 'cls': 'neutral'}, {'text': 'Stoch 골든크로스', 'cls': 'positive'}, {'text': 'OBV 상승', 'cls': 'positive'}, {'text': '📈 EPS 반등/턴어라운드', 'cls': 'positive'}, {'text': '🚀 매출 고성장', 'cls': 'positive'}]","{'mfc': 74, 'wyckoff': 80, 'stochastic': 62.013377899817286, 'obv': 75, 'bollinger': 0, 'momentum_quality': 98.2, 'regime_score': 50, 'rr_score': 78.0, 'base_tech': np.float64(71.6)}","{'base_tech_score': np.float64(71.6), 'insider_bonus': 0.0, 'deviation_penalty': 0.0, 'blowoff_penalty': 0.0, 'short_excessive_penalty': 0.0, 'weekly_penalty': 0.0, 'resistance_penalty': 0.0, 'rr_penalty': 0.0, 'cmf_confluence_val': 0.0, 'penny_penalty': 0.0, 'penny_non_acc_penalty': 0.0, 'scalping_bonus': 0.0, 'fund_penalty': -25.0, 'macd_reversal_bonus': 0.0, 'sector_rs_bonus': 0.0, 'confluence_bonus': 0.0, 'short_squeeze_bonus': 0.0, 'ai_momentum_bonus': 0.0}",N/A,,,,,0.0,0.65,0.65,False,False
SBLK,Star Bulk Carriers Corp.,$28.90,28.899999618530273,Industrials,Marine Shipping,1.08,82.2,68.4,0.25355,False,False,False,60.8,Markup,"{'trend': 100, 'momentum': 83.7, 'flow': 42.0, 'volatility': 33, 'structure': 65.0, 'momentum_quality': 92.4, 'insider': 50.0}",8.0,-44.24960613034405,0.0112,Core Holding,매수 우위 (안정적 상승 추세 안착),True,하락,상단,정배열,5.5,0.0,하락,-741548.0760160267,3715.641,0.445,0.47327998,0.39711,169818256.0,"[{'text': '상승 추세', 'cls': 'positive'}, {'text': 'Stoch 골든크로스', 'cls': 'positive'}, {'text': '📈 EPS 반등/턴어라운드', 'cls': 'positive'}, {'text': '🚀 매출 고성장', 'cls': 'positive'}, {'text': '🔥 숏커버 (-44.2%)', 'cls': 'positive'}]","{'mfc': 68, 'wyckoff': 80, 'stochastic': 52.56288646288759, 'obv': 25, 'bollinger': 0, 'momentum_quality': 92.4, 'regime_score': 50, 'rr_score': 58.0, 'base_tech': np.float64(61.5)}","{'base_tech_score': np.float64(61.5), 'insider_bonus': 0.0, 'deviation_penalty': 0.0, 'blowoff_penalty': 0.0, 'short_excessive_penalty': 0.0, 'weekly_penalty': 0.0, 'resistance_penalty': 0.0, 'rr_penalty': 0.0, 'cmf_confluence_val': 0.0, 'penny_penalty': 0.0, 'penny_non_acc_penalty': 0.0, 'scalping_bonus': 0.0, 'fund_penalty': -25.0, 'macd_reversal_bonus': 0.0, 'sector_rs_bonus': 0.0, 'confluence_bonus': 0.0, 'short_squeeze_bonus': 0.0, 'ai_momentum_bonus': 0.0}",N/A,,,,,1.08,1.45,1.45,False,False
FAST,Fastenal Company,$51.84,51.84000015258789,Industrials,Industrial Distribution,2.05,81.3,76.9,0.00087,False,False,False,72.5,Markup,"{'trend': 100, 'momentum': 80.7, 'flow': 99.0, 'volatility': 43, 'structure': 80.0, 'momentum_quality': 98.2, 'insider': 50.0}",0.0,0.49600019820851177,0.0313,Tactical Overweight,매수 우위 (강력 매수 - 다중지표 강세 컨플루언스 확인),True,상승,상단 돌파,정배열,9.8,16.0,상승,-10764374.522176351,0.159,0.147,0.44701,0.21023001,916124992.0,"[{'text': '상승 추세', 'cls': 'positive'}, {'text': 'Stoch 골든크로스', 'cls': 'positive'}, {'text': 'OBV 상승', 'cls': 'positive'}]","{'mfc': 77, 'wyckoff': 80, 'stochastic': 55.21987421765715, 'obv': 75, 'bollinger': 0, 'momentum_quality': 98.2, 'regime_score': 50, 'rr_score': 53.1, 'base_tech': np.float64(71.7)}","{'base_tech_score': np.float64(71.7), 'insider_bonus': 0.0, 'deviation_penalty': 0.0, 'blowoff_penalty': 0.0, 'short_excessive_penalty': 0.0, 'weekly_penalty': 0.0, 'resistance_penalty': 0.0, 'rr_penalty': 0.0, 'cmf_confluence_val': 0.0, 'penny_penalty': 0.0, 'penny_non_acc_penalty': 0.0, 'scalping_bonus': 16.0, 'fund_penalty': -8.0, 'macd_reversal_bonus': 0.0, 'sector_rs_bonus': 0.0, 'confluence_bonus': 0.0, 'short_squeeze_bonus': 0.0, 'ai_momentum_bonus': 0.0}",N/A,,,,,2.05,1.37,1.37,True,False
GS,"Goldman Sachs Group, Inc. (The)",$1039.61,1039.6099853515625,Financial Services,Capital Markets,0.68,80.6,52.3,0.00543,False,False,False,48.6,Accumulation,"{'trend': 38.0, 'momentum': 53.8, 'flow': 57.0, 'volatility': 73, 'structure': 65.0, 'momentum_quality': 28.9, 'insider': 50.0}",4.0,-7.762070240058017,0.0215,Aggressive Buy,매수 우위 (분할 매수 - 바닥 확인 후 모멘텀 턴어라운드),True,상승,하단,데드크로스 진행,-1.9,0.0,하락,1260506.268423168,0.78,0.425,0.82075995,0.42176998,,"[{'text': '매집 구간', 'cls': 'positive'}, {'text': 'Stoch 골든크로스', 'cls': 'positive'}, {'text': 'OBV 상승', 'cls': 'positive'}, {'text': '📈 EPS 반등/턴어라운드', 'cls': 'positive'}, {'text': '🚀 매출 고성장', 'cls': 'positive'}]","{'mfc': 52, 'wyckoff': 100, 'stochastic': 56.78146664212331, 'obv': 75, 'bollinger': 100, 'momentum_quality': 28.9, 'regime_score': 50, 'rr_score': 96.7, 'base_tech': np.float64(64.5)}","{'base_tech_score': np.float64(64.5), 'insider_bonus': 0.0, 'deviation_penalty': 0.0, 'blowoff_penalty': 0.0, 'short_excessive_penalty': 0.0, 'weekly_penalty': 0.0, 'resistance_penalty': 0.0, 'rr_penalty': 0.0, 'cmf_confluence_val': 0.0, 'penny_penalty': 0.0, 'penny_non_acc_penalty': 0.0, 'scalping_bonus': 0.0, 'fund_penalty': -25.0, 'macd_reversal_bonus': 0.0, 'sector_rs_bonus': 0.0, 'confluence_bonus': 0.0, 'short_squeeze_bonus': 0.0, 'ai_momentum_bonus': 0.0}",N/A,,,,,0.68,0.43,0.43,False,False
CARG,"CarGurus, Inc.",$38.99,38.98500061035156,Consumer Cyclical,Auto & Truck Dealerships,7.16,80.3,71.5,0.030439999,False,False,False,68.7,Markup,"{'trend': 65.0, 'momentum': 85.7, 'flow': 86.0, 'volatility': 53, 'structure': 80.0, 'momentum_quality': 92.2, 'insider': 50.0}",-1.5,-4.858157572370409,0.17,Tactical Overweight,매수 우위 (강력 매수 - 다중지표 강세 컨플루언스 확인),False,상승,상단 돌파,혼합,9.6,10.0,하락,5829259.655100386,1.202,0.131,0.92375,0.25275,241320752.0,"[{'text': '상승 추세', 'cls': 'positive'}, {'text': 'OBV 상승', 'cls': 'positive'}, {'text': '📈 EPS 반등/턴어라운드', 'cls': 'positive'}, {'text': '🚨 공매도 비중 주의 (17.00%)', 'cls': 'negative'}]","{'mfc': 72, 'wyckoff': 80, 'stochastic': 41.876720728641246, 'obv': 75, 'bollinger': 0, 'momentum_quality': 92.2, 'regime_score': 50, 'rr_score': 83.1, 'base_tech': np.float64(67.3)}","{'base_tech_score': np.float64(67.3), 'insider_bonus': 0.0, 'deviation_penalty': 0.0, 'blowoff_penalty': 0.0, 'short_excessive_penalty': 0.0, 'weekly_penalty': 0.0, 'resistance_penalty': 0.0, 'rr_penalty': 0.0, 'cmf_confluence_val': 0.0, 'penny_penalty': 0.0, 'penny_non_acc_penalty': 0.0, 'scalping_bonus': 10.0, 'fund_penalty': -18.0, 'macd_reversal_bonus': 0.0, 'sector_rs_bonus': 0.0, 'confluence_bonus': 0.0, 'short_squeeze_bonus': 0.0, 'ai_momentum_bonus': 0.0}",N/A,,,,,7.16,1.57,1.57,False,False
CCC,CCC Intelligent Solutions Holdi,$6.92,6.920000076293945,Technology,Software - Application,6.46,80.2,69.7,0.045,False,False,False,75.0,Markup,"{'trend': 65.0, 'momentum': 85.7, 'flow': 100, 'volatility': 33, 'structure': 80.0, 'momentum_quality': 98.2, 'insider': 50.0}",0.0,4.923006028151445,0.0892,Core Holding,매수 우위 (안정적 상승 추세 안착),True,상승,상단 돌파,혼합,12.5,10.0,상승,44248985.060704514,0.604,0.098,0.75095004,0.16659,290087872.0,"[{'text': '상승 추세', 'cls': 'positive'}, {'text': 'Stoch 골든크로스', 'cls': 'positive'}, {'text': 'OBV 상승', 'cls': 'positive'}, {'text': '📈 EPS 반등/턴어라운드', 'cls': 'positive'}]","{'mfc': 70, 'wyckoff': 80, 'stochastic': 53.780817219413315, 'obv': 75, 'bollinger': 0, 'momentum_quality': 98.2, 'regime_score': 50, 'rr_score': 64.1, 'base_tech': np.float64(69.0)}","{'base_tech_score': np.float64(69.0), 'insider_bonus': 0.0, 'deviation_penalty': 0.0, 'blowoff_penalty': 0.0, 'short_excessive_penalty': 0.0, 'weekly_penalty': 0.0, 'resistance_penalty': 0.0, 'rr_penalty': 0.0, 'cmf_confluence_val': 0.0, 'penny_penalty': 0.0, 'penny_non_acc_penalty': 0.0, 'scalping_bonus': 10.0, 'fund_penalty': -15.0, 'macd_reversal_bonus': 0.0, 'sector_rs_bonus': 0.0, 'confluence_bonus': 0.0, 'short_squeeze_bonus': 0.0, 'ai_momentum_bonus': 0.0}",N/A,,,,,6.46,1.16,1.16,False,False
QSR,Restaurant Brands International,$73.89,73.88999938964844,Consumer Cyclical,Restaurants,1.33,79.9,58.7,0.01298,False,False,False,49.7,Accumulation,"{'trend': 38.0, 'momentum': 63.0, 'flow': 67.0, 'volatility': 93, 'structure': 65.0, 'momentum_quality': 49.1, 'insider': 50.0}",0.0,3.888818908492804,0.063,Tactical Hold,"중립 대기 (방향성 탐색 중, 뚜렷한 주도력 부재)",True,상승,하단,데드크로스 진행,-0.4,0.0,상승,-5436130.100309189,1.683,0.046,0.34085998,0.27738002,1713374976.0,"[{'text': '매집 구간', 'cls': 'positive'}, {'text': '🎯 시그널 컨플루언스 (3)', 'cls': 'positive'}, {'text': 'Stoch 골든크로스', 'cls': 'positive'}, {'text': 'OBV 상승', 'cls': 'positive'}, {'text': 'Squeeze 대기', 'cls': 'neutral'}, {'text': '📈 EPS 반등/턴어라운드', 'cls': 'positive'}]","{'mfc': 59, 'wyckoff': 100, 'stochastic': 68.94921824493386, 'obv': 75, 'bollinger': 100, 'momentum_quality': 49.1, 'regime_score': 50, 'rr_score': 78.7, 'base_tech': np.float64(71.2)}","{'base_tech_score': np.float64(71.2), 'insider_bonus': 0.0, 'deviation_penalty': 0.0, 'blowoff_penalty': 0.0, 'short_excessive_penalty': 0.0, 'weekly_penalty': 0.0, 'resistance_penalty': 0.0, 'rr_penalty': 0.0, 'cmf_confluence_val': 0.0, 'penny_penalty': 0.0, 'penny_non_acc_penalty': 0.0, 'scalping_bonus': 0.0, 'fund_penalty': -15.0, 'macd_reversal_bonus': 0.0, 'sector_rs_bonus': 0.0, 'confluence_bonus': 8.0, 'short_squeeze_bonus': 0.0, 'ai_momentum_bonus': 0.0}",N/A,,,,,1.33,0.69,0.69,False,False
BHC,Bausch Health Companies Inc.,$6.25,6.25,Healthcare,Drug Manufacturers - Specialty & Generic,5.75,79.6,61.7,0.11115,False,False,False,62.3,Accumulation,"{'trend': 73.0, 'momentum': 82.4, 'flow': 41.0, 'volatility': 23, 'structure': 50.0, 'momentum_quality': 100, 'insider': 50.0}",2.0,-0.949533330224486,0.024600001,Tactical Hold,매도 우위 (하방 경계 - 바닥 탐색 진행 중),False,하락,상단,혼합,18.6,10.0,하락,-5354157.389698858,0.743,0.127,0.71823,0.27174,1433624960.0,"[{'text': '매집 구간', 'cls': 'positive'}, {'text': '📈 EPS 반등/턴어라운드', 'cls': 'positive'}]","{'mfc': 62, 'wyckoff': 100, 'stochastic': 36.25140165672445, 'obv': 25, 'bollinger': 0, 'momentum_quality': 100, 'regime_score': 50, 'rr_score': 94.9, 'base_tech': np.float64(61.9)}","{'base_tech_score': np.float64(61.9), 'insider_bonus': 0.0, 'deviation_penalty': 0.0, 'blowoff_penalty': 0.0, 'short_excessive_penalty': 0.0, 'weekly_penalty': 0.0, 'resistance_penalty': 0.0, 'rr_penalty': 0.0, 'cmf_confluence_val': 0.0, 'penny_penalty': 0.0, 'penny_non_acc_penalty': 0.0, 'scalping_bonus': 10.0, 'fund_penalty': -18.0, 'macd_reversal_bonus': 0.0, 'sector_rs_bonus': 0.0, 'confluence_bonus': 0.0, 'short_squeeze_bonus': 0.0, 'ai_momentum_bonus': 0.0}",N/A,,,,,5.75,1.2,1.2,False,False
GLW,Corning Incorporated,$165.68,165.67999267578125,Technology,Electronic Components,5.41,79.5,66.6,0.08166,False,False,False,51.6,Markup,"{'trend': 60.0, 'momentum': 95.3, 'flow': 89.0, 'volatility': 3, 'structure': 80.0, 'momentum_quality': 91.2, 'insider': 50.0}",7.0,-19.516718674935472,0.0252,Core Holding,매수 우위 (안정적 상승 추세 안착),True,상승,상단,골든크로스 진행,7.5,10.0,상승,56773158.10777987,0.192,0.166,0.36395,0.15649,734499968.0,"[{'text': '상승 추세', 'cls': 'positive'}, {'text': '📊 VWAP 상회 주의', 'cls': 'neutral'}, {'text': 'Stoch 골든크로스', 'cls': 'positive'}, {'text': 'OBV 상승', 'cls': 'positive'}, {'text': '🔥 숏커버 (-19.5%)', 'cls': 'positive'}]","{'mfc': 67, 'wyckoff': 80, 'stochastic': 64.66755024192625, 'obv': 75, 'bollinger': 0, 'momentum_quality': 91.2, 'regime_score': 50, 'rr_score': 100, 'base_tech': np.float64(68.2)}","{'base_tech_score': np.float64(68.2), 'insider_bonus': 0.0, 'deviation_penalty': 0.0, 'blowoff_penalty': 0.0, 'short_excessive_penalty': 0.0, 'weekly_penalty': 0.0, 'resistance_penalty': 0.0, 'rr_penalty': 0.0, 'cmf_confluence_val': 0.0, 'penny_penalty': 0.0, 'penny_non_acc_penalty': 0.0, 'scalping_bonus': 10.0, 'fund_penalty': -8.0, 'macd_reversal_bonus': 0.0, 'sector_rs_bonus': 0.0, 'confluence_bonus': 0.0, 'short_squeeze_bonus': 0.0, 'ai_momentum_bonus': 0.0}",N/A,,,,,5.41,0.62,0.62,False,False
TSEM,Tower Semiconductor Ltd.,$252.49,252.49000549316406,Technology,Semiconductors,12.37,79.0,62.9,0.0054400004,False,False,False,55.0,Markup,"{'trend': 73.0, 'momentum': 84.9, 'flow': 77.0, 'volatility': 3, 'structure': 80.0, 'momentum_quality': 59.8, 'insider': 50.0}",2.0,2.9627216922341315,0.024400001,Tactical Overweight,매수 우위 (강력 매수 - 다중지표 강세 컨플루언스 확인),True,상승,상단,골든크로스 진행,8.9,10.0,상승,36414665.11979276,0.95,0.237,0.26871002,0.19625,166814752.0,"[{'text': '상승 추세', 'cls': 'positive'}, {'text': 'Stoch 골든크로스', 'cls': 'positive'}, {'text': 'OBV 상승', 'cls': 'positive'}, {'text': '📈 EPS 반등/턴어라운드', 'cls': 'positive'}]","{'mfc': 63, 'wyckoff': 80, 'stochastic': 57.45561093017727, 'obv': 75, 'bollinger': 0, 'momentum_quality': 59.8, 'regime_score': 50, 'rr_score': 81.7, 'base_tech': np.float64(61.3)}","{'base_tech_score': np.float64(61.3), 'insider_bonus': 0.0, 'deviation_penalty': 0.0, 'blowoff_penalty': 0.0, 'short_excessive_penalty': 0.0, 'weekly_penalty': 0.0, 'resistance_penalty': 0.0, 'rr_penalty': 0.0, 'cmf_confluence_val': 0.0, 'penny_penalty': 0.0, 'penny_non_acc_penalty': 0.0, 'scalping_bonus': 10.0, 'fund_penalty': -18.0, 'macd_reversal_bonus': 0.0, 'sector_rs_bonus': 0.0, 'confluence_bonus': 0.0, 'short_squeeze_bonus': 0.0, 'ai_momentum_bonus': 0.0}",N/A,,,,,12.37,1.01,1.01,False,False
VSXY,Victorias Secret & Co.,$98.54,98.54000091552734,Consumer Cyclical,Apparel Retail,5.37,78.3,77.7,0.10493,False,False,False,75.3,Markup,"{'trend': 100, 'momentum': 85.3, 'flow': 97.0, 'volatility': 33, 'structure': 80.0, 'momentum_quality': 100, 'insider': 50.0}",0.5,-6.650298634823168,0.1898,Tactical Overweight,매수 우위 (강력 매수 - 다중지표 강세 컨플루언스 확인),True,상승,상단 돌파,정배열,13.4,16.0,상승,19597649.392946076,,0.153,0.37012002,0.05192,241875008.0,"[{'text': '상승 추세', 'cls': 'positive'}, {'text': '📊 VWAP 상회 주의', 'cls': 'neutral'}, {'text': 'Stoch 골든크로스', 'cls': 'positive'}, {'text': 'OBV 상승', 'cls': 'positive'}, {'text': '🚨 공매도 비중 주의 (18.98%)', 'cls': 'negative'}]","{'mfc': 78, 'wyckoff': 80, 'stochastic': 65.36143331216522, 'obv': 75, 'bollinger': 0, 'momentum_quality': 100, 'regime_score': 50, 'rr_score': 89.8, 'base_tech': np.float64(73.4)}","{'base_tech_score': np.float64(73.4), 'insider_bonus': 0.0, 'deviation_penalty': 0.0, 'blowoff_penalty': 0.0, 'short_excessive_penalty': 0.0, 'weekly_penalty': 0.0, 'resistance_penalty': 0.0, 'rr_penalty': 0.0, 'cmf_confluence_val': 0.0, 'penny_penalty': 0.0, 'penny_non_acc_penalty': 0.0, 'scalping_bonus': 16.0, 'fund_penalty': -3.0, 'macd_reversal_bonus': 0.0, 'sector_rs_bonus': 0.0, 'confluence_bonus': 0.0, 'short_squeeze_bonus': 0.0, 'ai_momentum_bonus': 0.0}",N/A,,,,,5.37,0.64,0.64,True,False
DKNG,DraftKings Inc.,$24.03,24.030000686645508,Consumer Cyclical,Gambling,8.39,78.1,63.8,0.029360002,False,False,False,49.0,Accumulation,"{'trend': 40.0, 'momentum': 62.4, 'flow': 100, 'volatility': 53, 'structure': 90.0, 'momentum_quality': 74.7, 'insider': 50.0}",0.0,-2.7596358815105893,0.081599995,Aggressive Buy,매수 우위 (🔔 Wyckoff Spring 감지 — 세력 매집 완료 후 상승 전환 임박),True,상승,상단,혼합,0.3,18.0,상승,31082251.454817887,,-0.046,0.74461,-0.04724,461744736.0,"[{'text': '매집 구간', 'cls': 'positive'}, {'text': 'Stoch 골든크로스', 'cls': 'positive'}, {'text': 'OBV 상승', 'cls': 'positive'}, {'text': '거래량 폭발', 'cls': 'neutral'}, {'text': '📉 AI 예상: +0.0%', 'cls': 'negative'}]","{'mfc': 64, 'wyckoff': 100, 'stochastic': 68.83705083639327, 'obv': 75, 'bollinger': 0, 'momentum_quality': 74.7, 'regime_score': 50, 'rr_score': 100, 'base_tech': np.float64(68.8)}","{'base_tech_score': np.float64(68.8), 'insider_bonus': 0.0, 'deviation_penalty': 0.0, 'blowoff_penalty': 0.0, 'short_excessive_penalty': 0.0, 'weekly_penalty': 0.0, 'resistance_penalty': 0.0, 'rr_penalty': 0.0, 'cmf_confluence_val': 0.0, 'penny_penalty': 0.0, 'penny_non_acc_penalty': 0.0, 'scalping_bonus': 18.0, 'fund_penalty': 8.0, 'macd_reversal_bonus': 0.0, 'sector_rs_bonus': 0.0, 'confluence_bonus': 0.0, 'short_squeeze_bonus': 0.0, 'ai_momentum_bonus': 0.0}",+0.00%,78.1,BUY,+0.00%,0.5,8.39,2.93,2.93,False,False
FRO,Frontline Plc,$39.74,39.7400016784668,Energy,Oil & Gas Midstream,0.46,78.1,74.5,0.35786998,False,False,False,56.9,Markup,"{'trend': 100, 'momentum': 80.1, 'flow': 81.0, 'volatility': 53, 'structure': 80.0, 'momentum_quality': 71.0, 'insider': 50.0}",0.0,-0.7354311494908323,0.0497,Tactical Overweight,매수 우위 (강력 매수 - 다중지표 강세 컨플루언스 확인),True,상승,상단,정배열,3.3,0.0,상승,46585893.57684825,15.797,0.669,0.55826,0.51809,373963616.0,"[{'text': '상승 추세', 'cls': 'positive'}, {'text': '📊 VWAP 상회 주의', 'cls': 'neutral'}, {'text': 'Stoch 골든크로스', 'cls': 'positive'}, {'text': 'OBV 상승', 'cls': 'positive'}, {'text': '📈 EPS 반등/턴어라운드', 'cls': 'positive'}, {'text': '🚀 매출 고성장', 'cls': 'positive'}]","{'mfc': 74, 'wyckoff': 80, 'stochastic': 51.70730969809373, 'obv': 75, 'bollinger': 0, 'momentum_quality': 71.0, 'regime_score': 50, 'rr_score': 86.7, 'base_tech': np.float64(66.3)}","{'base_tech_score': np.float64(66.3), 'insider_bonus': 0.0, 'deviation_penalty': 0.0, 'blowoff_penalty': 0.0, 'short_excessive_penalty': 0.0, 'weekly_penalty': 0.0, 'resistance_penalty': 0.0, 'rr_penalty': 0.0, 'cmf_confluence_val': 0.0, 'penny_penalty': 0.0, 'penny_non_acc_penalty': 0.0, 'scalping_bonus': 0.0, 'fund_penalty': -25.0, 'macd_reversal_bonus': 0.0, 'sector_rs_bonus': 0.0, 'confluence_bonus': 0.0, 'short_squeeze_bonus': 0.0, 'ai_momentum_bonus': 0.0}",N/A,,,,,0.46,0.47,0.47,False,False
SMCI,"Super Micro Computer, Inc.",$31.13,31.1299991607666,Technology,Computer Hardware,5.96,77.4,63.1,0.12874,False,False,False,54.9,Markup,"{'trend': 60.0, 'momentum': 73.0, 'flow': 85.0, 'volatility': 3, 'structure': 80.0, 'momentum_quality': 66.1, 'insider': 50.0}",-1.5,0.953000255171059,0.19610001,Core Holding,매수 우위 (안정적 상승 추세 안착),False,상승,상단,골든크로스 진행,10.5,10.0,상승,-20616617.81175957,3.444,1.227,0.08394,0.061100002,-7448383488.0,"[{'text': '상승 추세', 'cls': 'positive'}, {'text': '📊 VWAP 상회 주의', 'cls': 'neutral'}, {'text': 'OBV 상승', 'cls': 'positive'}, {'text': '📈 EPS 반등/턴어라운드', 'cls': 'positive'}, {'text': '🚀 매출 고성장', 'cls': 'positive'}, {'text': '🚨 공매도 비중 주의 (19.61%)', 'cls': 'negative'}]","{'mfc': 63, 'wyckoff': 80, 'stochastic': 47.41290258463572, 'obv': 75, 'bollinger': 0, 'momentum_quality': 66.1, 'regime_score': 50, 'rr_score': 100, 'base_tech': np.float64(61.1)}","{'base_tech_score': np.float64(61.1), 'insider_bonus': 0.0, 'deviation_penalty': 0.0, 'blowoff_penalty': 0.0, 'short_excessive_penalty': 0.0, 'weekly_penalty': 0.0, 'resistance_penalty': 0.0, 'rr_penalty': 0.0, 'cmf_confluence_val': 0.0, 'penny_penalty': 0.0, 'penny_non_acc_penalty': 0.0, 'scalping_bonus': 10.0, 'fund_penalty': -20.0, 'macd_reversal_bonus': 0.0, 'sector_rs_bonus': 0.0, 'confluence_bonus': 0.0, 'short_squeeze_bonus': 0.0, 'ai_momentum_bonus': 0.0}",N/A,,,,,5.96,0.61,0.61,False,False
IOT,Samsara Inc.,$40.88,40.880001068115234,Technology,Software - Infrastructure,6.96,77.4,75.7,0.03869,False,False,False,63.3,Markup,"{'trend': 100, 'momentum': 90.6, 'flow': 91.0, 'volatility': 33, 'structure': 80.0, 'momentum_quality': 98.2, 'insider': 50.0}",0.0,-4.723784572545105,0.1263,Tactical Overweight,매수 우위 (강력 매수 - 다중지표 강세 컨플루언스 확인),True,상승,상단,정배열,11.0,10.0,상승,59006633.26211631,,0.305,0.76298,0.01503,242680256.0,"[{'text': '상승 추세', 'cls': 'positive'}, {'text': 'Stoch 골든크로스', 'cls': 'positive'}, {'text': 'OBV 상승', 'cls': 'positive'}, {'text': '🚀 매출 고성장', 'cls': 'positive'}, {'text': '🚨 공매도 비중 주의 (12.63%)', 'cls': 'negative'}]","{'mfc': 76, 'wyckoff': 80, 'stochastic': 59.86768124673276, 'obv': 75, 'bollinger': 0, 'momentum_quality': 98.2, 'regime_score': 50, 'rr_score': 53.3, 'base_tech': np.float64(71.8)}","{'base_tech_score': np.float64(71.8), 'insider_bonus': 0.0, 'deviation_penalty': 0.0, 'blowoff_penalty': 0.0, 'short_excessive_penalty': 0.0, 'weekly_penalty': 0.0, 'resistance_penalty': 0.0, 'rr_penalty': 0.0, 'cmf_confluence_val': 0.0, 'penny_penalty': 0.0, 'penny_non_acc_penalty': 0.0, 'scalping_bonus': 10.0, 'fund_penalty': -10.0, 'macd_reversal_bonus': 0.0, 'sector_rs_bonus': 0.0, 'confluence_bonus': 0.0, 'short_squeeze_bonus': 0.0, 'ai_momentum_bonus': 0.0}",N/A,,,,,6.96,1.05,1.05,False,False
ET,Energy Transfer LP,$20.13,20.1299991607666,Energy,Oil & Gas Midstream,-0.98,77.2,70.7,0.1029,False,False,False,59.7,Markup,"{'trend': 100, 'momentum': 66.3, 'flow': 47.0, 'volatility': 93, 'structure': 80.0, 'momentum_quality': 56.8, 'insider': 50.0}",2.0,4.560999895153357,0.0109,Tactical Overweight,매수 우위 (강력 매수 - 다중지표 강세 컨플루언스 확인),True,상승,상단,정배열,1.0,0.0,하락,-95856309.34441796,0.795,0.784,0.17509001,0.1041,3159124992.0,"[{'text': '상승 추세', 'cls': 'positive'}, {'text': '⚠️ MACD 하향', 'cls': 'negative'}, {'text': '🎯 시그널 컨플루언스 (3)', 'cls': 'positive'}, {'text': 'Stoch 골든크로스', 'cls': 'positive'}, {'text': 'OBV 상승', 'cls': 'positive'}, {'text': 'Squeeze 대기', 'cls': 'neutral'}, {'text': '📈 EPS 반등/턴어라운드', 'cls': 'positive'}, {'text': '🚀 매출 고성장', 'cls': 'positive'}]","{'mfc': 71, 'wyckoff': 80, 'stochastic': 60.65164750189638, 'obv': 75, 'bollinger': 0, 'momentum_quality': 56.8, 'regime_score': 50, 'rr_score': 67.9, 'base_tech': np.float64(63.9)}","{'base_tech_score': np.float64(63.9), 'insider_bonus': 0.0, 'deviation_penalty': 0.0, 'blowoff_penalty': 0.0, 'short_excessive_penalty': 0.0, 'weekly_penalty': 0.0, 'resistance_penalty': 0.0, 'rr_penalty': 0.0, 'cmf_confluence_val': -6, 'penny_penalty': 0.0, 'penny_non_acc_penalty': 0.0, 'scalping_bonus': 0.0, 'fund_penalty': -25.0, 'macd_reversal_bonus': -3.0, 'sector_rs_bonus': 0.0, 'confluence_bonus': 8.0, 'short_squeeze_bonus': 0.0, 'ai_momentum_bonus': 0.0}",N/A,,,,,-0.98,1.17,1.17,False,False
PLTR,Palantir Technologies Inc.,$172.01,172.00999450683594,Technology,Software - Infrastructure,10.32,76.9,69.3,0.03492,False,False,False,72.8,Markup,"{'trend': 65.0, 'momentum': 96.6, 'flow': 100, 'volatility': 13, 'structure': 80.0, 'momentum_quality': 98.2, 'insider': 50.0}",0.0,1.8838016839252278,0.0364,Core Holding,매수 우위 (안정적 상승 추세 안착),True,상승,상단 돌파,혼합,27.4,10.0,상승,513736219.8355842,2.25,0.928,0.84796,0.47120997,2159104512.0,"[{'text': '상승 추세', 'cls': 'positive'}, {'text': '⚠️ 이격도 과다', 'cls': 'negative'}, {'text': '🔥 Accumulation Confluence (CMF+ADL)', 'cls': 'positive'}, {'text': 'Stoch 골든크로스', 'cls': 'positive'}, {'text': 'OBV 상승', 'cls': 'positive'}, {'text': '📈 EPS 반등/턴어라운드', 'cls': 'positive'}, {'text': '🚀 매출 고성장', 'cls': 'positive'}]","{'mfc': 69, 'wyckoff': 80, 'stochastic': 62.37874526979333, 'obv': 75, 'bollinger': 0, 'momentum_quality': 98.2, 'regime_score': 50, 'rr_score': 57.2, 'base_tech': np.float64(69.9)}","{'base_tech_score': np.float64(69.9), 'insider_bonus': 0.0, 'deviation_penalty': 20, 'blowoff_penalty': 0.0, 'short_excessive_penalty': 0.0, 'weekly_penalty': 0.0, 'resistance_penalty': 0.0, 'rr_penalty': 0.0, 'cmf_confluence_val': 0.0, 'penny_penalty': 0.0, 'penny_non_acc_penalty': 0.0, 'scalping_bonus': 10.0, 'fund_penalty': -25.0, 'macd_reversal_bonus': 0.0, 'sector_rs_bonus': 0.0, 'confluence_bonus': 0.0, 'short_squeeze_bonus': 0.0, 'ai_momentum_bonus': 0.0}",N/A,,,,,10.32,1.79,1.79,False,False
RBRK,"Rubrik, Inc.",$90.07,90.06999969482422,Technology,Software - Infrastructure,6.47,76.5,76.7,0.02421,False,False,False,69.0,Markup,"{'trend': 100, 'momentum': 100, 'flow': 100, 'volatility': 33, 'structure': 80.0, 'momentum_quality': 98.2, 'insider': 50.0}",0.0,-4.85015738840206,0.0862,Tactical Overweight,매수 우위 (강력 매수 - 다중지표 강세 컨플루언스 확인),True,상승,상단 돌파,정배열,15.3,10.0,상승,27924956.571376596,,0.39,0.80581003,-0.13598,440332128.0,"[{'text': '상승 추세', 'cls': 'positive'}, {'text': '🔥 Accumulation Confluence (CMF+ADL)', 'cls': 'positive'}, {'text': 'Stoch 골든크로스', 'cls': 'positive'}, {'text': 'OBV 상승', 'cls': 'positive'}, {'text': '🚀 매출 고성장', 'cls': 'positive'}]","{'mfc': 77, 'wyckoff': 80, 'stochastic': 67.8146515728865, 'obv': 75, 'bollinger': 0, 'momentum_quality': 98.2, 'regime_score': 50, 'rr_score': 60.9, 'base_tech': np.float64(73.1)}","{'base_tech_score': np.float64(73.1), 'insider_bonus': 0.0, 'deviation_penalty': 0.0, 'blowoff_penalty': 0.0, 'short_excessive_penalty': 0.0, 'weekly_penalty': 0.0, 'resistance_penalty': 0.0, 'rr_penalty': 0.0, 'cmf_confluence_val': 0.0, 'penny_penalty': 0.0, 'penny_non_acc_penalty': 0.0, 'scalping_bonus': 10.0, 'fund_penalty': -2.0, 'macd_reversal_bonus': 0.0, 'sector_rs_bonus': 0.0, 'confluence_bonus': 0.0, 'short_squeeze_bonus': 0.0, 'ai_momentum_bonus': 0.0}",N/A,,,,,6.47,1.14,1.14,False,False
RELY,"Remitly Global, Inc.",$24.42,24.420000076293945,Technology,Software - Infrastructure,-5.82,76.1,73.5,0.053779997,False,False,False,55.6,Markup,"{'trend': 100, 'momentum': 74.8, 'flow': 55.0, 'volatility': 73, 'structure': 80.0, 'momentum_quality': 79.9, 'insider': 50.0}",0.0,-3.5715637340277264,0.0763,Tactical Overweight,매수 우위 (강력 매수 - 다중지표 강세 컨플루언스 확인),False,상승,상단,정배열,2.6,5.0,하락,34792617.21573723,30.504,0.202,0.61548,0.14324,196120992.0,"[{'text': '상승 추세', 'cls': 'positive'}, {'text': 'OBV 상승', 'cls': 'positive'}, {'text': '📈 EPS 반등/턴어라운드', 'cls': 'positive'}]","{'mfc': 74, 'wyckoff': 80, 'stochastic': 44.05761845117862, 'obv': 75, 'bollinger': 0, 'momentum_quality': 79.9, 'regime_score': 50, 'rr_score': 92.8, 'base_tech': np.float64(66.4)}","{'base_tech_score': np.float64(66.4), 'insider_bonus': 0.0, 'deviation_penalty': 0.0, 'blowoff_penalty': 0.0, 'short_excessive_penalty': 0.0, 'weekly_penalty': 0.0, 'resistance_penalty': 0.0, 'rr_penalty': 0.0, 'cmf_confluence_val': 0.0, 'penny_penalty': 0.0, 'penny_non_acc_penalty': 0.0, 'scalping_bonus': 5.0, 'fund_penalty': -18.0, 'macd_reversal_bonus': 0.0, 'sector_rs_bonus': 0.0, 'confluence_bonus': 0.0, 'short_squeeze_bonus': 0.0, 'ai_momentum_bonus': 0.0}",N/A,,,,,-5.82,1.05,1.05,False,False
MS,Morgan Stanley,$216.33,216.3300018310547,Financial Services,Capital Markets,1.21,76.1,75.1,0.24404,False,False,False,52.7,Markup,"{'trend': 100, 'momentum': 75.1, 'flow': 89.0, 'volatility': 83, 'structure': 80.0, 'momentum_quality': 38.6, 'insider': 50.0}",0.0,6.296402877697842,0.0,Tactical Overweight,매수 우위 (강력 매수 - 다중지표 강세 컨플루언스 확인),True,상승,상단,정배열,0.7,0.0,상승,10666669.303527419,0.577,0.28,0.87641,0.41567,,"[{'text': '상승 추세', 'cls': 'positive'}, {'text': 'Stoch 골든크로스', 'cls': 'positive'}, {'text': 'OBV 상승', 'cls': 'positive'}, {'text': '📈 EPS 반등/턴어라운드', 'cls': 'positive'}, {'text': '🚀 매출 고성장', 'cls': 'positive'}]","{'mfc': 75, 'wyckoff': 80, 'stochastic': 69.5908990085821, 'obv': 75, 'bollinger': 0, 'momentum_quality': 38.6, 'regime_score': 50, 'rr_score': 85.3, 'base_tech': np.float64(63.8)}","{'base_tech_score': np.float64(63.8), 'insider_bonus': 0.0, 'deviation_penalty': 0.0, 'blowoff_penalty': 0.0, 'short_excessive_penalty': 0.0, 'weekly_penalty': 0.0, 'resistance_penalty': 0.0, 'rr_penalty': 0.0, 'cmf_confluence_val': 0.0, 'penny_penalty': 0.0, 'penny_non_acc_penalty': 0.0, 'scalping_bonus': 0.0, 'fund_penalty': -25.0, 'macd_reversal_bonus': 0.0, 'sector_rs_bonus': 0.0, 'confluence_bonus': 0.0, 'short_squeeze_bonus': 0.0, 'ai_momentum_bonus': 0.0}",N/A,,,,,1.21,0.88,0.88,False,False
MDB,"MongoDB, Inc.",$398.80,398.79998779296875,Technology,Software - Infrastructure,7.78,75.9,76.5,0.026530001,False,False,False,69.7,Markup,"{'trend': 95.0, 'momentum': 100, 'flow': 100, 'volatility': 13, 'structure': 80.0, 'momentum_quality': 92.2, 'insider': 50.0}",8.0,-25.934386580357543,0.036199998,Tactical Overweight,매수 우위 (강력 매수 - 다중지표 강세 컨플루언스 확인),False,상승,상단 돌파,골든크로스 진행,19.4,10.0,상승,18907159.787710648,,0.252,0.71970004,-0.03607,517605376.0,"[{'text': '상승 추세', 'cls': 'positive'}, {'text': 'OBV 상승', 'cls': 'positive'}, {'text': '🚀 매출 고성장', 'cls': 'positive'}, {'text': '🔥 숏커버 (-25.9%)', 'cls': 'positive'}]","{'mfc': 76, 'wyckoff': 80, 'stochastic': 48.555036587878924, 'obv': 75, 'bollinger': 0, 'momentum_quality': 92.2, 'regime_score': 50, 'rr_score': 59.4, 'base_tech': np.float64(69.8)}","{'base_tech_score': np.float64(69.8), 'insider_bonus': 0.0, 'deviation_penalty': 0.0, 'blowoff_penalty': 0.0, 'short_excessive_penalty': 0.0, 'weekly_penalty': 0.0, 'resistance_penalty': 0.0, 'rr_penalty': 0.0, 'cmf_confluence_val': 0.0, 'penny_penalty': 0.0, 'penny_non_acc_penalty': 0.0, 'scalping_bonus': 10.0, 'fund_penalty': -2.0, 'macd_reversal_bonus': 0.0, 'sector_rs_bonus': 0.0, 'confluence_bonus': 0.0, 'short_squeeze_bonus': 0.0, 'ai_momentum_bonus': 0.0}",N/A,,,,,7.78,0.86,0.86,False,False
ENTG,"Entegris, Inc.",$152.08,152.0800018310547,Technology,Semiconductor Equipment & Materials,6.61,75.8,66.0,0.00445,False,False,False,58.3,Markup,"{'trend': 60.0, 'momentum': 99.6, 'flow': 81.0, 'volatility': 3, 'structure': 80.0, 'momentum_quality': 98.2, 'insider': 50.0}",8.0,-27.625154269407442,0.0715,Tactical Overweight,매수 우위 (강력 매수 - 다중지표 강세 컨플루언스 확인),True,상승,상단,골든크로스 진행,14.3,10.0,상승,12689507.872156104,0.773,0.115,0.45555001,0.19271,477787488.0,"[{'text': '상승 추세', 'cls': 'positive'}, {'text': '⚠️ 장기 매물대(저항선) 충돌 위험', 'cls': 'negative'}, {'text': '📊 VWAP 상회 주의', 'cls': 'neutral'}, {'text': 'Stoch 골든크로스', 'cls': 'positive'}, {'text': 'OBV 상승', 'cls': 'positive'}, {'text': '📈 EPS 반등/턴어라운드', 'cls': 'positive'}, {'text': '🔥 숏커버 (-27.6%)', 'cls': 'positive'}]","{'mfc': 66, 'wyckoff': 80, 'stochastic': 61.076772993369524, 'obv': 75, 'bollinger': 0, 'momentum_quality': 98.2, 'regime_score': 50, 'rr_score': 100, 'base_tech': np.float64(68.6)}","{'base_tech_score': np.float64(68.6), 'insider_bonus': 0.0, 'deviation_penalty': 0.0, 'blowoff_penalty': 0.0, 'short_excessive_penalty': 0.0, 'weekly_penalty': 0.0, 'resistance_penalty': 15, 'rr_penalty': 0.0, 'cmf_confluence_val': 0.0, 'penny_penalty': 0.0, 'penny_non_acc_penalty': 0.0, 'scalping_bonus': 10.0, 'fund_penalty': -18.0, 'macd_reversal_bonus': 0.0, 'sector_rs_bonus': 0.0, 'confluence_bonus': 0.0, 'short_squeeze_bonus': 0.0, 'ai_momentum_bonus': 0.0}",N/A,,,,,6.61,0.62,0.62,False,False
UBER,"Uber Technologies, Inc.",$75.02,75.0199966430664,Technology,Software - Application,6.46,75.6,76.2,0.00196,False,False,False,58.1,Markup,"{'trend': 88.0, 'momentum': 84.1, 'flow': 100, 'volatility': 53, 'structure': 80.0, 'momentum_quality': 76.0, 'insider': 50.0}",4.0,-5.8091632047714965,0.026400002,Tactical Overweight,매수 우위 (강력 매수 - 다중지표 강세 컨플루언스 확인),True,상승,상단,골든크로스 진행,5.5,10.0,상승,-73248006.90919495,0.767,0.122,0.40752,0.13317999,7244749824.0,"[{'text': '상승 추세', 'cls': 'positive'}, {'text': '⚠️ 주봉 역배열(하락추세)', 'cls': 'negative'}, {'text': '⚠️ 장기 매물대(저항선) 충돌 위험', 'cls': 'negative'}, {'text': '🔄 MACD 반전', 'cls': 'positive'}, {'text': '🎯 시그널 컨플루언스 (3)', 'cls': 'positive'}, {'text': 'Stoch 골든크로스', 'cls': 'positive'}, {'text': 'OBV 상승', 'cls': 'positive'}, {'text': '📈 EPS 반등/턴어라운드', 'cls': 'positive'}]","{'mfc': 76, 'wyckoff': 80, 'stochastic': 67.07339944847837, 'obv': 75, 'bollinger': 0, 'momentum_quality': 76.0, 'regime_score': 50, 'rr_score': 55.0, 'base_tech': np.float64(69.5)}","{'base_tech_score': np.float64(69.5), 'insider_bonus': 0.0, 'deviation_penalty': 0.0, 'blowoff_penalty': 0.0, 'short_excessive_penalty': 0.0, 'weekly_penalty': 10, 'resistance_penalty': 15, 'rr_penalty': 0.0, 'cmf_confluence_val': 0.0, 'penny_penalty': 0.0, 'penny_non_acc_penalty': 0.0, 'scalping_bonus': 10.0, 'fund_penalty': -18.0, 'macd_reversal_bonus': 5.0, 'sector_rs_bonus': 0.0, 'confluence_bonus': 8.0, 'short_squeeze_bonus': 0.0, 'ai_momentum_bonus': 0.0}",N/A,,,,,6.46,1.39,1.39,False,False
CAI,"Caris Life Sciences, Inc.",$22.74,22.739999771118164,Healthcare,Biotechnology,13.7,75.5,76.4,0.48523,False,False,False,78.6,Markup,"{'trend': 85.0, 'momentum': 97.4, 'flow': 100, 'volatility': 13, 'structure': 80.0, 'momentum_quality': 98.2, 'insider': 50.0}",0.0,0.8451095914756495,0.1018,Core Holding,매수 우위 (안정적 상승 추세 안착),True,상승,상단 돌파,골든크로스 진행,36.8,18.0,상승,-2010289.6008101366,,0.454,0.69848996,0.1021,63262624.0,"[{'text': '상승 추세', 'cls': 'positive'}, {'text': '⚠️ 이격도 과다', 'cls': 'negative'}, {'text': '🔥 Accumulation Confluence (CMF+ADL)', 'cls': 'positive'}, {'text': 'Stoch 골든크로스', 'cls': 'positive'}, {'text': 'OBV 상승', 'cls': 'positive'}, {'text': '🚀 매출 고성장', 'cls': 'positive'}, {'text': '🚨 공매도 비중 주의 (10.18%)', 'cls': 'negative'}]","{'mfc': 76, 'wyckoff': 80, 'stochastic': 100, 'obv': 75, 'bollinger': 0, 'momentum_quality': 98.2, 'regime_score': 50, 'rr_score': 54.9, 'base_tech': np.float64(76.9)}","{'base_tech_score': np.float64(76.9), 'insider_bonus': 0.0, 'deviation_penalty': 20, 'blowoff_penalty': 0.0, 'short_excessive_penalty': 0.0, 'weekly_penalty': 0.0, 'resistance_penalty': 0.0, 'rr_penalty': 0.0, 'cmf_confluence_val': 0.0, 'penny_penalty': 0.0, 'penny_non_acc_penalty': 0.0, 'scalping_bonus': 18.0, 'fund_penalty': -10.0, 'macd_reversal_bonus': 0.0, 'sector_rs_bonus': 0.0, 'confluence_bonus': 0.0, 'short_squeeze_bonus': 0.0, 'ai_momentum_bonus': 0.0}",N/A,,,,,13.7,2.61,2.61,False,False
BAC,Bank of America Corporation,$63.17,63.16999816894531,Financial Services,Banks - Diversified,0.27,75.5,78.7,0.07458,False,False,False,66.7,Markup,"{'trend': 100, 'momentum': 63.3, 'flow': 100, 'volatility': 93, 'structure': 80.0, 'momentum_quality': 69.1, 'insider': 50.0}",8.0,-60.84039159608404,0.0,Tactical Overweight,매수 우위 (강력 매수 - 다중지표 강세 컨플루언스 확인),False,상승,상단,정배열,2.3,6.0,상승,155933305.34666115,0.266,0.168,0.0,0.38305,,"[{'text': '상승 추세', 'cls': 'positive'}, {'text': '📊 VWAP 상회 주의', 'cls': 'neutral'}, {'text': 'OBV 상승', 'cls': 'positive'}, {'text': 'Squeeze 대기', 'cls': 'neutral'}, {'text': '🔥 숏커버 (-60.8%)', 'cls': 'positive'}]","{'mfc': 79, 'wyckoff': 80, 'stochastic': 46.79327131016283, 'obv': 75, 'bollinger': 0, 'momentum_quality': 69.1, 'regime_score': 50, 'rr_score': 99.8, 'base_tech': np.float64(66.9)}","{'base_tech_score': np.float64(66.9), 'insider_bonus': 0.0, 'deviation_penalty': 0.0, 'blowoff_penalty': 0.0, 'short_excessive_penalty': 0.0, 'weekly_penalty': 0.0, 'resistance_penalty': 0.0, 'rr_penalty': 0.0, 'cmf_confluence_val': 0.0, 'penny_penalty': 0.0, 'penny_non_acc_penalty': 0.0, 'scalping_bonus': 6.0, 'fund_penalty': -8.0, 'macd_reversal_bonus': 0.0, 'sector_rs_bonus': 0.0, 'confluence_bonus': 0.0, 'short_squeeze_bonus': 0.0, 'ai_momentum_bonus': 0.0}",N/A,,,,,0.27,0.41,0.41,True,False
CGAU,Centerra Gold Inc.,$21.24,21.239999771118164,Basic Materials,Gold,7.22,75.3,72.4,0.00151,False,False,False,73.9,Markup,"{'trend': 65.0, 'momentum': 94.7, 'flow': 100, 'volatility': 13, 'structure': 80.0, 'momentum_quality': 98.2, 'insider': 50.0}",7.0,-14.907742125668861,0.0,Core Holding,매수 우위 (안정적 상승 추세 안착),True,상승,상단 돌파,혼합,25.0,16.0,상승,3692916.890745911,0.052,0.535,0.44327998,0.27221,3341125.0,"[{'text': '상승 추세', 'cls': 'positive'}, {'text': '⚠️ 이격도 과다', 'cls': 'negative'}, {'text': '🔥 Accumulation Confluence (CMF+ADL)', 'cls': 'positive'}, {'text': 'Stoch 골든크로스', 'cls': 'positive'}, {'text': 'OBV 상승', 'cls': 'positive'}, {'text': '🚀 매출 고성장', 'cls': 'positive'}, {'text': '🔥 숏커버 (-14.9%)', 'cls': 'positive'}]","{'mfc': 72, 'wyckoff': 80, 'stochastic': 57.20583321515161, 'obv': 75, 'bollinger': 0, 'momentum_quality': 98.2, 'regime_score': 50, 'rr_score': 60.7, 'base_tech': np.float64(70.3)}","{'base_tech_score': np.float64(70.3), 'insider_bonus': 0.0, 'deviation_penalty': 20, 'blowoff_penalty': 0.0, 'short_excessive_penalty': 0.0, 'weekly_penalty': 0.0, 'resistance_penalty': 0.0, 'rr_penalty': 0.0, 'cmf_confluence_val': 0.0, 'penny_penalty': 0.0, 'penny_non_acc_penalty': 0.0, 'scalping_bonus': 16.0, 'fund_penalty': -10.0, 'macd_reversal_bonus': 0.0, 'sector_rs_bonus': 0.0, 'confluence_bonus': 0.0, 'short_squeeze_bonus': 0.0, 'ai_momentum_bonus': 0.0}",N/A,,,,,7.22,1.45,1.45,True,False
VEEV,Veeva Systems Inc.,$230.47,230.47000122070312,Healthcare,Health Information Services,5.82,74.9,78.6,0.08583,False,False,False,75.6,Markup,"{'trend': 100, 'momentum': 85.2, 'flow': 100, 'volatility': 33, 'structure': 80.0, 'momentum_quality': 100, 'insider': 50.0}",-2.0,5.516282178768017,0.0533,Tactical Overweight,매수 우위 (강력 매수 - 다중지표 강세 컨플루언스 확인),True,상승,상단 돌파,정배열,15.2,10.0,상승,-36053764.24171747,0.144,0.163,0.75021005,0.30932,1259549056.0,"[{'text': '상승 추세', 'cls': 'positive'}, {'text': '🔥 Accumulation Confluence (CMF+ADL)', 'cls': 'positive'}, {'text': 'Stoch 골든크로스', 'cls': 'positive'}, {'text': 'OBV 상승', 'cls': 'positive'}]","{'mfc': 79, 'wyckoff': 80, 'stochastic': 54.00193858674719, 'obv': 75, 'bollinger': 0, 'momentum_quality': 100, 'regime_score': 50, 'rr_score': 71.6, 'base_tech': np.float64(72.4)}","{'base_tech_score': np.float64(72.4), 'insider_bonus': 0.0, 'deviation_penalty': 0.0, 'blowoff_penalty': 0.0, 'short_excessive_penalty': 0.0, 'weekly_penalty': 0.0, 'resistance_penalty': 0.0, 'rr_penalty': 0.0, 'cmf_confluence_val': 0.0, 'penny_penalty': 0.0, 'penny_non_acc_penalty': 0.0, 'scalping_bonus': 10.0, 'fund_penalty': -3.0, 'macd_reversal_bonus': 0.0, 'sector_rs_bonus': 0.0, 'confluence_bonus': 0.0, 'short_squeeze_bonus': 0.0, 'ai_momentum_bonus': 0.0}",N/A,,,,,5.82,1.11,1.11,False,False
AEM,Agnico Eagle Mines Limited,$178.82,178.82000732421875,Basic Materials,Gold,6.49,74.8,73.0,0.00066,False,False,False,72.2,Markup,"{'trend': 68.0, 'momentum': 96.9, 'flow': 100, 'volatility': 33, 'structure': 80.0, 'momentum_quality': 98.2, 'insider': 50.0}",2.0,-3.8459649172845904,0.0087,Core Holding,매수 우위 (안정적 상승 추세 안착),True,상승,상단 돌파,골든크로스 진행,20.8,10.0,상승,6347605.246115785,0.498,0.35,0.74512,0.58105,4282268928.0,"[{'text': '상승 추세', 'cls': 'positive'}, {'text': '⚠️ 주봉 역배열(하락추세)', 'cls': 'negative'}, {'text': '⚠️ 장기 매물대(저항선) 충돌 위험', 'cls': 'negative'}, {'text': '🔥 Accumulation Confluence (CMF+ADL)', 'cls': 'positive'}, {'text': 'Stoch 골든크로스', 'cls': 'positive'}, {'text': 'OBV 상승', 'cls': 'positive'}, {'text': '📈 EPS 반등/턴어라운드', 'cls': 'positive'}, {'text': '🚀 매출 고성장', 'cls': 'positive'}]","{'mfc': 73, 'wyckoff': 80, 'stochastic': 60.80493470042615, 'obv': 75, 'bollinger': 0, 'momentum_quality': 98.2, 'regime_score': 50, 'rr_score': 98.0, 'base_tech': np.float64(71.0)}","{'base_tech_score': np.float64(71.0), 'insider_bonus': 0.0, 'deviation_penalty': 0.0, 'blowoff_penalty': 0.0, 'short_excessive_penalty': 0.0, 'weekly_penalty': 10, 'resistance_penalty': 15, 'rr_penalty': 0.0, 'cmf_confluence_val': 0.0, 'penny_penalty': 0.0, 'penny_non_acc_penalty': 0.0, 'scalping_bonus': 10.0, 'fund_penalty': -25.0, 'macd_reversal_bonus': 0.0, 'sector_rs_bonus': 0.0, 'confluence_bonus': 0.0, 'short_squeeze_bonus': 0.0, 'ai_momentum_bonus': 0.0}",N/A,,,,,6.49,1.68,1.68,False,False
EXK,Endeavour Silver Corporation,$9.54,9.539999961853027,Basic Materials,Silver,8.04,74.7,74.2,0.00164,False,False,False,65.7,Markup,"{'trend': 80.0, 'momentum': 100, 'flow': 100, 'volatility': 33, 'structure': 80.0, 'momentum_quality': 84.0, 'insider': 50.0}",2.0,-2.789179286800321,0.0,Tactical Overweight,매수 우위 (강력 매수 - 다중지표 강세 컨플루언스 확인),True,상승,상단 돌파,골든크로스 진행,18.9,10.0,상승,25121674.839825004,,1.394,0.44085997,0.30504,67664000.0,"[{'text': '상승 추세', 'cls': 'positive'}, {'text': '⚠️ 주봉 역배열(하락추세)', 'cls': 'negative'}, {'text': '🔥 Accumulation Confluence (CMF+ADL)', 'cls': 'positive'}, {'text': 'Stoch 골든크로스', 'cls': 'positive'}, {'text': 'OBV 상승', 'cls': 'positive'}, {'text': '🚀 매출 고성장', 'cls': 'positive'}]","{'mfc': 74, 'wyckoff': 80, 'stochastic': 74.64672188892732, 'obv': 75, 'bollinger': 0, 'momentum_quality': 84.0, 'regime_score': 50, 'rr_score': 100, 'base_tech': np.float64(70.9)}","{'base_tech_score': np.float64(70.9), 'insider_bonus': 0.0, 'deviation_penalty': 0.0, 'blowoff_penalty': 0.0, 'short_excessive_penalty': 0.0, 'weekly_penalty': 10, 'resistance_penalty': 0.0, 'rr_penalty': 0.0, 'cmf_confluence_val': 0.0, 'penny_penalty': 0.0, 'penny_non_acc_penalty': 0.0, 'scalping_bonus': 10.0, 'fund_penalty': -10.0, 'macd_reversal_bonus': 0.0, 'sector_rs_bonus': 0.0, 'confluence_bonus': 0.0, 'short_squeeze_bonus': 0.0, 'ai_momentum_bonus': 0.0}",N/A,,,,,8.04,1.05,1.05,False,False
HOOD,"Robinhood Markets, Inc.",$93.29,93.29000091552734,Financial Services,Capital Markets,2.84,74.5,42.1,0.0072500003,False,False,False,45.7,Accumulation,"{'trend': 38.0, 'momentum': 48.3, 'flow': 37.0, 'volatility': 23, 'structure': 65.0, 'momentum_quality': 2.8, 'insider': 50.0}",0.0,2.089267299954871,0.048699997,Aggressive Buy,매수 우위 (분할 매수 - 바닥 확인 후 모멘텀 턴어라운드),True,상승,하단,데드크로스 진행,-5.0,10.0,하락,115482130.16372031,0.453,0.323,0.9189,0.43884,,"[{'text': '매집 구간', 'cls': 'positive'}, {'text': 'Stoch 골든크로스', 'cls': 'positive'}, {'text': 'OBV 상승', 'cls': 'positive'}, {'text': '📈 EPS 반등/턴어라운드', 'cls': 'positive'}, {'text': '🚀 매출 고성장', 'cls': 'positive'}]","{'mfc': 42, 'wyckoff': 100, 'stochastic': 56.397938233066256, 'obv': 75, 'bollinger': 100, 'momentum_quality': 2.8, 'regime_score': 50, 'rr_score': 100, 'base_tech': np.float64(56.9)}","{'base_tech_score': np.float64(56.9), 'insider_bonus': 0.0, 'deviation_penalty': 0.0, 'blowoff_penalty': 0.0, 'short_excessive_penalty': 0.0, 'weekly_penalty': 0.0, 'resistance_penalty': 0.0, 'rr_penalty': 0.0, 'cmf_confluence_val': -6, 'penny_penalty': 0.0, 'penny_non_acc_penalty': 0.0, 'scalping_bonus': 10.0, 'fund_penalty': -25.0, 'macd_reversal_bonus': 0.0, 'sector_rs_bonus': 0.0, 'confluence_bonus': 0.0, 'short_squeeze_bonus': 0.0, 'ai_momentum_bonus': 0.0}",N/A,,,,,2.84,0.56,0.56,False,False
TOST,"Toast, Inc.",$34.48,34.47999954223633,Technology,Software - Infrastructure,-0.69,74.4,69.1,0.055970002,False,False,False,71.3,Accumulation,"{'trend': 83.0, 'momentum': 75.5, 'flow': 67.0, 'volatility': 53, 'structure': 65.0, 'momentum_quality': 100, 'insider': 50.0}",0.0,-4.08955632264937,0.08,Aggressive Buy,매수 우위 (분할 매수 - 바닥 확인 후 모멘텀 턴어라운드),False,상승,상단,혼합,9.4,0.0,하락,-81803328.43928349,0.925,0.231,0.26793,0.07966,480500000.0,"[{'text': '매집 구간', 'cls': 'positive'}, {'text': 'OBV 상승', 'cls': 'positive'}, {'text': '📈 EPS 반등/턴어라운드', 'cls': 'positive'}]","{'mfc': 69, 'wyckoff': 100, 'stochastic': 36.0111259628836, 'obv': 75, 'bollinger': 0, 'momentum_quality': 100, 'regime_score': 50, 'rr_score': 90.8, 'base_tech': np.float64(70.5)}","{'base_tech_score': np.float64(70.5), 'insider_bonus': 0.0, 'deviation_penalty': 0.0, 'blowoff_penalty': 0.0, 'short_excessive_penalty': 0.0, 'weekly_penalty': 0.0, 'resistance_penalty': 0.0, 'rr_penalty': 0.0, 'cmf_confluence_val': 0.0, 'penny_penalty': 0.0, 'penny_non_acc_penalty': 0.0, 'scalping_bonus': 0.0, 'fund_penalty': -18.0, 'macd_reversal_bonus': 0.0, 'sector_rs_bonus': 0.0, 'confluence_bonus': 0.0, 'short_squeeze_bonus': 0.0, 'ai_momentum_bonus': 0.0}",N/A,,,,,-0.69,0.83,0.83,False,False
HBM,Hudbay Minerals Inc.,$27.61,27.610000610351562,Basic Materials,Copper,4.94,74.0,75.9,0.03641,False,False,False,68.8,Markup,"{'trend': 85.0, 'momentum': 100, 'flow': 100, 'volatility': 13, 'structure': 80.0, 'momentum_quality': 98.2, 'insider': 50.0}",8.0,-29.338547432384466,0.0,Tactical Overweight,매수 우위 (강력 매수 - 다중지표 강세 컨플루언스 확인),True,상승,상단 돌파,골든크로스 진행,20.4,10.0,상승,83582359.92393233,0.167,0.177,0.56569,0.32584,450237504.0,"[{'text': '상승 추세', 'cls': 'positive'}, {'text': '⚠️ 장기 매물대(저항선) 충돌 위험', 'cls': 'negative'}, {'text': '🔥 Accumulation Confluence (CMF+ADL)', 'cls': 'positive'}, {'text': 'Stoch 골든크로스', 'cls': 'positive'}, {'text': 'OBV 상승', 'cls': 'positive'}, {'text': '🔥 숏커버 (-29.3%)', 'cls': 'positive'}]","{'mfc': 76, 'wyckoff': 80, 'stochastic': 54.959847008922296, 'obv': 75, 'bollinger': 0, 'momentum_quality': 98.2, 'regime_score': 50, 'rr_score': 100, 'base_tech': np.float64(71.3)}","{'base_tech_score': np.float64(71.3), 'insider_bonus': 0.0, 'deviation_penalty': 0.0, 'blowoff_penalty': 0.0, 'short_excessive_penalty': 0.0, 'weekly_penalty': 0.0, 'resistance_penalty': 15, 'rr_penalty': 0.0, 'cmf_confluence_val': 0.0, 'penny_penalty': 0.0, 'penny_non_acc_penalty': 0.0, 'scalping_bonus': 10.0, 'fund_penalty': -8.0, 'macd_reversal_bonus': 0.0, 'sector_rs_bonus': 0.0, 'confluence_bonus': 0.0, 'short_squeeze_bonus': 0.0, 'ai_momentum_bonus': 0.0}",N/A,,,,,4.94,0.86,0.86,False,False
MCHP,Microchip Technology Incorporat,$84.69,84.69000244140625,Technology,Semiconductors,13.89,73.9,56.7,0.01781,False,False,False,53.7,Accumulation,"{'trend': 40.0, 'momentum': 63.5, 'flow': 94.0, 'volatility': 33, 'structure': 65.0, 'momentum_quality': 44.5, 'insider': 50.0}",5.0,-13.922786976156729,0.0868,Aggressive Buy,매수 우위 (분할 매수 - 바닥 확인 후 모멘텀 턴어라운드),True,상승,상단,혼합,6.1,10.0,상승,-20802407.9124315,,0.38,0.60194,0.23958,1364762496.0,"[{'text': '매집 구간', 'cls': 'positive'}, {'text': 'Stoch 골든크로스', 'cls': 'positive'}, {'text': 'OBV 상승', 'cls': 'positive'}, {'text': '🚀 매출 고성장', 'cls': 'positive'}, {'text': '🔥 숏커버 (-13.9%)', 'cls': 'positive'}]","{'mfc': 57, 'wyckoff': 100, 'stochastic': 63.86564310509925, 'obv': 75, 'bollinger': 0, 'momentum_quality': 44.5, 'regime_score': 50, 'rr_score': 100, 'base_tech': np.float64(61.2)}","{'base_tech_score': np.float64(61.2), 'insider_bonus': 0.0, 'deviation_penalty': 0.0, 'blowoff_penalty': 0.0, 'short_excessive_penalty': 0.0, 'weekly_penalty': 0.0, 'resistance_penalty': 0.0, 'rr_penalty': 0.0, 'cmf_confluence_val': 0.0, 'penny_penalty': 0.0, 'penny_non_acc_penalty': 0.0, 'scalping_bonus': 10.0, 'fund_penalty': -10.0, 'macd_reversal_bonus': 0.0, 'sector_rs_bonus': 0.0, 'confluence_bonus': 0.0, 'short_squeeze_bonus': 0.0, 'ai_momentum_bonus': 0.0}",N/A,,,,,13.89,1.58,1.58,False,False
KGC,Kinross Gold Corporation,$27.64,27.639999389648438,Basic Materials,Gold,7.88,73.7,74.9,0.00174,False,False,False,68.3,Markup,"{'trend': 68.0, 'momentum': 100, 'flow': 100, 'volatility': 33, 'structure': 80.0, 'momentum_quality': 98.2, 'insider': 50.0}",4.0,-9.902702938674476,0.0,Tactical Overweight,매수 우위 (강력 매수 - 다중지표 강세 컨플루언스 확인),True,상승,상단 돌파,골든크로스 진행,15.7,10.0,상승,65279594.036031485,0.591,0.295,0.69111,0.52478004,2994937600.0,"[{'text': '상승 추세', 'cls': 'positive'}, {'text': '⚠️ 주봉 역배열(하락추세)', 'cls': 'negative'}, {'text': '⚠️ 장기 매물대(저항선) 충돌 위험', 'cls': 'negative'}, {'text': 'Stoch 골든크로스', 'cls': 'positive'}, {'text': 'OBV 상승', 'cls': 'positive'}, {'text': '📈 EPS 반등/턴어라운드', 'cls': 'positive'}, {'text': '🚀 매출 고성장', 'cls': 'positive'}]","{'mfc': 75, 'wyckoff': 80, 'stochastic': 86.18648119110638, 'obv': 75, 'bollinger': 0, 'momentum_quality': 98.2, 'regime_score': 50, 'rr_score': 100, 'base_tech': np.float64(74.7)}","{'base_tech_score': np.float64(74.7), 'insider_bonus': 0.0, 'deviation_penalty': 0.0, 'blowoff_penalty': 0.0, 'short_excessive_penalty': 0.0, 'weekly_penalty': 10, 'resistance_penalty': 15, 'rr_penalty': 0.0, 'cmf_confluence_val': 0.0, 'penny_penalty': 0.0, 'penny_non_acc_penalty': 0.0, 'scalping_bonus': 10.0, 'fund_penalty': -25.0, 'macd_reversal_bonus': 0.0, 'sector_rs_bonus': 0.0, 'confluence_bonus': 0.0, 'short_squeeze_bonus': 0.0, 'ai_momentum_bonus': 0.0}",N/A,,,,,7.88,1.5,1.5,False,False
NLY,Annaly Capital Management Inc.,$23.04,23.040000915527344,Real Estate,REIT - Mortgage,1.68,73.7,53.4,0.00104,False,False,False,58.3,Accumulation,"{'trend': 50.0, 'momentum': 66.6, 'flow': 31.0, 'volatility': 73, 'structure': 65.0, 'momentum_quality': 54.8, 'insider': 50.0}",4.0,-8.571874268777787,0.0,Aggressive Buy,매수 우위 (분할 매수 - 바닥 확인 후 모멘텀 턴어라운드),True,하락,상단,데드크로스 진행,1.0,0.0,상승,-56014874.52512589,13.408,4.794,0.97972,0.91652,,"[{'text': '매집 구간', 'cls': 'positive'}, {'text': 'Stoch 골든크로스', 'cls': 'positive'}, {'text': 'Squeeze 대기', 'cls': 'neutral'}, {'text': '📈 EPS 반등/턴어라운드', 'cls': 'positive'}, {'text': '🚀 매출 고성장', 'cls': 'positive'}]","{'mfc': 53, 'wyckoff': 100, 'stochastic': 66.46746794025644, 'obv': 25, 'bollinger': 0, 'momentum_quality': 54.8, 'regime_score': 50, 'rr_score': 73.8, 'base_tech': np.float64(55.9)}","{'base_tech_score': np.float64(55.9), 'insider_bonus': 0.0, 'deviation_penalty': 0.0, 'blowoff_penalty': 0.0, 'short_excessive_penalty': 0.0, 'weekly_penalty': 0.0, 'resistance_penalty': 0.0, 'rr_penalty': 0.0, 'cmf_confluence_val': 0.0, 'penny_penalty': 0.0, 'penny_non_acc_penalty': 0.0, 'scalping_bonus': 0.0, 'fund_penalty': -25.0, 'macd_reversal_bonus': 0.0, 'sector_rs_bonus': 0.0, 'confluence_bonus': 0.0, 'short_squeeze_bonus': 0.0, 'ai_momentum_bonus': 0.0}",N/A,,,,,1.68,0.77,0.77,False,False
DV,"DoubleVerify Holdings, Inc.",$13.21,13.210000038146973,Communication Services,Advertising Agencies,12.81,73.6,71.0,0.011879999,False,False,False,69.1,Markup,"{'trend': 100, 'momentum': 100, 'flow': 33.0, 'volatility': 33, 'structure': 80.0, 'momentum_quality': 98.2, 'insider': 50.0}",-2.0,8.495869608243458,0.0922,Tactical Overweight,매수 우위 (강력 매수 - 다중지표 강세 컨플루언스 확인),True,상승,상단 돌파,정배열,14.9,18.0,하락,-3916859.604136672,0.475,0.025,0.82434,0.11881,163128752.0,"[{'text': '상승 추세', 'cls': 'positive'}, {'text': '🚨 강력한 하방 압력(공매도 급증 +8.5%)', 'cls': 'negative'}, {'text': 'Stoch 골든크로스', 'cls': 'positive'}, {'text': 'OBV 상승', 'cls': 'positive'}, {'text': '거래량 폭발', 'cls': 'neutral'}, {'text': '📈 EPS 반등/턴어라운드', 'cls': 'positive'}, {'text': '📉 AI 예상: +0.0%', 'cls': 'negative'}]","{'mfc': 71, 'wyckoff': 80, 'stochastic': 51.12175934217927, 'obv': 75, 'bollinger': 0, 'momentum_quality': 98.2, 'regime_score': 50, 'rr_score': 66.3, 'base_tech': np.float64(69.1)}","{'base_tech_score': np.float64(69.1), 'insider_bonus': 0.0, 'deviation_penalty': 0.0, 'blowoff_penalty': 0.0, 'short_excessive_penalty': 25, 'weekly_penalty': 0.0, 'resistance_penalty': 0.0, 'rr_penalty': 0.0, 'cmf_confluence_val': -6, 'penny_penalty': 0.0, 'penny_non_acc_penalty': 0.0, 'scalping_bonus': 18.0, 'fund_penalty': -15.0, 'macd_reversal_bonus': 0.0, 'sector_rs_bonus': 0.0, 'confluence_bonus': 0.0, 'short_squeeze_bonus': 0.0, 'ai_momentum_bonus': 0.0}",+0.00%,73.6,BUY,+0.00%,0.5,12.81,10.17,10.17,False,False
HBAN,Huntington Bancshares Incorpora,$17.55,17.549999237060547,Financial Services,Banks - Regional,1.09,73.5,63.2,0.008090001,False,False,False,51.3,Markup,"{'trend': 50.0, 'momentum': 55.9, 'flow': 97.0, 'volatility': 83, 'structure': 80.0, 'momentum_quality': 21.0, 'insider': 50.0}",8.0,-23.897649476058334,0.0295,Core Holding,매수 우위 (안정적 상승 추세 안착),True,상승,하단,데드크로스 진행,-0.5,0.0,상승,-93922362.15034063,0.356,0.476,0.0,0.41932,,"[{'text': '상승 추세', 'cls': 'positive'}, {'text': 'Stoch 골든크로스', 'cls': 'positive'}, {'text': 'OBV 상승', 'cls': 'positive'}, {'text': '🚀 매출 고성장', 'cls': 'positive'}, {'text': '🔥 숏커버 (-23.9%)', 'cls': 'positive'}]","{'mfc': 63, 'wyckoff': 80, 'stochastic': 53.744496717781374, 'obv': 75, 'bollinger': 100, 'momentum_quality': 21.0, 'regime_score': 50, 'rr_score': 100, 'base_tech': np.float64(63.1)}","{'base_tech_score': np.float64(63.1), 'insider_bonus': 0.0, 'deviation_penalty': 0.0, 'blowoff_penalty': 0.0, 'short_excessive_penalty': 0.0, 'weekly_penalty': 0.0, 'resistance_penalty': 0.0, 'rr_penalty': 0.0, 'cmf_confluence_val': 0.0, 'penny_penalty': 0.0, 'penny_non_acc_penalty': 0.0, 'scalping_bonus': 0.0, 'fund_penalty': -15.0, 'macd_reversal_bonus': 0.0, 'sector_rs_bonus': 0.0, 'confluence_bonus': 0.0, 'short_squeeze_bonus': 0.0, 'ai_momentum_bonus': 0.0}",N/A,,,,,1.09,0.92,0.92,False,False
TECK,Teck Resources Ltd,$66.47,66.47000122070312,Basic Materials,Copper,0.53,73.3,75.4,0.02789,False,False,False,63.6,Markup,"{'trend': 85.0, 'momentum': 96.7, 'flow': 100, 'volatility': 33, 'structure': 80.0, 'momentum_quality': 84.0, 'insider': 50.0}",2.0,1.663361931226512,0.0,Tactical Overweight,매수 우위 (강력 매수 - 다중지표 강세 컨플루언스 확인),True,상승,상단,골든크로스 진행,11.0,0.0,상승,68719182.44121101,3.146,0.782,0.35987,0.44105,1737124992.0,"[{'text': '상승 추세', 'cls': 'positive'}, {'text': '⚠️ 장기 매물대(저항선) 충돌 위험', 'cls': 'negative'}, {'text': '📊 VWAP 상회 주의', 'cls': 'neutral'}, {'text': '🔥 Accumulation Confluence (CMF+ADL)', 'cls': 'positive'}, {'text': 'Stoch 골든크로스', 'cls': 'positive'}, {'text': 'OBV 상승', 'cls': 'positive'}, {'text': '📈 EPS 반등/턴어라운드', 'cls': 'positive'}, {'text': '🚀 매출 고성장', 'cls': 'positive'}]","{'mfc': 75, 'wyckoff': 80, 'stochastic': 56.54431109226504, 'obv': 75, 'bollinger': 0, 'momentum_quality': 84.0, 'regime_score': 50, 'rr_score': 81.1, 'base_tech': np.float64(69.2)}","{'base_tech_score': np.float64(69.2), 'insider_bonus': 0.0, 'deviation_penalty': 0.0, 'blowoff_penalty': 0.0, 'short_excessive_penalty': 0.0, 'weekly_penalty': 0.0, 'resistance_penalty': 15, 'rr_penalty': 0.0, 'cmf_confluence_val': 0.0, 'penny_penalty': 0.0, 'penny_non_acc_penalty': 0.0, 'scalping_bonus': 0.0, 'fund_penalty': -25.0, 'macd_reversal_bonus': 0.0, 'sector_rs_bonus': 0.0, 'confluence_bonus': 0.0, 'short_squeeze_bonus': 0.0, 'ai_momentum_bonus': 0.0}",N/A,,,,,0.53,0.64,0.64,False,False
GVA,Granite Construction Incorporat,$128.32,128.32000732421875,Industrials,Engineering & Construction,5.53,72.9,64.7,0.0094,False,False,False,51.2,Markup,"{'trend': 73.0, 'momentum': 78.0, 'flow': 49.0, 'volatility': 53, 'structure': 80.0, 'momentum_quality': 83.1, 'insider': 50.0}",0.0,1.8517908771996852,0.14829999,Core Holding,매수 우위 (안정적 상승 추세 안착),True,상승,상단,골든크로스 진행,4.4,10.0,하락,-7717783.904432723,,0.293,0.15641,0.08996,959048128.0,"[{'text': '상승 추세', 'cls': 'positive'}, {'text': 'Stoch 골든크로스', 'cls': 'positive'}, {'text': 'OBV 상승', 'cls': 'positive'}, {'text': '🚀 매출 고성장', 'cls': 'positive'}, {'text': '🚨 공매도 비중 주의 (14.83%)', 'cls': 'negative'}]","{'mfc': 65, 'wyckoff': 80, 'stochastic': 63.521738240923824, 'obv': 75, 'bollinger': 0, 'momentum_quality': 83.1, 'regime_score': 50, 'rr_score': 100, 'base_tech': np.float64(66.1)}","{'base_tech_score': np.float64(66.1), 'insider_bonus': 0.0, 'deviation_penalty': 0.0, 'blowoff_penalty': 0.0, 'short_excessive_penalty': 0.0, 'weekly_penalty': 0.0, 'resistance_penalty': 0.0, 'rr_penalty': 0.0, 'cmf_confluence_val': 0.0, 'penny_penalty': 0.0, 'penny_non_acc_penalty': 0.0, 'scalping_bonus': 10.0, 'fund_penalty': -10.0, 'macd_reversal_bonus': 0.0, 'sector_rs_bonus': 0.0, 'confluence_bonus': 0.0, 'short_squeeze_bonus': 0.0, 'ai_momentum_bonus': 0.0}",N/A,,,,,5.53,0.81,0.81,False,False
HIMS,"Hims & Hers Health, Inc.",$31.59,31.59000015258789,Healthcare,Drug Manufacturers - Specialty & Generic,6.51,72.8,54.9,0.05508,False,True,False,51.0,Markup,"{'trend': 38.0, 'momentum': 77.9, 'flow': 68.0, 'volatility': 23, 'structure': 80.0, 'momentum_quality': 39.1, 'insider': 50.0}",-1.0,-6.205001189579725,0.3194,Core Holding,매수 우위 (안정적 상승 추세 안착),True,상승,상단,데드크로스 진행,0.9,10.0,상승,114302143.27895184,,0.038,0.72919,-0.07897,174305120.0,"[{'text': '상승 추세', 'cls': 'positive'}, {'text': '🔄 MACD 반전', 'cls': 'positive'}, {'text': '📊 VWAP 상회 주의', 'cls': 'neutral'}, {'text': '🎯 시그널 컨플루언스 (3)', 'cls': 'positive'}, {'text': '🚀 숏스퀴즈 가능성', 'cls': 'positive'}, {'text': 'Stoch 골든크로스', 'cls': 'positive'}, {'text': 'OBV 상승', 'cls': 'positive'}, {'text': '🚨 공매도 비중 주의 (31.94%)', 'cls': 'negative'}]","{'mfc': 55, 'wyckoff': 80, 'stochastic': 51.86980856789422, 'obv': 75, 'bollinger': 0, 'momentum_quality': 39.1, 'regime_score': 50, 'rr_score': 91.5, 'base_tech': np.float64(54.7)}","{'base_tech_score': np.float64(54.7), 'insider_bonus': 0.0, 'deviation_penalty': 0.0, 'blowoff_penalty': 0.0, 'short_excessive_penalty': 0.0, 'weekly_penalty': 0.0, 'resistance_penalty': 0.0, 'rr_penalty': 0.0, 'cmf_confluence_val': 0.0, 'penny_penalty': 0.0, 'penny_non_acc_penalty': 0.0, 'scalping_bonus': 10.0, 'fund_penalty': 8.0, 'macd_reversal_bonus': 5.0, 'sector_rs_bonus': 0.0, 'confluence_bonus': 8.0, 'short_squeeze_bonus': 15.0, 'ai_momentum_bonus': 0.0}",N/A,,,,,6.51,0.39,0.39,False,False
ZETA,Zeta Global Holdings Corp.,$26.64,26.639999389648438,Technology,Software - Infrastructure,4.23,72.4,75.0,0.01863,False,False,False,68.3,Markup,"{'trend': 100, 'momentum': 99.5, 'flow': 97.0, 'volatility': 13, 'structure': 65.0, 'momentum_quality': 92.2, 'insider': 50.0}",-2.0,6.020647879736709,0.1426,Tactical Overweight,매수 우위 (강력 매수 - 다중지표 강세 컨플루언스 확인),False,상승,상단 돌파,정배열,19.8,10.0,상승,67260634.42900603,,0.435,0.59478,0.03822,252155632.0,"[{'text': '상승 추세', 'cls': 'positive'}, {'text': 'OBV 상승', 'cls': 'positive'}, {'text': '🚀 매출 고성장', 'cls': 'positive'}, {'text': '🚨 공매도 비중 주의 (14.26%)', 'cls': 'negative'}]","{'mfc': 75, 'wyckoff': 80, 'stochastic': 37.71510435147196, 'obv': 75, 'bollinger': 0, 'momentum_quality': 92.2, 'regime_score': 50, 'rr_score': 76.7, 'base_tech': np.float64(68.0)}","{'base_tech_score': np.float64(68.0), 'insider_bonus': 0.0, 'deviation_penalty': 0.0, 'blowoff_penalty': 0.0, 'short_excessive_penalty': 0.0, 'weekly_penalty': 0.0, 'resistance_penalty': 0.0, 'rr_penalty': 0.0, 'cmf_confluence_val': 0.0, 'penny_penalty': 0.0, 'penny_non_acc_penalty': 0.0, 'scalping_bonus': 10.0, 'fund_penalty': -10.0, 'macd_reversal_bonus': 0.0, 'sector_rs_bonus': 0.0, 'confluence_bonus': 0.0, 'short_squeeze_bonus': 0.0, 'ai_momentum_bonus': 0.0}",N/A,,,,,4.23,0.96,0.96,False,False
MNDY,monday.com Ltd.,$93.13,93.12999725341797,Technology,Software - Application,6.35,72.3,75.0,0.15717,False,False,False,61.8,Markup,"{'trend': 100, 'momentum': 82.9, 'flow': 100, 'volatility': 13, 'structure': 65.0, 'momentum_quality': 92.2, 'insider': 50.0}",-1.5,0.528464471703829,0.19469999,Tactical Overweight,매수 우위 (강력 매수 - 다중지표 강세 컨플루언스 확인),False,상승,상단,정배열,11.6,10.0,상승,6123635.775704434,0.022,0.245,0.89053,0.05624,248481248.0,"[{'text': '상승 추세', 'cls': 'positive'}, {'text': '🔥 Accumulation Confluence (CMF+ADL)', 'cls': 'positive'}, {'text': 'OBV 상승', 'cls': 'positive'}, {'text': '🚨 공매도 비중 주의 (19.47%)', 'cls': 'negative'}]","{'mfc': 75, 'wyckoff': 80, 'stochastic': 41.42973749003243, 'obv': 75, 'bollinger': 0, 'momentum_quality': 92.2, 'regime_score': 50, 'rr_score': 57.8, 'base_tech': np.float64(68.5)}","{'base_tech_score': np.float64(68.5), 'insider_bonus': 0.0, 'deviation_penalty': 0.0, 'blowoff_penalty': 0.0, 'short_excessive_penalty': 0.0, 'weekly_penalty': 0.0, 'resistance_penalty': 0.0, 'rr_penalty': 0.0, 'cmf_confluence_val': 0.0, 'penny_penalty': 0.0, 'penny_non_acc_penalty': 0.0, 'scalping_bonus': 10.0, 'fund_penalty': -3.0, 'macd_reversal_bonus': 0.0, 'sector_rs_bonus': 0.0, 'confluence_bonus': 0.0, 'short_squeeze_bonus': 0.0, 'ai_momentum_bonus': 0.0}",N/A,,,,,6.35,1.44,1.44,False,False
C,"Citigroup, Inc.",$135.00,135.0,Financial Services,Banks - Diversified,0.88,72.3,69.8,0.00271,False,False,False,51.8,Accumulation,"{'trend': 83.0, 'momentum': 69.2, 'flow': 65.0, 'volatility': 83, 'structure': 75.0, 'momentum_quality': 68.9, 'insider': 50.0}",2.0,0.3459533914620272,0.0004,Aggressive Buy,매수 우위 (분할 매수 - 바닥 확인 후 모멘텀 턴어라운드),False,상승,상단,골든크로스 진행,1.8,0.0,상승,-51381134.739390634,0.451,0.155,0.0,0.36229,,"[{'text': '매집 구간', 'cls': 'positive'}, {'text': '📊 VWAP 상회 주의', 'cls': 'neutral'}, {'text': 'OBV 상승', 'cls': 'positive'}, {'text': '📈 EPS 반등/턴어라운드', 'cls': 'positive'}]","{'mfc': 70, 'wyckoff': 100, 'stochastic': 29.770359403891824, 'obv': 75, 'bollinger': 0, 'momentum_quality': 68.9, 'regime_score': 50, 'rr_score': 100, 'base_tech': np.float64(65.3)}","{'base_tech_score': np.float64(65.3), 'insider_bonus': 0.0, 'deviation_penalty': 0.0, 'blowoff_penalty': 0.0, 'short_excessive_penalty': 0.0, 'weekly_penalty': 0.0, 'resistance_penalty': 0.0, 'rr_penalty': 0.0, 'cmf_confluence_val': 0.0, 'penny_penalty': 0.0, 'penny_non_acc_penalty': 0.0, 'scalping_bonus': 0.0, 'fund_penalty': -18.0, 'macd_reversal_bonus': 0.0, 'sector_rs_bonus': 0.0, 'confluence_bonus': 0.0, 'short_squeeze_bonus': 0.0, 'ai_momentum_bonus': 0.0}",N/A,,,,,0.88,0.66,0.66,False,False
HPQ,HP Inc.,$30.05,30.049999237060547,Technology,Computer Hardware,6.64,72.2,74.5,0.00275,False,False,False,70.2,Markup,"{'trend': 100, 'momentum': 90.6, 'flow': 71.0, 'volatility': 33, 'structure': 80.0, 'momentum_quality': 100, 'insider': 50.0}",-2.0,6.553430439360275,0.1148,Tactical Overweight,매수 우위 (강력 매수 - 다중지표 강세 컨플루언스 확인),True,하락,상단 돌파,정배열,14.1,16.0,상승,18235237.002669238,0.108,0.09,0.20315,0.07114,3450874880.0,"[{'text': '상승 추세', 'cls': 'positive'}, {'text': '🔥 Accumulation Confluence (CMF+ADL)', 'cls': 'positive'}, {'text': 'Stoch 골든크로스', 'cls': 'positive'}, {'text': '🚨 공매도 비중 주의 (11.48%)', 'cls': 'negative'}]","{'mfc': 74, 'wyckoff': 80, 'stochastic': 56.56326647550429, 'obv': 25, 'bollinger': 0, 'momentum_quality': 100, 'regime_score': 50, 'rr_score': 58.2, 'base_tech': np.float64(65.3)}","{'base_tech_score': np.float64(65.3), 'insider_bonus': 0.0, 'deviation_penalty': 0.0, 'blowoff_penalty': 0.0, 'short_excessive_penalty': 0.0, 'weekly_penalty': 0.0, 'resistance_penalty': 0.0, 'rr_penalty': 0.0, 'cmf_confluence_val': 0.0, 'penny_penalty': 0.0, 'penny_non_acc_penalty': 0.0, 'scalping_bonus': 16.0, 'fund_penalty': 0.0, 'macd_reversal_bonus': 0.0, 'sector_rs_bonus': 0.0, 'confluence_bonus': 0.0, 'short_squeeze_bonus': 0.0, 'ai_momentum_bonus': 0.0}",N/A,,,,,6.64,0.96,0.96,True,False
BE,Bloom Energy Corporation,$219.34,219.33999633789062,Industrials,Electrical Equipment & Parts,-4.2,71.9,57.3,0.05638,False,False,False,47.9,Accumulation,"{'trend': 60.0, 'momentum': 67.1, 'flow': 65.0, 'volatility': 23, 'structure': 75.0, 'momentum_quality': 61.0, 'insider': 50.0}",8.0,-35.5761906909387,0.074499995,Tactical Hold,"중립 대기 (방향성 탐색 중, 뚜렷한 주도력 부재)",False,상승,상단,골든크로스 진행,3.4,5.0,상승,-78087160.28040206,,1.655,0.31651,0.17106001,531637504.0,"[{'text': '매집 구간', 'cls': 'positive'}, {'text': 'OBV 상승', 'cls': 'positive'}, {'text': '🚀 매출 고성장', 'cls': 'positive'}, {'text': '🔥 숏커버 (-35.6%)', 'cls': 'positive'}]","{'mfc': 57, 'wyckoff': 100, 'stochastic': 40.479617560072576, 'obv': 75, 'bollinger': 0, 'momentum_quality': 61.0, 'regime_score': 50, 'rr_score': 100, 'base_tech': np.float64(61.1)}","{'base_tech_score': np.float64(61.1), 'insider_bonus': 0.0, 'deviation_penalty': 0.0, 'blowoff_penalty': 0.0, 'short_excessive_penalty': 0.0, 'weekly_penalty': 0.0, 'resistance_penalty': 0.0, 'rr_penalty': 0.0, 'cmf_confluence_val': 0.0, 'penny_penalty': 0.0, 'penny_non_acc_penalty': 0.0, 'scalping_bonus': 5.0, 'fund_penalty': -10.0, 'macd_reversal_bonus': 0.0, 'sector_rs_bonus': 0.0, 'confluence_bonus': 0.0, 'short_squeeze_bonus': 0.0, 'ai_momentum_bonus': 0.0}",N/A,,,,,-4.2,1.04,1.04,False,False
CVNA,Carvana Co.,$70.85,70.8499984741211,Consumer Cyclical,Auto & Truck Dealerships,3.67,71.5,72.8,0.02113,False,False,False,58.1,Markup,"{'trend': 68.0, 'momentum': 93.9, 'flow': 100, 'volatility': 33, 'structure': 80.0, 'momentum_quality': 84.0, 'insider': 50.0}",0.0,1.8189228819538175,0.1427,Tactical Overweight,매수 우위 (강력 매수 - 다중지표 강세 컨플루언스 확인),True,상승,상단,골든크로스 진행,7.3,10.0,상승,106911003.88184768,0.694,0.524,0.19371,0.09219,424375008.0,"[{'text': '상승 추세', 'cls': 'positive'}, {'text': '⚠️ 주봉 역배열(하락추세)', 'cls': 'negative'}, {'text': '⚠️ 장기 매물대(저항선) 충돌 위험', 'cls': 'negative'}, {'text': '🔥 Accumulation Confluence (CMF+ADL)', 'cls': 'positive'}, {'text': 'Stoch 골든크로스', 'cls': 'positive'}, {'text': 'OBV 상승', 'cls': 'positive'}, {'text': '📈 EPS 반등/턴어라운드', 'cls': 'positive'}, {'text': '🚀 매출 고성장', 'cls': 'positive'}, {'text': '🚨 공매도 비중 주의 (14.27%)', 'cls': 'negative'}]","{'mfc': 73, 'wyckoff': 80, 'stochastic': 65.69886916535587, 'obv': 75, 'bollinger': 0, 'momentum_quality': 84.0, 'regime_score': 50, 'rr_score': 57.5, 'base_tech': np.float64(69.4)}","{'base_tech_score': np.float64(69.4), 'insider_bonus': 0.0, 'deviation_penalty': 0.0, 'blowoff_penalty': 0.0, 'short_excessive_penalty': 0.0, 'weekly_penalty': 10, 'resistance_penalty': 15, 'rr_penalty': 0.0, 'cmf_confluence_val': 0.0, 'penny_penalty': 0.0, 'penny_non_acc_penalty': 0.0, 'scalping_bonus': 10.0, 'fund_penalty': -25.0, 'macd_reversal_bonus': 0.0, 'sector_rs_bonus': 0.0, 'confluence_bonus': 0.0, 'short_squeeze_bonus': 0.0, 'ai_momentum_bonus': 0.0}",N/A,,,,,3.67,0.86,0.86,False,False
AXON,"Axon Enterprise, Inc.",$571.01,571.010009765625,Industrials,Aerospace & Defense,9.29,71.4,74.4,0.04276,False,False,False,55.5,Markup,"{'trend': 100, 'momentum': 74.5, 'flow': 100, 'volatility': 43, 'structure': 80.0, 'momentum_quality': 92.2, 'insider': 50.0}",0.0,-3.1650784132240024,0.0547,Tactical Overweight,매수 우위 (강력 매수 - 다중지표 강세 컨플루언스 확인),False,상승,상단,정배열,6.2,10.0,상승,8788067.08439992,-0.185,0.353,0.59525,0.0517,222160000.0,"[{'text': '상승 추세', 'cls': 'positive'}, {'text': 'OBV 상승', 'cls': 'positive'}, {'text': '🚀 매출 고성장', 'cls': 'positive'}]","{'mfc': 74, 'wyckoff': 80, 'stochastic': 7.992702107944453, 'obv': 75, 'bollinger': 0, 'momentum_quality': 92.2, 'regime_score': 50, 'rr_score': 95.4, 'base_tech': np.float64(64.2)}","{'base_tech_score': np.float64(64.2), 'insider_bonus': 0.0, 'deviation_penalty': 0.0, 'blowoff_penalty': 0.0, 'short_excessive_penalty': 0.0, 'weekly_penalty': 0.0, 'resistance_penalty': 0.0, 'rr_penalty': 0.0, 'cmf_confluence_val': 0.0, 'penny_penalty': 0.0, 'penny_non_acc_penalty': 0.0, 'scalping_bonus': 10.0, 'fund_penalty': -10.0, 'macd_reversal_bonus': 0.0, 'sector_rs_bonus': 0.0, 'confluence_bonus': 0.0, 'short_squeeze_bonus': 0.0, 'ai_momentum_bonus': 0.0}",N/A,,,,,9.29,1.46,1.46,False,False
VISN,"Vistance Networks, Inc.",$10.94,10.9399995803833,Technology,Communication Equipment,8.32,71.3,49.7,0.03176,False,False,False,40.7,Distribution,"{'trend': 48.0, 'momentum': 31.4, 'flow': 82.0, 'volatility': 53, 'structure': 30.0, 'momentum_quality': 16.5, 'insider': 50.0}",0.0,1.3919702522114403,0.078600004,Underweight,매도 우위 (투매 경고 - 강한 하방 압력),False,상승,하단,혼합,-7.9,18.0,상승,49027223.401861176,8.283,-0.014,0.46992,0.022219999,5237500.0,"[{'text': '분산 경고', 'cls': 'negative'}, {'text': '📊 VWAP 하회 매수↗', 'cls': 'positive'}, {'text': 'OBV 상승', 'cls': 'positive'}, {'text': '📈 EPS 반등/턴어라운드', 'cls': 'positive'}, {'text': '📉 AI 예상: +0.0%', 'cls': 'negative'}]","{'mfc': 50, 'wyckoff': 30, 'stochastic': 0.2863677994430134, 'obv': 75, 'bollinger': 100, 'momentum_quality': 16.5, 'regime_score': 50, 'rr_score': 98.7, 'base_tech': np.float64(42.3)}","{'base_tech_score': np.float64(42.3), 'insider_bonus': 0.0, 'deviation_penalty': 0.0, 'blowoff_penalty': 0.0, 'short_excessive_penalty': 0.0, 'weekly_penalty': 0.0, 'resistance_penalty': 0.0, 'rr_penalty': 0.0, 'cmf_confluence_val': 0.0, 'penny_penalty': 0.0, 'penny_non_acc_penalty': 0.0, 'scalping_bonus': 18.0, 'fund_penalty': -15.0, 'macd_reversal_bonus': 0.0, 'sector_rs_bonus': 0.0, 'confluence_bonus': 0.0, 'short_squeeze_bonus': 0.0, 'ai_momentum_bonus': 0.0}",+0.00%,71.3,BUY,+0.00%,0.5,8.32,2.57,2.57,False,False
DUOL,"Duolingo, Inc.",$130.90,130.89999389648438,Technology,Software - Application,6.79,71.3,67.8,0.01528,False,True,False,51.3,Accumulation,"{'trend': 100, 'momentum': 53.6, 'flow': 58.0, 'volatility': 43, 'structure': 75.0, 'momentum_quality': 80.9, 'insider': 50.0}",0.5,-5.2881383092192324,0.21440001,Aggressive Buy,매수 우위 (분할 매수 - 바닥 확인 후 모멘텀 턴어라운드),False,하락,하단,정배열,-0.1,10.0,상승,23188754.34875296,-0.26,0.183,0.72717005,0.11684,300198016.0,"[{'text': '매집 구간', 'cls': 'positive'}, {'text': '🚀 숏스퀴즈 가능성', 'cls': 'positive'}, {'text': '⚠️ EPS 감소(-26%)', 'cls': 'negative'}, {'text': '🚨 공매도 비중 주의 (21.44%)', 'cls': 'negative'}]","{'mfc': 68, 'wyckoff': 100, 'stochastic': 29.898036336648453, 'obv': 25, 'bollinger': 100, 'momentum_quality': 80.9, 'regime_score': 50, 'rr_score': 65.2, 'base_tech': np.float64(68.5)}","{'base_tech_score': np.float64(68.5), 'insider_bonus': 0.0, 'deviation_penalty': 0.0, 'blowoff_penalty': 0.0, 'short_excessive_penalty': 0.0, 'weekly_penalty': 0.0, 'resistance_penalty': 0.0, 'rr_penalty': 0.0, 'cmf_confluence_val': 0.0, 'penny_penalty': 0.0, 'penny_non_acc_penalty': 0.0, 'scalping_bonus': 10.0, 'fund_penalty': 9.0, 'macd_reversal_bonus': 0.0, 'sector_rs_bonus': 0.0, 'confluence_bonus': 0.0, 'short_squeeze_bonus': 15.0, 'ai_momentum_bonus': 0.0}",N/A,,,,,6.79,1.09,1.09,False,False
ENPH,"Enphase Energy, Inc.",$41.87,41.869998931884766,Technology,Solar,5.55,71.3,67.1,0.03029,False,True,False,50.8,Markup,"{'trend': 60.0, 'momentum': 86.2, 'flow': 86.0, 'volatility': 23, 'structure': 80.0, 'momentum_quality': 86.2, 'insider': 50.0}",0.5,-5.341151049517618,0.2087,Core Holding,매수 우위 (안정적 상승 추세 안착),True,상승,상단,골든크로스 진행,5.3,10.0,상승,-8182639.412993229,-0.026,-0.196,0.30037,0.17981,78322752.0,"[{'text': '상승 추세', 'cls': 'positive'}, {'text': '🚀 숏스퀴즈 가능성', 'cls': 'positive'}, {'text': 'Stoch 골든크로스', 'cls': 'positive'}, {'text': 'OBV 상승', 'cls': 'positive'}, {'text': '⚠️ 매출 감소(-20%)', 'cls': 'negative'}, {'text': '🚨 공매도 비중 주의 (20.87%)', 'cls': 'negative'}]","{'mfc': 67, 'wyckoff': 80, 'stochastic': 62.33693413388895, 'obv': 75, 'bollinger': 0, 'momentum_quality': 86.2, 'regime_score': 50, 'rr_score': 100, 'base_tech': np.float64(67.3)}","{'base_tech_score': np.float64(67.3), 'insider_bonus': 0.0, 'deviation_penalty': 0.0, 'blowoff_penalty': 0.0, 'short_excessive_penalty': 0.0, 'weekly_penalty': 0.0, 'resistance_penalty': 0.0, 'rr_penalty': 0.0, 'cmf_confluence_val': 0.0, 'penny_penalty': 0.0, 'penny_non_acc_penalty': 0.0, 'scalping_bonus': 10.0, 'fund_penalty': 8.0, 'macd_reversal_bonus': 0.0, 'sector_rs_bonus': 0.0, 'confluence_bonus': 0.0, 'short_squeeze_bonus': 15.0, 'ai_momentum_bonus': 0.0}",N/A,,,,,5.55,0.74,0.74,False,False
AMD,"Advanced Micro Devices, Inc.",$483.36,483.3599853515625,Technology,Semiconductors,-1.21,71.2,49.0,0.004,False,False,False,46.9,Accumulation,"{'trend': 63.0, 'momentum': 41.3, 'flow': 45.0, 'volatility': 43, 'structure': 65.0, 'momentum_quality': 0, 'insider': 50.0}",7.0,-14.957238418378335,0.024500001,Tactical Hold,"중립 대기 (방향성 탐색 중, 뚜렷한 주도력 부재)",False,상승,하단,혼합,-4.0,0.0,하락,654647753.2782359,1.634,0.501,0.55724,0.1725,8841499648.0,"[{'text': '매집 구간', 'cls': 'positive'}, {'text': 'OBV 상승', 'cls': 'positive'}, {'text': '📈 EPS 반등/턴어라운드', 'cls': 'positive'}, {'text': '🚀 매출 고성장', 'cls': 'positive'}, {'text': '🔥 숏커버 (-15.0%)', 'cls': 'positive'}]","{'mfc': 49, 'wyckoff': 100, 'stochastic': 36.70124887075733, 'obv': 75, 'bollinger': 100, 'momentum_quality': 0, 'regime_score': 50, 'rr_score': 80.8, 'base_tech': np.float64(56.6)}","{'base_tech_score': np.float64(56.6), 'insider_bonus': 0.0, 'deviation_penalty': 0.0, 'blowoff_penalty': 0.0, 'short_excessive_penalty': 0.0, 'weekly_penalty': 0.0, 'resistance_penalty': 0.0, 'rr_penalty': 0.0, 'cmf_confluence_val': -6, 'penny_penalty': 0.0, 'penny_non_acc_penalty': 0.0, 'scalping_bonus': 0.0, 'fund_penalty': -25.0, 'macd_reversal_bonus': 0.0, 'sector_rs_bonus': 0.0, 'confluence_bonus': 0.0, 'short_squeeze_bonus': 0.0, 'ai_momentum_bonus': 0.0}",N/A,,,,,-1.21,0.86,0.86,False,False
HPE,Hewlett Packard Enterprise Comp,$53.22,53.220001220703125,Technology,Communication Equipment,1.51,71.0,78.3,0.00373,False,False,False,63.9,Markup,"{'trend': 100, 'momentum': 87.8, 'flow': 100, 'volatility': 33, 'structure': 80.0, 'momentum_quality': 92.2, 'insider': 50.0}",5.0,-14.50246605533001,0.055999998,Tactical Overweight,매수 우위 (강력 매수 - 다중지표 강세 컨플루언스 확인),False,상승,상단,정배열,10.3,0.0,상승,161277778.43638504,,0.4,0.33776,0.087,3836000000.0,"[{'text': '상승 추세', 'cls': 'positive'}, {'text': '📊 VWAP 상회 주의', 'cls': 'neutral'}, {'text': 'OBV 상승', 'cls': 'positive'}, {'text': '🚀 매출 고성장', 'cls': 'positive'}, {'text': '🔥 숏커버 (-14.5%)', 'cls': 'positive'}]","{'mfc': 78, 'wyckoff': 80, 'stochastic': 44.54653307387808, 'obv': 75, 'bollinger': 0, 'momentum_quality': 92.2, 'regime_score': 50, 'rr_score': 100, 'base_tech': np.float64(70.0)}","{'base_tech_score': np.float64(70.0), 'insider_bonus': 0.0, 'deviation_penalty': 0.0, 'blowoff_penalty': 0.0, 'short_excessive_penalty': 0.0, 'weekly_penalty': 0.0, 'resistance_penalty': 0.0, 'rr_penalty': 0.0, 'cmf_confluence_val': 0.0, 'penny_penalty': 0.0, 'penny_non_acc_penalty': 0.0, 'scalping_bonus': 0.0, 'fund_penalty': -10.0, 'macd_reversal_bonus': 0.0, 'sector_rs_bonus': 0.0, 'confluence_bonus': 0.0, 'short_squeeze_bonus': 0.0, 'ai_momentum_bonus': 0.0}",N/A,,,,,1.51,0.53,0.53,False,False
CRM,"Salesforce, Inc.",$192.74,192.74000549316406,Technology,Software - Application,3.2,70.8,71.9,0.02991,False,False,False,62.6,Markup,"{'trend': 65.0, 'momentum': 88.8, 'flow': 100, 'volatility': 33, 'structure': 80.0, 'momentum_quality': 84.0, 'insider': 50.0}",8.0,-21.34379868753332,0.0656,Tactical Overweight,매수 우위 (강력 매수 - 다중지표 강세 컨플루언스 확인),True,상승,상단,혼합,9.1,10.0,상승,34029969.891144164,0.367,0.133,0.77643996,0.218,16552999936.0,"[{'text': '상승 추세', 'cls': 'positive'}, {'text': '⚠️ 장기 매물대(저항선) 충돌 위험', 'cls': 'negative'}, {'text': '📊 VWAP 상회 주의', 'cls': 'neutral'}, {'text': '🔥 Accumulation Confluence (CMF+ADL)', 'cls': 'positive'}, {'text': 'Stoch 골든크로스', 'cls': 'positive'}, {'text': 'OBV 상승', 'cls': 'positive'}, {'text': '🔥 숏커버 (-21.3%)', 'cls': 'positive'}]","{'mfc': 72, 'wyckoff': 80, 'stochastic': 50.71459773355279, 'obv': 75, 'bollinger': 0, 'momentum_quality': 84.0, 'regime_score': 50, 'rr_score': 88.8, 'base_tech': np.float64(67.3)}","{'base_tech_score': np.float64(67.3), 'insider_bonus': 0.0, 'deviation_penalty': 0.0, 'blowoff_penalty': 0.0, 'short_excessive_penalty': 0.0, 'weekly_penalty': 0.0, 'resistance_penalty': 15, 'rr_penalty': 0.0, 'cmf_confluence_val': 0.0, 'penny_penalty': 0.0, 'penny_non_acc_penalty': 0.0, 'scalping_bonus': 10.0, 'fund_penalty': -8.0, 'macd_reversal_bonus': 0.0, 'sector_rs_bonus': 0.0, 'confluence_bonus': 0.0, 'short_squeeze_bonus': 0.0, 'ai_momentum_bonus': 0.0}",N/A,,,,,3.2,0.58,0.58,False,False
FCX,"Freeport-McMoRan, Inc.",$69.62,69.62000274658203,Basic Materials,Copper,2.11,70.7,72.5,0.00716,False,False,False,63.4,Markup,"{'trend': 85.0, 'momentum': 86.3, 'flow': 97.0, 'volatility': 33, 'structure': 80.0, 'momentum_quality': 84.0, 'insider': 50.0}",4.0,-7.736922654394543,0.02,Tactical Overweight,매수 우위 (강력 매수 - 다중지표 강세 컨플루언스 확인),False,상승,상단,골든크로스 진행,10.5,10.0,상승,225415610.18699524,0.275,-0.073,0.38275,0.33404,2159249920.0,"[{'text': '상승 추세', 'cls': 'positive'}, {'text': '📊 VWAP 상회 주의', 'cls': 'neutral'}, {'text': '🔥 Accumulation Confluence (CMF+ADL)', 'cls': 'positive'}, {'text': 'OBV 상승', 'cls': 'positive'}, {'text': '⚠️ 매출 감소(-7%)', 'cls': 'negative'}]","{'mfc': 72, 'wyckoff': 80, 'stochastic': 48.2851533776088, 'obv': 75, 'bollinger': 0, 'momentum_quality': 84.0, 'regime_score': 50, 'rr_score': 60.7, 'base_tech': np.float64(67.2)}","{'base_tech_score': np.float64(67.2), 'insider_bonus': 0.0, 'deviation_penalty': 0.0, 'blowoff_penalty': 0.0, 'short_excessive_penalty': 0.0, 'weekly_penalty': 0.0, 'resistance_penalty': 0.0, 'rr_penalty': 0.0, 'cmf_confluence_val': 0.0, 'penny_penalty': 0.0, 'penny_non_acc_penalty': 0.0, 'scalping_bonus': 10.0, 'fund_penalty': 3.0, 'macd_reversal_bonus': 0.0, 'sector_rs_bonus': 0.0, 'confluence_bonus': 0.0, 'short_squeeze_bonus': 0.0, 'ai_momentum_bonus': 0.0}",N/A,,,,,2.11,0.64,0.64,False,False
LUNR,"Intuitive Machines, Inc.",$16.40,16.399999618530273,Industrials,Aerospace & Defense,9.85,70.2,65.8,0.05624,False,True,False,52.8,Markup,"{'trend': 73.0, 'momentum': 100, 'flow': 74.0, 'volatility': 3, 'structure': 80.0, 'momentum_quality': 100, 'insider': 50.0}",-3.0,-0.17382407980939604,0.288,Tactical Overweight,매수 우위 (강력 매수 - 다중지표 강세 컨플루언스 확인),True,상승,상단 돌파,골든크로스 진행,19.2,10.0,상승,-10275867.044410141,,1.987,0.096990004,-0.10295,-32115124.0,"[{'text': '상승 추세', 'cls': 'positive'}, {'text': '🚀 숏스퀴즈 가능성', 'cls': 'positive'}, {'text': 'Stoch 골든크로스', 'cls': 'positive'}, {'text': 'OBV 상승', 'cls': 'positive'}, {'text': '🚀 매출 고성장', 'cls': 'positive'}, {'text': '🔴 적자기업(PER<0)', 'cls': 'negative'}, {'text': '🚨 공매도 비중 주의 (28.80%)', 'cls': 'negative'}]","{'mfc': 66, 'wyckoff': 80, 'stochastic': 73.27516717874794, 'obv': 75, 'bollinger': 0, 'momentum_quality': 100, 'regime_score': 50, 'rr_score': 100, 'base_tech': np.float64(70.2)}","{'base_tech_score': np.float64(70.2), 'insider_bonus': 0.0, 'deviation_penalty': 0.0, 'blowoff_penalty': 0.0, 'short_excessive_penalty': 0.0, 'weekly_penalty': 0.0, 'resistance_penalty': 0.0, 'rr_penalty': 0.0, 'cmf_confluence_val': 0.0, 'penny_penalty': 0.0, 'penny_non_acc_penalty': 0.0, 'scalping_bonus': 10.0, 'fund_penalty': 8.0, 'macd_reversal_bonus': 0.0, 'sector_rs_bonus': 0.0, 'confluence_bonus': 0.0, 'short_squeeze_bonus': 15.0, 'ai_momentum_bonus': 0.0}",N/A,,,,,9.85,0.9,0.9,False,False
PSX,Phillips 66,$203.91,203.91000366210938,Energy,Oil & Gas Refining & Marketing,-0.78,69.7,51.7,0.00217,False,False,False,56.0,Accumulation,"{'trend': 50.0, 'momentum': 50.7, 'flow': 35.0, 'volatility': 73, 'structure': 65.0, 'momentum_quality': 16.5, 'insider': 50.0}",2.0,-3.251576527498549,0.0227,Tactical Hold,"중립 대기 (방향성 탐색 중, 뚜렷한 주도력 부재)",False,하락,하단,데드크로스 진행,-0.9,0.0,하락,14115891.994366817,3.387,0.531,0.13098,0.08529,4545375232.0,"[{'text': '매집 구간', 'cls': 'positive'}, {'text': '📈 EPS 반등/턴어라운드', 'cls': 'positive'}, {'text': '🚀 매출 고성장', 'cls': 'positive'}]","{'mfc': 52, 'wyckoff': 100, 'stochastic': 31.748821658403344, 'obv': 25, 'bollinger': 100, 'momentum_quality': 16.5, 'regime_score': 50, 'rr_score': 85.1, 'base_tech': np.float64(53.4)}","{'base_tech_score': np.float64(53.4), 'insider_bonus': 0.0, 'deviation_penalty': 0.0, 'blowoff_penalty': 0.0, 'short_excessive_penalty': 0.0, 'weekly_penalty': 0.0, 'resistance_penalty': 0.0, 'rr_penalty': 0.0, 'cmf_confluence_val': 0.0, 'penny_penalty': 0.0, 'penny_non_acc_penalty': 0.0, 'scalping_bonus': 0.0, 'fund_penalty': -25.0, 'macd_reversal_bonus': 0.0, 'sector_rs_bonus': 0.0, 'confluence_bonus': 0.0, 'short_squeeze_bonus': 0.0, 'ai_momentum_bonus': 0.0}",N/A,,,,,-0.78,0.97,0.97,False,False
QNST,"QuinStreet, Inc.",$21.08,21.079999923706055,Communication Services,Advertising Agencies,38.5,69.3,76.8,0.05099,False,False,False,78.6,Markup,"{'trend': 100, 'momentum': 95.4, 'flow': 100, 'volatility': 13, 'structure': 55.0, 'momentum_quality': 98.2, 'insider': 50.0}",5.0,-10.522311972007497,0.113400005,Tactical Overweight,매수 우위 (강력 매수 - 다중지표 강세 컨플루언스 확인),True,상승,상단 돌파,정배열,28.7,4.0,상승,11983036.76926576,4.961,0.427,0.11271,0.051149998,121533624.0,"[{'text': '상승 추세', 'cls': 'positive'}, {'text': '⚠️ 이격도 과다', 'cls': 'negative'}, {'text': '🚨 상단 클라이맥스', 'cls': 'negative'}, {'text': '🔄 MACD 반전', 'cls': 'positive'}, {'text': '🎯 시그널 컨플루언스 (3)', 'cls': 'positive'}, {'text': 'Stoch 골든크로스', 'cls': 'positive'}, {'text': 'OBV 상승', 'cls': 'positive'}, {'text': '📈 EPS 반등/턴어라운드', 'cls': 'positive'}, {'text': '🚀 매출 고성장', 'cls': 'positive'}, {'text': '🚨 공매도 비중 주의 (11.34%)', 'cls': 'negative'}, {'text': '🔥 숏커버 (-10.5%)', 'cls': 'positive'}, {'text': '📉 AI 예상: +0.0%', 'cls': 'negative'}]","{'mfc': 77, 'wyckoff': 80, 'stochastic': 87.9836513287843, 'obv': 75, 'bollinger': 0, 'momentum_quality': 98.2, 'regime_score': 50, 'rr_score': 74.8, 'base_tech': np.float64(75.6)}","{'base_tech_score': np.float64(75.6), 'insider_bonus': 0.0, 'deviation_penalty': 20, 'blowoff_penalty': 30, 'short_excessive_penalty': 0.0, 'weekly_penalty': 0.0, 'resistance_penalty': 0.0, 'rr_penalty': 0.0, 'cmf_confluence_val': 0.0, 'penny_penalty': 0.0, 'penny_non_acc_penalty': 0.0, 'scalping_bonus': 4.0, 'fund_penalty': -25.0, 'macd_reversal_bonus': 5.0, 'sector_rs_bonus': 0.0, 'confluence_bonus': 8.0, 'short_squeeze_bonus': 0.0, 'ai_momentum_bonus': 0.0}",+0.00%,69.3,BUY,+0.00%,0.5,38.5,5.84,5.84,True,False
NTSK,"Netskope, Inc.",$14.87,14.869999885559082,Technology,Software - Infrastructure,10.31,68.3,75.3,0.03813,False,False,False,67.9,Markup,"{'trend': 100, 'momentum': 100, 'flow': 100, 'volatility': 13, 'structure': 80.0, 'momentum_quality': 100, 'insider': 50.0}",0.0,4.644332958005578,0.0866,Tactical Overweight,매수 우위 (강력 매수 - 다중지표 강세 컨플루언스 확인),True,상승,상단,정배열,14.8,10.0,상승,49457266.17978505,,0.278,0.69265,-0.53938997,264194256.0,"[{'text': '상승 추세', 'cls': 'positive'}, {'text': '🔥 Accumulation Confluence (CMF+ADL)', 'cls': 'positive'}, {'text': 'Stoch 골든크로스', 'cls': 'positive'}, {'text': 'OBV 상승', 'cls': 'positive'}, {'text': '🚀 매출 고성장', 'cls': 'positive'}, {'text': '🔴 영업손실(-54%)', 'cls': 'negative'}]","{'mfc': 75, 'wyckoff': 80, 'stochastic': 57.657247002097165, 'obv': 75, 'bollinger': 0, 'momentum_quality': 100, 'regime_score': 50, 'rr_score': 61.6, 'base_tech': np.float64(71.7)}","{'base_tech_score': np.float64(71.7), 'insider_bonus': 0.0, 'deviation_penalty': 0.0, 'blowoff_penalty': 0.0, 'short_excessive_penalty': 0.0, 'weekly_penalty': 0.0, 'resistance_penalty': 0.0, 'rr_penalty': 0.0, 'cmf_confluence_val': 0.0, 'penny_penalty': 0.0, 'penny_non_acc_penalty': 0.0, 'scalping_bonus': 10.0, 'fund_penalty': 5.0, 'macd_reversal_bonus': 0.0, 'sector_rs_bonus': 0.0, 'confluence_bonus': 0.0, 'short_squeeze_bonus': 0.0, 'ai_momentum_bonus': 0.0}",N/A,,,,,10.31,0.94,0.94,False,False
WGS,GeneDx Holdings Corp.,$77.08,77.08000183105469,Healthcare,Diagnostics & Research,10.76,68.1,70.8,0.122489996,False,True,False,66.3,Markup,"{'trend': 65.0, 'momentum': 100, 'flow': 98.0, 'volatility': 23, 'structure': 80.0, 'momentum_quality': 98.2, 'insider': 50.0}",-3.0,-2.991511649748697,0.3775,Tactical Overweight,매수 우위 (강력 매수 - 다중지표 강세 컨플루언스 확인),True,상승,상단 돌파,혼합,18.5,10.0,상승,8877986.62361173,,0.114,0.69383,-0.15211001,-47501624.0,"[{'text': '상승 추세', 'cls': 'positive'}, {'text': '🚀 숏스퀴즈 가능성', 'cls': 'positive'}, {'text': 'Stoch 골든크로스', 'cls': 'positive'}, {'text': 'OBV 상승', 'cls': 'positive'}, {'text': '🚨 공매도 비중 주의 (37.75%)', 'cls': 'negative'}]","{'mfc': 71, 'wyckoff': 80, 'stochastic': 59.86224219224699, 'obv': 75, 'bollinger': 0, 'momentum_quality': 98.2, 'regime_score': 50, 'rr_score': 63.5, 'base_tech': np.float64(70.1)}","{'base_tech_score': np.float64(70.1), 'insider_bonus': 0.0, 'deviation_penalty': 0.0, 'blowoff_penalty': 0.0, 'short_excessive_penalty': 0.0, 'weekly_penalty': 0.0, 'resistance_penalty': 0.0, 'rr_penalty': 0.0, 'cmf_confluence_val': 0.0, 'penny_penalty': 0.0, 'penny_non_acc_penalty': 0.0, 'scalping_bonus': 10.0, 'fund_penalty': 10.0, 'macd_reversal_bonus': 0.0, 'sector_rs_bonus': 0.0, 'confluence_bonus': 0.0, 'short_squeeze_bonus': 15.0, 'ai_momentum_bonus': 0.0}",N/A,,,,,10.76,1.16,1.16,False,False
GFI,Gold Fields Limited,$40.82,40.81999969482422,Basic Materials,Gold,9.32,68.1,62.4,0.0,False,False,False,71.4,Accumulation,"{'trend': 68.0, 'momentum': 57.7, 'flow': 70.0, 'volatility': 33, 'structure': 75.0, 'momentum_quality': 98.2, 'insider': 50.0}",2.0,3.990599929036489,0.0073,Aggressive Buy,매수 우위 (분할 매수 - 바닥 확인 후 모멘텀 턴어라운드),True,상승,상단 돌파,골든크로스 진행,21.2,10.0,하락,-3062625.714937241,1.968,0.714,0.5529,0.51784,2546112512.0,"[{'text': '매집 구간', 'cls': 'positive'}, {'text': '⚠️ 주봉 역배열(하락추세)', 'cls': 'negative'}, {'text': '⚠️ 장기 매물대(저항선) 충돌 위험', 'cls': 'negative'}, {'text': 'Stoch 골든크로스', 'cls': 'positive'}, {'text': 'OBV 상승', 'cls': 'positive'}, {'text': '📈 EPS 반등/턴어라운드', 'cls': 'positive'}, {'text': '🚀 매출 고성장', 'cls': 'positive'}]","{'mfc': 62, 'wyckoff': 100, 'stochastic': 54.45300051536513, 'obv': 75, 'bollinger': 0, 'momentum_quality': 98.2, 'regime_score': 50, 'rr_score': 91.4, 'base_tech': np.float64(70.1)}","{'base_tech_score': np.float64(70.1), 'insider_bonus': 0.0, 'deviation_penalty': 0.0, 'blowoff_penalty': 0.0, 'short_excessive_penalty': 0.0, 'weekly_penalty': 10, 'resistance_penalty': 15, 'rr_penalty': 0.0, 'cmf_confluence_val': 0.0, 'penny_penalty': 0.0, 'penny_non_acc_penalty': 0.0, 'scalping_bonus': 10.0, 'fund_penalty': -25.0, 'macd_reversal_bonus': 0.0, 'sector_rs_bonus': 0.0, 'confluence_bonus': 0.0, 'short_squeeze_bonus': 0.0, 'ai_momentum_bonus': 0.0}",N/A,,,,,9.32,1.6,1.6,False,False
PFE,"Pfizer, Inc.",$26.76,26.760000228881836,Healthcare,Drug Manufacturers - General,2.14,68.0,71.4,0.001,False,False,False,74.7,Accumulation,"{'trend': 68.0, 'momentum': 77.8, 'flow': 100, 'volatility': 63, 'structure': 65.0, 'momentum_quality': 100, 'insider': 50.0}",2.0,1.0764820095851122,0.0287,Aggressive Buy,매수 우위 (분할 매수 - 바닥 확인 후 모멘텀 턴어라운드),True,상승,상단 돌파,혼합,7.4,10.0,상승,-334346851.80415004,,0.026,0.74716,0.27877,12485624832.0,"[{'text': '매집 구간', 'cls': 'positive'}, {'text': '⚠️ 주봉 역배열(하락추세)', 'cls': 'negative'}, {'text': '🔥 Accumulation Confluence (CMF+ADL)', 'cls': 'positive'}, {'text': 'Stoch 골든크로스', 'cls': 'positive'}, {'text': 'OBV 상승', 'cls': 'positive'}]","{'mfc': 71, 'wyckoff': 100, 'stochastic': 67.15710223689169, 'obv': 75, 'bollinger': 0, 'momentum_quality': 100, 'regime_score': 50, 'rr_score': 51.0, 'base_tech': np.float64(75.0)}","{'base_tech_score': np.float64(75.0), 'insider_bonus': 0.0, 'deviation_penalty': 0.0, 'blowoff_penalty': 0.0, 'short_excessive_penalty': 0.0, 'weekly_penalty': 10, 'resistance_penalty': 0.0, 'rr_penalty': 0.0, 'cmf_confluence_val': 0.0, 'penny_penalty': 0.0, 'penny_non_acc_penalty': 0.0, 'scalping_bonus': 10.0, 'fund_penalty': 0.0, 'macd_reversal_bonus': 0.0, 'sector_rs_bonus': 0.0, 'confluence_bonus': 0.0, 'short_squeeze_bonus': 0.0, 'ai_momentum_bonus': 0.0}",N/A,,,,,2.14,0.86,0.86,False,False
ASH,Ashland Inc.,$76.45,76.44999694824219,Basic Materials,Specialty Chemicals,5.51,67.6,75.5,0.01176,False,False,False,74.0,Markup,"{'trend': 100, 'momentum': 78.5, 'flow': 98.0, 'volatility': 33, 'structure': 80.0, 'momentum_quality': 100, 'insider': 50.0}",0.0,1.388780334169704,0.1401,Tactical Overweight,매수 우위 (강력 매수 - 다중지표 강세 컨플루언스 확인),True,상승,상단 돌파,정배열,9.7,10.0,상승,630039.1011965082,,0.073,0.33388,0.11469,269124992.0,"[{'text': '상승 추세', 'cls': 'positive'}, {'text': 'Stoch 골든크로스', 'cls': 'positive'}, {'text': 'OBV 상승', 'cls': 'positive'}, {'text': '🚨 공매도 비중 주의 (14.01%)', 'cls': 'negative'}]","{'mfc': 76, 'wyckoff': 80, 'stochastic': 60.03069663615417, 'obv': 75, 'bollinger': 0, 'momentum_quality': 100, 'regime_score': 50, 'rr_score': 76.7, 'base_tech': np.float64(72.0)}","{'base_tech_score': np.float64(72.0), 'insider_bonus': 0.0, 'deviation_penalty': 0.0, 'blowoff_penalty': 0.0, 'short_excessive_penalty': 0.0, 'weekly_penalty': 0.0, 'resistance_penalty': 0.0, 'rr_penalty': 0.0, 'cmf_confluence_val': 0.0, 'penny_penalty': 0.0, 'penny_non_acc_penalty': 0.0, 'scalping_bonus': 10.0, 'fund_penalty': 0.0, 'macd_reversal_bonus': 0.0, 'sector_rs_bonus': 0.0, 'confluence_bonus': 0.0, 'short_squeeze_bonus': 0.0, 'ai_momentum_bonus': 0.0}",N/A,,,,,5.51,1.73,1.73,False,False
AAPL,Apple Inc.,$313.33,313.3299865722656,Technology,Consumer Electronics,0.29,66.9,62.3,0.01647,False,False,False,47.6,Markup,"{'trend': 50.0, 'momentum': 54.2, 'flow': 97.0, 'volatility': 83, 'structure': 80.0, 'momentum_quality': 21.4, 'insider': 50.0}",2.0,1.5939911905897708,0.01,Core Holding,매수 우위 (안정적 상승 추세 안착),True,상승,하단,데드크로스 진행,-3.1,0.0,상승,428423824.645956,0.271,0.164,0.48653,0.32623002,107721875456.0,"[{'text': '상승 추세', 'cls': 'positive'}, {'text': '🔥 Accumulation Confluence (CMF+ADL)', 'cls': 'positive'}, {'text': 'Stoch 골든크로스', 'cls': 'positive'}, {'text': 'OBV 상승', 'cls': 'positive'}]","{'mfc': 62, 'wyckoff': 80, 'stochastic': 60.52648196204723, 'obv': 75, 'bollinger': 100, 'momentum_quality': 21.4, 'regime_score': 50, 'rr_score': 100, 'base_tech': np.float64(63.7)}","{'base_tech_score': np.float64(63.7), 'insider_bonus': 0.0, 'deviation_penalty': 0.0, 'blowoff_penalty': 0.0, 'short_excessive_penalty': 0.0, 'weekly_penalty': 0.0, 'resistance_penalty': 0.0, 'rr_penalty': 0.0, 'cmf_confluence_val': 0.0, 'penny_penalty': 0.0, 'penny_non_acc_penalty': 0.0, 'scalping_bonus': 0.0, 'fund_penalty': -8.0, 'macd_reversal_bonus': 0.0, 'sector_rs_bonus': 0.0, 'confluence_bonus': 0.0, 'short_squeeze_bonus': 0.0, 'ai_momentum_bonus': 0.0}",N/A,,,,,0.29,0.61,0.61,False,False
MSFT,Microsoft Corporation,$499.99,499.989990234375,Technology,Software - Infrastructure,0.03,66.4,74.1,0.00087,False,False,False,78.1,Markup,"{'trend': 100, 'momentum': 75.9, 'flow': 89.0, 'volatility': 13, 'structure': 80.0, 'momentum_quality': 100, 'insider': 50.0}",2.0,-2.9570767253408468,0.0124,Tactical Overweight,매수 우위 (강력 매수 - 다중지표 강세 컨플루언스 확인),True,상승,상단,정배열,18.0,0.0,상승,141363372.49818966,0.313,0.177,0.67944,0.45111,16545500160.0,"[{'text': '상승 추세', 'cls': 'positive'}, {'text': 'Stoch 골든크로스', 'cls': 'positive'}, {'text': 'OBV 상승', 'cls': 'positive'}]","{'mfc': 74, 'wyckoff': 80, 'stochastic': 51.353719425190256, 'obv': 75, 'bollinger': 0, 'momentum_quality': 100, 'regime_score': 50, 'rr_score': 74.6, 'base_tech': np.float64(70.5)}","{'base_tech_score': np.float64(70.5), 'insider_bonus': 0.0, 'deviation_penalty': 0.0, 'blowoff_penalty': 0.0, 'short_excessive_penalty': 0.0, 'weekly_penalty': 0.0, 'resistance_penalty': 0.0, 'rr_penalty': 0.0, 'cmf_confluence_val': 0.0, 'penny_penalty': 0.0, 'penny_non_acc_penalty': 0.0, 'scalping_bonus': 0.0, 'fund_penalty': -8.0, 'macd_reversal_bonus': 0.0, 'sector_rs_bonus': 0.0, 'confluence_bonus': 0.0, 'short_squeeze_bonus': 0.0, 'ai_momentum_bonus': 0.0}",N/A,,,,,0.03,0.7,0.7,False,False
NVDA,NVIDIA Corporation,$223.96,223.9600067138672,Technology,Semiconductors,2.27,66.0,76.0,0.03991,False,False,False,64.4,Markup,"{'trend': 95.0, 'momentum': 91.9, 'flow': 89.0, 'volatility': 33, 'structure': 80.0, 'momentum_quality': 85.7, 'insider': 50.0}",0.0,8.13787111450023,0.0139,Tactical Overweight,매수 우위 (강력 매수 - 다중지표 강세 컨플루언스 확인),True,상승,상단 돌파,골든크로스 진행,8.3,10.0,상승,268103831.94666395,2.106,0.852,0.74144995,0.65596,46335873024.0,"[{'text': '상승 추세', 'cls': 'positive'}, {'text': '🚨 강력한 하방 압력(공매도 급증 +8.1%)', 'cls': 'negative'}, {'text': 'Stoch 골든크로스', 'cls': 'positive'}, {'text': 'OBV 상승', 'cls': 'positive'}, {'text': '📈 EPS 반등/턴어라운드', 'cls': 'positive'}, {'text': '🚀 매출 고성장', 'cls': 'positive'}]","{'mfc': 76, 'wyckoff': 80, 'stochastic': 59.300335573794314, 'obv': 75, 'bollinger': 0, 'momentum_quality': 85.7, 'regime_score': 50, 'rr_score': 72.4, 'base_tech': np.float64(70.0)}","{'base_tech_score': np.float64(70.0), 'insider_bonus': 0.0, 'deviation_penalty': 0.0, 'blowoff_penalty': 0.0, 'short_excessive_penalty': 25, 'weekly_penalty': 0.0, 'resistance_penalty': 0.0, 'rr_penalty': 0.0, 'cmf_confluence_val': 0.0, 'penny_penalty': 0.0, 'penny_non_acc_penalty': 0.0, 'scalping_bonus': 10.0, 'fund_penalty': -25.0, 'macd_reversal_bonus': 0.0, 'sector_rs_bonus': 0.0, 'confluence_bonus': 0.0, 'short_squeeze_bonus': 0.0, 'ai_momentum_bonus': 0.0}",N/A,,,,,2.27,0.7,0.7,False,False
AMZN,"Amazon.com, Inc.",$274.48,274.4800109863281,Consumer Cyclical,Internet Retail,0.82,66.0,64.4,0.088690005,False,False,False,64.2,Markup,"{'trend': 100, 'momentum': 81.7, 'flow': 5.0, 'volatility': 53, 'structure': 65.0, 'momentum_quality': 100, 'insider': 50.0}",0.0,7.693752820779613,0.0109,Core Holding,매수 우위 (안정적 상승 추세 안착),False,하락,상단,정배열,9.1,0.0,하락,98343130.19609022,2.449,0.196,0.5077,0.13689,3219124992.0,"[{'text': '상승 추세', 'cls': 'positive'}, {'text': '📊 VWAP 상회 주의', 'cls': 'neutral'}, {'text': '📈 EPS 반등/턴어라운드', 'cls': 'positive'}]","{'mfc': 64, 'wyckoff': 80, 'stochastic': 41.97248540963216, 'obv': 25, 'bollinger': 0, 'momentum_quality': 100, 'regime_score': 50, 'rr_score': 71.8, 'base_tech': np.float64(60.0)}","{'base_tech_score': np.float64(60.0), 'insider_bonus': 0.0, 'deviation_penalty': 0.0, 'blowoff_penalty': 0.0, 'short_excessive_penalty': 0.0, 'weekly_penalty': 0.0, 'resistance_penalty': 0.0, 'rr_penalty': 0.0, 'cmf_confluence_val': 0.0, 'penny_penalty': 0.0, 'penny_non_acc_penalty': 0.0, 'scalping_bonus': 0.0, 'fund_penalty': -18.0, 'macd_reversal_bonus': 0.0, 'sector_rs_bonus': 0.0, 'confluence_bonus': 0.0, 'short_squeeze_bonus': 0.0, 'ai_momentum_bonus': 0.0}",N/A,,,,,0.82,0.67,0.67,False,False
SAN,"Banco Santander, S.A. Sponsored",$14.70,14.699999809265137,Financial Services,Banks - Diversified,0.34,65.9,71.5,3.0000001e-05,False,False,False,64.0,Markup,"{'trend': 100, 'momentum': 79.1, 'flow': 55.0, 'volatility': 63, 'structure': 80.0, 'momentum_quality': 83.7, 'insider': 50.0}",4.0,-5.078261146964586,0.0074,Tactical Overweight,매수 우위 (강력 매수 - 다중지표 강세 컨플루언스 확인),False,상승,상단,정배열,5.7,6.0,하락,-41934643.84437058,0.025,0.102,0.0,0.43438998,,"[{'text': '상승 추세', 'cls': 'positive'}, {'text': 'OBV 상승', 'cls': 'positive'}]","{'mfc': 72, 'wyckoff': 80, 'stochastic': 42.72540336598702, 'obv': 75, 'bollinger': 0, 'momentum_quality': 83.7, 'regime_score': 50, 'rr_score': 77.0, 'base_tech': np.float64(66.1)}","{'base_tech_score': np.float64(66.1), 'insider_bonus': 0.0, 'deviation_penalty': 0.0, 'blowoff_penalty': 0.0, 'short_excessive_penalty': 0.0, 'weekly_penalty': 0.0, 'resistance_penalty': 0.0, 'rr_penalty': 0.0, 'cmf_confluence_val': 0.0, 'penny_penalty': 0.0, 'penny_non_acc_penalty': 0.0, 'scalping_bonus': 6.0, 'fund_penalty': -3.0, 'macd_reversal_bonus': 0.0, 'sector_rs_bonus': 0.0, 'confluence_bonus': 0.0, 'short_squeeze_bonus': 0.0, 'ai_momentum_bonus': 0.0}",N/A,,,,,0.34,1.53,1.53,True,False
SBSW,D/B/A Sibanye-Stillwater Limite,$10.64,10.640000343322754,Basic Materials,Other Precious Metals & Mining,7.58,65.4,67.4,0.0,False,False,False,69.4,Markup,"{'trend': 68.0, 'momentum': 100, 'flow': 67.0, 'volatility': 13, 'structure': 80.0, 'momentum_quality': 92.2, 'insider': 50.0}",2.0,2.3945539497230963,0.019199999,Tactical Overweight,매수 우위 (강력 매수 - 다중지표 강세 컨플루언스 확인),False,상승,상단 돌파,골든크로스 진행,20.8,10.0,하락,9058402.904257743,,0.316,0.24576999,0.1354,1016625024.0,"[{'text': '상승 추세', 'cls': 'positive'}, {'text': '⚠️ 주봉 역배열(하락추세)', 'cls': 'negative'}, {'text': 'OBV 상승', 'cls': 'positive'}, {'text': '🚀 매출 고성장', 'cls': 'positive'}]","{'mfc': 67, 'wyckoff': 80, 'stochastic': 49.87180922139025, 'obv': 75, 'bollinger': 0, 'momentum_quality': 92.2, 'regime_score': 50, 'rr_score': 100, 'base_tech': np.float64(66.8)}","{'base_tech_score': np.float64(66.8), 'insider_bonus': 0.0, 'deviation_penalty': 0.0, 'blowoff_penalty': 0.0, 'short_excessive_penalty': 0.0, 'weekly_penalty': 10, 'resistance_penalty': 0.0, 'rr_penalty': 0.0, 'cmf_confluence_val': 0.0, 'penny_penalty': 0.0, 'penny_non_acc_penalty': 0.0, 'scalping_bonus': 10.0, 'fund_penalty': -10.0, 'macd_reversal_bonus': 0.0, 'sector_rs_bonus': 0.0, 'confluence_bonus': 0.0, 'short_squeeze_bonus': 0.0, 'ai_momentum_bonus': 0.0}",N/A,,,,,7.58,1.28,1.28,False,False
TWST,Twist Bioscience Corporation,$115.67,115.66999816894531,Healthcare,Diagnostics & Research,6.04,65.4,75.3,0.0110599995,False,True,False,67.7,Markup,"{'trend': 100, 'momentum': 100, 'flow': 100, 'volatility': 3, 'structure': 80.0, 'momentum_quality': 100, 'insider': 50.0}",5.0,-20.06576356430138,0.2908,Tactical Overweight,매수 우위 (강력 매수 - 다중지표 강세 컨플루언스 확인),True,상승,상단 돌파,정배열,21.5,10.0,상승,10058564.510074155,,0.232,0.51965,-0.30648002,-64822500.0,"[{'text': '상승 추세', 'cls': 'positive'}, {'text': '🚀 숏스퀴즈 가능성', 'cls': 'positive'}, {'text': 'Stoch 골든크로스', 'cls': 'positive'}, {'text': 'OBV 상승', 'cls': 'positive'}, {'text': '🔴 영업손실(-31%)', 'cls': 'negative'}, {'text': '🔴 적자기업(PER<0)', 'cls': 'negative'}, {'text': '🚨 공매도 비중 주의 (29.08%)', 'cls': 'negative'}, {'text': '🔥 숏커버 (-20.1%)', 'cls': 'positive'}]","{'mfc': 75, 'wyckoff': 80, 'stochastic': 57.82638735310876, 'obv': 75, 'bollinger': 0, 'momentum_quality': 100, 'regime_score': 50, 'rr_score': 68.5, 'base_tech': np.float64(71.7)}","{'base_tech_score': np.float64(71.7), 'insider_bonus': 0.0, 'deviation_penalty': 0.0, 'blowoff_penalty': 0.0, 'short_excessive_penalty': 0.0, 'weekly_penalty': 0.0, 'resistance_penalty': 0.0, 'rr_penalty': 0.0, 'cmf_confluence_val': 0.0, 'penny_penalty': 0.0, 'penny_non_acc_penalty': 0.0, 'scalping_bonus': 10.0, 'fund_penalty': 22.0, 'macd_reversal_bonus': 0.0, 'sector_rs_bonus': 0.0, 'confluence_bonus': 0.0, 'short_squeeze_bonus': 15.0, 'ai_momentum_bonus': 0.0}",N/A,,,,,6.04,0.89,0.89,False,False
LYG,Lloyds Banking Group Plc,$6.28,6.28000020980835,Financial Services,Banks - Regional,1.45,65.3,71.2,0.0,False,False,False,59.8,Markup,"{'trend': 100, 'momentum': 75.9, 'flow': 57.0, 'volatility': 63, 'structure': 80.0, 'momentum_quality': 57.8, 'insider': 45.0}",7.0,-14.801097093504609,0.0002,Tactical Overweight,매수 우위 (강력 매수 - 다중지표 강세 컨플루언스 확인),False,상승,상단,정배열,3.3,6.0,하락,-28123765.29299266,0.097,0.123,0.0,0.44961,,"[{'text': '상승 추세', 'cls': 'positive'}, {'text': '📊 VWAP 상회 주의', 'cls': 'neutral'}, {'text': 'OBV 상승', 'cls': 'positive'}, {'text': '🔥 숏커버 (-14.8%)', 'cls': 'positive'}]","{'mfc': 71, 'wyckoff': 80, 'stochastic': 49.55786066857655, 'obv': 75, 'bollinger': 0, 'momentum_quality': 57.8, 'regime_score': 50, 'rr_score': 70.0, 'base_tech': np.float64(62.9)}","{'base_tech_score': np.float64(62.9), 'insider_bonus': 0.0, 'deviation_penalty': 0.0, 'blowoff_penalty': 0.0, 'short_excessive_penalty': 0.0, 'weekly_penalty': 0.0, 'resistance_penalty': 0.0, 'rr_penalty': 0.0, 'cmf_confluence_val': 0.0, 'penny_penalty': 0.0, 'penny_non_acc_penalty': 0.0, 'scalping_bonus': 6.0, 'fund_penalty': -3.0, 'macd_reversal_bonus': 0.0, 'sector_rs_bonus': 0.0, 'confluence_bonus': 0.0, 'short_squeeze_bonus': 0.0, 'ai_momentum_bonus': 0.0}",N/A,,,,,1.45,0.62,0.62,True,False
PAA,"Plains All American Pipeline, L",$22.81,22.809999465942383,Energy,Oil & Gas Midstream,-3.02,65.2,42.5,0.34057,False,False,False,43.3,Markdown,"{'trend': 45.0, 'momentum': 39.0, 'flow': 26.0, 'volatility': 78, 'structure': 15.0, 'momentum_quality': 35.5, 'insider': 50.0}",7.0,-12.668872731219254,0.0214,Avoid / Sell-off,매도 우위 (전면 회피 - 다중지표 약세 컨플루언스 확인),False,하락,하단,데드크로스 진행,-4.0,5.0,하락,6992367.887971502,7.714,0.663,0.0555,0.025829999,1344375040.0,"[{'text': '하락 추세', 'cls': 'negative'}, {'text': '📊 VWAP 하회 매수↗', 'cls': 'positive'}, {'text': '📈 EPS 반등/턴어라운드', 'cls': 'positive'}, {'text': '🚀 매출 고성장', 'cls': 'positive'}, {'text': '🔥 숏커버 (-12.7%)', 'cls': 'positive'}]","{'mfc': 42, 'wyckoff': 10, 'stochastic': 18.48190729639027, 'obv': 25, 'bollinger': 100, 'momentum_quality': 35.5, 'regime_score': 50, 'rr_score': 100, 'base_tech': np.float64(35.2)}","{'base_tech_score': np.float64(35.2), 'insider_bonus': 0.0, 'deviation_penalty': 0.0, 'blowoff_penalty': 0.0, 'short_excessive_penalty': 0.0, 'weekly_penalty': 0.0, 'resistance_penalty': 0.0, 'rr_penalty': 0.0, 'cmf_confluence_val': 0.0, 'penny_penalty': 0.0, 'penny_non_acc_penalty': 0.0, 'scalping_bonus': 5.0, 'fund_penalty': -25.0, 'macd_reversal_bonus': 0.0, 'sector_rs_bonus': 0.0, 'confluence_bonus': 0.0, 'short_squeeze_bonus': 0.0, 'ai_momentum_bonus': 0.0}",N/A,,,,,-3.02,1.82,1.82,False,False
AAUC,Allied Gold Corporation,$21.78,21.780000686645508,Basic Materials,Gold,5.37,65.1,50.6,0.15938,False,False,False,53.1,Accumulation,"{'trend': 5, 'momentum': 57.2, 'flow': 90.0, 'volatility': 33, 'structure': 65.0, 'momentum_quality': 75.8, 'insider': 50.0}",2.0,1.6359103233257497,0.028800001,Tactical Hold,매도 우위 (하방 경계 - 바닥 탐색 진행 중),True,상승,상단,역배열,6.6,10.0,상승,36578.94830053812,,0.454,0.48861,0.40167,149784496.0,"[{'text': '매집 구간', 'cls': 'positive'}, {'text': '⚠️ 주봉 역배열(하락추세)', 'cls': 'negative'}, {'text': 'Stoch 골든크로스', 'cls': 'positive'}, {'text': 'OBV 상승', 'cls': 'positive'}, {'text': '🚀 매출 고성장', 'cls': 'positive'}]","{'mfc': 51, 'wyckoff': 100, 'stochastic': 86.13611913903046, 'obv': 75, 'bollinger': 0, 'momentum_quality': 75.8, 'regime_score': 50, 'rr_score': 100, 'base_tech': np.float64(66.4)}","{'base_tech_score': np.float64(66.4), 'insider_bonus': 0.0, 'deviation_penalty': 0.0, 'blowoff_penalty': 0.0, 'short_excessive_penalty': 0.0, 'weekly_penalty': 10, 'resistance_penalty': 0.0, 'rr_penalty': 0.0, 'cmf_confluence_val': 0.0, 'penny_penalty': 0.0, 'penny_non_acc_penalty': 0.0, 'scalping_bonus': 10.0, 'fund_penalty': -10.0, 'macd_reversal_bonus': 0.0, 'sector_rs_bonus': 0.0, 'confluence_bonus': 0.0, 'short_squeeze_bonus': 0.0, 'ai_momentum_bonus': 0.0}",N/A,,,,,5.37,1.82,1.82,False,False
MPC,Marathon Petroleum Corporation,$298.20,298.20001220703125,Energy,Oil & Gas Refining & Marketing,-0.35,64.9,45.7,0.0033399998,False,False,False,50.9,Distribution,"{'trend': 45.0, 'momentum': 47.2, 'flow': 31.0, 'volatility': 73, 'structure': 20.0, 'momentum_quality': 33.5, 'insider': 50.0}",7.0,-16.43929031995755,0.0254,Underweight,매도 우위 (투매 경고 - 강한 하방 압력),False,하락,하단,데드크로스 진행,-3.2,0.0,하락,19148569.351652645,3.225,0.537,0.12819,0.13561,9249375232.0,"[{'text': '분산 경고', 'cls': 'negative'}, {'text': '📈 EPS 반등/턴어라운드', 'cls': 'positive'}, {'text': '🚀 매출 고성장', 'cls': 'positive'}, {'text': '🔥 숏커버 (-16.4%)', 'cls': 'positive'}]","{'mfc': 46, 'wyckoff': 30, 'stochastic': 31.31369772297415, 'obv': 25, 'bollinger': 100, 'momentum_quality': 33.5, 'regime_score': 50, 'rr_score': 100, 'base_tech': np.float64(41.2)}","{'base_tech_score': np.float64(41.2), 'insider_bonus': 0.0, 'deviation_penalty': 0.0, 'blowoff_penalty': 0.0, 'short_excessive_penalty': 0.0, 'weekly_penalty': 0.0, 'resistance_penalty': 0.0, 'rr_penalty': 0.0, 'cmf_confluence_val': 0.0, 'penny_penalty': 0.0, 'penny_non_acc_penalty': 0.0, 'scalping_bonus': 0.0, 'fund_penalty': -25.0, 'macd_reversal_bonus': 0.0, 'sector_rs_bonus': 0.0, 'confluence_bonus': 0.0, 'short_squeeze_bonus': 0.0, 'ai_momentum_bonus': 0.0}",N/A,,,,,-0.35,0.57,0.57,False,False
AXIA,AXIA Energia,$9.79,9.789999961853027,Utilities,Utilities - Renewable,1.03,64.8,33.8,0.0,False,False,False,38.7,Markdown,"{'trend': 5, 'momentum': 36.5, 'flow': 23.0, 'volatility': 78, 'structure': 15.0, 'momentum_quality': 21.3, 'insider': 50.0}",2.0,0.1544210942886634,0.0023999999,Avoid / Sell-off,매도 우위 (전면 회피 - 다중지표 약세 컨플루언스 확인),False,하락,하단,역배열,-5.1,13.0,하락,2503939.160733438,,0.097,0.47402,0.43789002,3952415488.0,"[{'text': '하락 추세', 'cls': 'negative'}, {'text': '⚠️ 주봉 역배열(하락추세)', 'cls': 'negative'}, {'text': '📊 VWAP 하회 매수↗', 'cls': 'positive'}, {'text': '📉 AI 예상: +0.0%', 'cls': 'negative'}]","{'mfc': 34, 'wyckoff': 10, 'stochastic': 36.15406129933665, 'obv': 25, 'bollinger': 100, 'momentum_quality': 21.3, 'regime_score': 50, 'rr_score': 100, 'base_tech': np.float64(32.2)}","{'base_tech_score': np.float64(32.2), 'insider_bonus': 0.0, 'deviation_penalty': 0.0, 'blowoff_penalty': 0.0, 'short_excessive_penalty': 0.0, 'weekly_penalty': 10, 'resistance_penalty': 0.0, 'rr_penalty': 0.0, 'cmf_confluence_val': 0.0, 'penny_penalty': 0.0, 'penny_non_acc_penalty': 0.0, 'scalping_bonus': 13.0, 'fund_penalty': 0.0, 'macd_reversal_bonus': 0.0, 'sector_rs_bonus': 0.0, 'confluence_bonus': 0.0, 'short_squeeze_bonus': 0.0, 'ai_momentum_bonus': 0.0}",+0.00%,64.8,BUY,+0.00%,0.5,-2.39,8.88,8.88,False,False
TXG,"10x Genomics, Inc.",$52.03,52.029998779296875,Healthcare,Health Information Services,14.1,64.5,72.4,0.01666,False,False,False,67.8,Markup,"{'trend': 100, 'momentum': 76.3, 'flow': 86.0, 'volatility': 33, 'structure': 80.0, 'momentum_quality': 100, 'insider': 50.0}",6.5,-26.469703879445294,0.1901,Tactical Overweight,매수 우위 (강력 매수 - 다중지표 강세 컨플루언스 확인),True,하락,상단 돌파,정배열,12.0,16.0,상승,52392102.46898421,,-0.127,0.70112,-0.15198,179656000.0,"[{'text': '상승 추세', 'cls': 'positive'}, {'text': '🔥 Accumulation Confluence (CMF+ADL)', 'cls': 'positive'}, {'text': 'Stoch 골든크로스', 'cls': 'positive'}, {'text': '⚠️ 매출 감소(-13%)', 'cls': 'negative'}, {'text': '🚨 공매도 비중 주의 (19.01%)', 'cls': 'negative'}, {'text': '🔥 숏커버 (-26.5%)', 'cls': 'positive'}]","{'mfc': 72, 'wyckoff': 80, 'stochastic': 60.69963656421798, 'obv': 25, 'bollinger': 0, 'momentum_quality': 100, 'regime_score': 50, 'rr_score': 73.0, 'base_tech': np.float64(65.0)}","{'base_tech_score': np.float64(65.0), 'insider_bonus': 0.0, 'deviation_penalty': 0.0, 'blowoff_penalty': 0.0, 'short_excessive_penalty': 0.0, 'weekly_penalty': 0.0, 'resistance_penalty': 0.0, 'rr_penalty': 0.0, 'cmf_confluence_val': 0.0, 'penny_penalty': 0.0, 'penny_non_acc_penalty': 0.0, 'scalping_bonus': 16.0, 'fund_penalty': 16.0, 'macd_reversal_bonus': 0.0, 'sector_rs_bonus': 0.0, 'confluence_bonus': 0.0, 'short_squeeze_bonus': 0.0, 'ai_momentum_bonus': 0.0}",N/A,,,,,14.1,1.71,1.71,True,False
SITM,SiTime Corporation,$725.28,725.280029296875,Technology,Semiconductors,5.5,64.5,71.6,0.1093,False,False,False,63.6,Markup,"{'trend': 85.0, 'momentum': 100, 'flow': 99.0, 'volatility': 3, 'structure': 80.0, 'momentum_quality': 98.2, 'insider': 50.0}",8.0,-21.180572380916825,0.0495,Tactical Overweight,매수 우위 (강력 매수 - 다중지표 강세 컨플루언스 확인),True,상승,상단 돌파,골든크로스 진행,26.6,10.0,상승,2128482.6469666567,,1.265,0.58714,0.10623,24747500.0,"[{'text': '상승 추세', 'cls': 'positive'}, {'text': '⚠️ 이격도 과다', 'cls': 'negative'}, {'text': 'Stoch 골든크로스', 'cls': 'positive'}, {'text': 'OBV 상승', 'cls': 'positive'}, {'text': '🚀 매출 고성장', 'cls': 'positive'}, {'text': '🔥 숏커버 (-21.2%)', 'cls': 'positive'}]","{'mfc': 72, 'wyckoff': 80, 'stochastic': 61.593048882190296, 'obv': 75, 'bollinger': 0, 'momentum_quality': 98.2, 'regime_score': 50, 'rr_score': 88.2, 'base_tech': np.float64(70.6)}","{'base_tech_score': np.float64(70.6), 'insider_bonus': 0.0, 'deviation_penalty': 20, 'blowoff_penalty': 0.0, 'short_excessive_penalty': 0.0, 'weekly_penalty': 0.0, 'resistance_penalty': 0.0, 'rr_penalty': 0.0, 'cmf_confluence_val': 0.0, 'penny_penalty': 0.0, 'penny_non_acc_penalty': 0.0, 'scalping_bonus': 10.0, 'fund_penalty': -10.0, 'macd_reversal_bonus': 0.0, 'sector_rs_bonus': 0.0, 'confluence_bonus': 0.0, 'short_squeeze_bonus': 0.0, 'ai_momentum_bonus': 0.0}",N/A,,,,,5.5,1.21,1.21,False,False
SVV,"Savers Value Village, Inc.",$12.22,12.220000267028809,Consumer Cyclical,Specialty Retail,12.01,64.3,73.8,0.00308,False,True,False,76.7,Markup,"{'trend': 100, 'momentum': 85.8, 'flow': 100, 'volatility': 33, 'structure': 55.0, 'momentum_quality': 92.2, 'insider': 50.0}",0.5,-7.559403064316589,0.2042,Tactical Overweight,매수 우위 (강력 매수 - 다중지표 강세 컨플루언스 확인),False,상승,상단 돌파,정배열,21.0,18.0,상승,-1169272.1174052146,0.143,0.074,0.55712,0.09426,28411750.0,"[{'text': '상승 추세', 'cls': 'positive'}, {'text': '🚨 상단 클라이맥스', 'cls': 'negative'}, {'text': '🔥 Accumulation Confluence (CMF+ADL)', 'cls': 'positive'}, {'text': '🚀 숏스퀴즈 가능성', 'cls': 'positive'}, {'text': 'OBV 상승', 'cls': 'positive'}, {'text': '🚨 공매도 비중 주의 (20.42%)', 'cls': 'negative'}]","{'mfc': 74, 'wyckoff': 80, 'stochastic': 45.53944842921293, 'obv': 75, 'bollinger': 0, 'momentum_quality': 92.2, 'regime_score': 50, 'rr_score': 83.3, 'base_tech': np.float64(68.5)}","{'base_tech_score': np.float64(68.5), 'insider_bonus': 0.0, 'deviation_penalty': 0.0, 'blowoff_penalty': 30, 'short_excessive_penalty': 0.0, 'weekly_penalty': 0.0, 'resistance_penalty': 0.0, 'rr_penalty': 0.0, 'cmf_confluence_val': 0.0, 'penny_penalty': 0.0, 'penny_non_acc_penalty': 0.0, 'scalping_bonus': 18.0, 'fund_penalty': 0.0, 'macd_reversal_bonus': 0.0, 'sector_rs_bonus': 0.0, 'confluence_bonus': 0.0, 'short_squeeze_bonus': 15.0, 'ai_momentum_bonus': 0.0}",N/A,,,,,12.01,2.62,2.62,False,False
INTC,Intel Corporation,$101.65,101.6500015258789,Technology,Semiconductors,1.84,64.3,62.3,0.14671999,False,False,False,50.1,Markup,"{'trend': 60.0, 'momentum': 79.3, 'flow': 73.0, 'volatility': 43, 'structure': 80.0, 'momentum_quality': 42.4, 'insider': 50.0}",7.0,-15.921036220398532,0.024,Core Holding,매수 우위 (안정적 상승 추세 안착),True,상승,상단,골든크로스 진행,4.8,0.0,상승,994226382.6528667,,0.254,0.38873002,0.12189999,4866375168.0,"[{'text': '상승 추세', 'cls': 'positive'}, {'text': '📊 VWAP 상회 주의', 'cls': 'neutral'}, {'text': 'Stoch 골든크로스', 'cls': 'positive'}, {'text': 'OBV 상승', 'cls': 'positive'}, {'text': '🚀 매출 고성장', 'cls': 'positive'}, {'text': '🔥 숏커버 (-15.9%)', 'cls': 'positive'}]","{'mfc': 62, 'wyckoff': 80, 'stochastic': 62.52961544274996, 'obv': 75, 'bollinger': 0, 'momentum_quality': 42.4, 'regime_score': 50, 'rr_score': 100, 'base_tech': np.float64(59.1)}","{'base_tech_score': np.float64(59.1), 'insider_bonus': 0.0, 'deviation_penalty': 0.0, 'blowoff_penalty': 0.0, 'short_excessive_penalty': 0.0, 'weekly_penalty': 0.0, 'resistance_penalty': 0.0, 'rr_penalty': 0.0, 'cmf_confluence_val': 0.0, 'penny_penalty': 0.0, 'penny_non_acc_penalty': 0.0, 'scalping_bonus': 0.0, 'fund_penalty': -10.0, 'macd_reversal_bonus': 0.0, 'sector_rs_bonus': 0.0, 'confluence_bonus': 0.0, 'short_squeeze_bonus': 0.0, 'ai_momentum_bonus': 0.0}",N/A,,,,,1.84,0.62,0.62,False,False
KO,Coca-Cola Company (The),$87.05,87.05000305175781,Consumer Defensive,Beverages - Non-Alcoholic,0.23,64.2,75.0,0.09894,False,False,False,60.0,Markup,"{'trend': 100, 'momentum': 82.3, 'flow': 77.0, 'volatility': 83, 'structure': 65.0, 'momentum_quality': 86.6, 'insider': 50.0}",4.0,-6.567214302066803,0.0112,Tactical Overweight,매수 우위 (강력 매수 - 다중지표 강세 컨플루언스 확인),True,상승,상단,정배열,2.6,0.0,상승,-87733308.81297499,0.161,0.067,0.61888003,0.34873,5218749952.0,"[{'text': '상승 추세', 'cls': 'positive'}, {'text': '📊 VWAP 상회 주의', 'cls': 'neutral'}, {'text': 'Stoch 골든크로스', 'cls': 'positive'}, {'text': 'OBV 상승', 'cls': 'positive'}]","{'mfc': 75, 'wyckoff': 80, 'stochastic': 52.50853397186045, 'obv': 75, 'bollinger': 0, 'momentum_quality': 86.6, 'regime_score': 50, 'rr_score': 89.4, 'base_tech': np.float64(68.9)}","{'base_tech_score': np.float64(68.9), 'insider_bonus': 0.0, 'deviation_penalty': 0.0, 'blowoff_penalty': 0.0, 'short_excessive_penalty': 0.0, 'weekly_penalty': 0.0, 'resistance_penalty': 0.0, 'rr_penalty': 0.0, 'cmf_confluence_val': 0.0, 'penny_penalty': 0.0, 'penny_non_acc_penalty': 0.0, 'scalping_bonus': 0.0, 'fund_penalty': -5.0, 'macd_reversal_bonus': 0.0, 'sector_rs_bonus': 0.0, 'confluence_bonus': 0.0, 'short_squeeze_bonus': 0.0, 'ai_momentum_bonus': 0.0}",N/A,,,,,0.23,0.63,0.63,False,False
TE,T1 Energy Inc.,$5.85,5.849999904632568,Industrials,Electrical Equipment & Parts,5.41,64.1,57.7,0.13866,False,True,False,48.6,Markup,"{'trend': 40.0, 'momentum': 86.2, 'flow': 98.0, 'volatility': 3, 'structure': 80.0, 'momentum_quality': 34.7, 'insider': 50.0}",-3.5,5.855987556064865,0.235,Core Holding,매수 우위 (안정적 상승 추세 안착),True,상승,상단,혼합,7.2,10.0,상승,137016282.17547268,,2.323,0.07605,-0.12668,-42172752.0,"[{'text': '상승 추세', 'cls': 'positive'}, {'text': '🚀 숏스퀴즈 가능성', 'cls': 'positive'}, {'text': 'Stoch 골든크로스', 'cls': 'positive'}, {'text': 'OBV 상승', 'cls': 'positive'}, {'text': '🚀 매출 고성장', 'cls': 'positive'}, {'text': '🚨 공매도 비중 주의 (23.50%)', 'cls': 'negative'}]","{'mfc': 58, 'wyckoff': 80, 'stochastic': 68.84932514066207, 'obv': 75, 'bollinger': 0, 'momentum_quality': 34.7, 'regime_score': 50, 'rr_score': 100, 'base_tech': np.float64(57.1)}","{'base_tech_score': np.float64(57.1), 'insider_bonus': 0.0, 'deviation_penalty': 0.0, 'blowoff_penalty': 0.0, 'short_excessive_penalty': 0.0, 'weekly_penalty': 0.0, 'resistance_penalty': 0.0, 'rr_penalty': 0.0, 'cmf_confluence_val': 0.0, 'penny_penalty': 0.0, 'penny_non_acc_penalty': 0.0, 'scalping_bonus': 10.0, 'fund_penalty': 3.0, 'macd_reversal_bonus': 0.0, 'sector_rs_bonus': 0.0, 'confluence_bonus': 0.0, 'short_squeeze_bonus': 15.0, 'ai_momentum_bonus': 0.0}",N/A,,,,,5.41,1.25,1.25,False,False
PAAS,Pan American Silver Corp.,$51.22,51.220001220703125,Basic Materials,Gold,6.6,64.0,73.3,0.00064000004,False,False,False,67.8,Markup,"{'trend': 68.0, 'momentum': 100, 'flow': 100, 'volatility': 33, 'structure': 80.0, 'momentum_quality': 98.2, 'insider': 50.0}",0.0,9.702733496884655,0.0,Tactical Overweight,매수 우위 (강력 매수 - 다중지표 강세 컨플루언스 확인),True,상승,상단 돌파,골든크로스 진행,15.5,10.0,상승,11669939.557054756,1.704,0.493,0.55724996,0.48094,1300125056.0,"[{'text': '상승 추세', 'cls': 'positive'}, {'text': '🚨 강력한 하방 압력(공매도 급증 +9.7%)', 'cls': 'negative'}, {'text': '⚠️ 주봉 역배열(하락추세)', 'cls': 'negative'}, {'text': '🔥 Accumulation Confluence (CMF+ADL)', 'cls': 'positive'}, {'text': 'Stoch 골든크로스', 'cls': 'positive'}, {'text': 'OBV 상승', 'cls': 'positive'}, {'text': '📈 EPS 반등/턴어라운드', 'cls': 'positive'}, {'text': '🚀 매출 고성장', 'cls': 'positive'}]","{'mfc': 73, 'wyckoff': 80, 'stochastic': 72.10473903631758, 'obv': 75, 'bollinger': 0, 'momentum_quality': 98.2, 'regime_score': 50, 'rr_score': 100, 'base_tech': np.float64(72.4)}","{'base_tech_score': np.float64(72.4), 'insider_bonus': 0.0, 'deviation_penalty': 0.0, 'blowoff_penalty': 0.0, 'short_excessive_penalty': 25, 'weekly_penalty': 10, 'resistance_penalty': 0.0, 'rr_penalty': 0.0, 'cmf_confluence_val': 0.0, 'penny_penalty': 0.0, 'penny_non_acc_penalty': 0.0, 'scalping_bonus': 10.0, 'fund_penalty': -25.0, 'macd_reversal_bonus': 0.0, 'sector_rs_bonus': 0.0, 'confluence_bonus': 0.0, 'short_squeeze_bonus': 0.0, 'ai_momentum_bonus': 0.0}",N/A,,,,,6.6,1.15,1.15,False,False
SOFI,"SoFi Technologies, Inc.",$18.38,18.3799991607666,Financial Services,Credit Services,1.55,64.0,67.0,0.01421,False,False,False,56.5,Markup,"{'trend': 65.0, 'momentum': 82.9, 'flow': 81.0, 'volatility': 33, 'structure': 80.0, 'momentum_quality': 85.6, 'insider': 50.0}",2.0,-5.021764082060649,0.1461,Tactical Overweight,매수 우위 (강력 매수 - 다중지표 강세 컨플루언스 확인),False,상승,상단,혼합,5.9,0.0,상승,-460189052.80879295,0.61,0.426,0.83734,0.16956,,"[{'text': '상승 추세', 'cls': 'positive'}, {'text': '⚠️ 장기 매물대(저항선) 충돌 위험', 'cls': 'negative'}, {'text': '📊 VWAP 상회 주의', 'cls': 'neutral'}, {'text': 'OBV 상승', 'cls': 'positive'}, {'text': '📈 EPS 반등/턴어라운드', 'cls': 'positive'}, {'text': '🚀 매출 고성장', 'cls': 'positive'}, {'text': '🚨 공매도 비중 주의 (14.61%)', 'cls': 'negative'}]","{'mfc': 67, 'wyckoff': 80, 'stochastic': 44.57684975573148, 'obv': 75, 'bollinger': 0, 'momentum_quality': 85.6, 'regime_score': 50, 'rr_score': 68.5, 'base_tech': np.float64(65.0)}","{'base_tech_score': np.float64(65.0), 'insider_bonus': 0.0, 'deviation_penalty': 0.0, 'blowoff_penalty': 0.0, 'short_excessive_penalty': 0.0, 'weekly_penalty': 0.0, 'resistance_penalty': 15, 'rr_penalty': 0.0, 'cmf_confluence_val': 0.0, 'penny_penalty': 0.0, 'penny_non_acc_penalty': 0.0, 'scalping_bonus': 0.0, 'fund_penalty': -25.0, 'macd_reversal_bonus': 0.0, 'sector_rs_bonus': 0.0, 'confluence_bonus': 0.0, 'short_squeeze_bonus': 0.0, 'ai_momentum_bonus': 0.0}",N/A,,,,,1.55,0.65,0.65,False,False
OWL,Blue Owl Capital Inc.,$11.87,11.869999885559082,Financial Services,Asset Management,3.58,63.9,75.6,0.00123,False,False,False,77.1,Markup,"{'trend': 100, 'momentum': 85.8, 'flow': 100, 'volatility': 13, 'structure': 80.0, 'momentum_quality': 100, 'insider': 50.0}",3.5,-10.290079544977013,0.2207,Tactical Overweight,매수 우위 (강력 매수 - 다중지표 강세 컨플루언스 확인),False,상승,상단 돌파,정배열,17.9,10.0,상승,-80826995.4455068,-0.346,0.071,0.58491004,0.28944,1554398720.0,"[{'text': '상승 추세', 'cls': 'positive'}, {'text': '🔥 Accumulation Confluence (CMF+ADL)', 'cls': 'positive'}, {'text': 'OBV 상승', 'cls': 'positive'}, {'text': '⚠️ EPS 감소(-35%)', 'cls': 'negative'}, {'text': '🚨 공매도 비중 주의 (22.07%)', 'cls': 'negative'}, {'text': '🔥 숏커버 (-10.3%)', 'cls': 'positive'}]","{'mfc': 76, 'wyckoff': 80, 'stochastic': 47.196504206175085, 'obv': 75, 'bollinger': 0, 'momentum_quality': 100, 'regime_score': 50, 'rr_score': 68.2, 'base_tech': np.float64(70.5)}","{'base_tech_score': np.float64(70.5), 'insider_bonus': 0.0, 'deviation_penalty': 0.0, 'blowoff_penalty': 0.0, 'short_excessive_penalty': 0.0, 'weekly_penalty': 0.0, 'resistance_penalty': 0.0, 'rr_penalty': 0.0, 'cmf_confluence_val': 0.0, 'penny_penalty': 0.0, 'penny_non_acc_penalty': 0.0, 'scalping_bonus': 10.0, 'fund_penalty': 12.0, 'macd_reversal_bonus': 0.0, 'sector_rs_bonus': 0.0, 'confluence_bonus': 0.0, 'short_squeeze_bonus': 0.0, 'ai_momentum_bonus': 0.0}",N/A,,,,,3.58,1.49,1.49,False,False
HIMX,"Himax Technologies, Inc.",$14.61,14.609999656677246,Technology,Semiconductors,6.18,63.7,66.0,0.31068,False,False,False,54.7,Markup,"{'trend': 60.0, 'momentum': 95.7, 'flow': 75.0, 'volatility': 23, 'structure': 80.0, 'momentum_quality': 90.5, 'insider': 50.0}",0.0,-2.0274052105700178,0.066599995,Core Holding,매수 우위 (안정적 상승 추세 안착),True,상승,상단,골든크로스 진행,10.7,10.0,상승,-51214168.76012605,0.202,0.059,0.31074,0.10803001,-83886752.0,"[{'text': '상승 추세', 'cls': 'positive'}, {'text': '📊 VWAP 상회 주의', 'cls': 'neutral'}, {'text': 'Stoch 골든크로스', 'cls': 'positive'}, {'text': 'OBV 상승', 'cls': 'positive'}]","{'mfc': 66, 'wyckoff': 80, 'stochastic': 58.99325278261834, 'obv': 75, 'bollinger': 0, 'momentum_quality': 90.5, 'regime_score': 50, 'rr_score': 100, 'base_tech': np.float64(67.2)}","{'base_tech_score': np.float64(67.2), 'insider_bonus': 0.0, 'deviation_penalty': 0.0, 'blowoff_penalty': 0.0, 'short_excessive_penalty': 0.0, 'weekly_penalty': 0.0, 'resistance_penalty': 0.0, 'rr_penalty': 0.0, 'cmf_confluence_val': 0.0, 'penny_penalty': 0.0, 'penny_non_acc_penalty': 0.0, 'scalping_bonus': 10.0, 'fund_penalty': 0.0, 'macd_reversal_bonus': 0.0, 'sector_rs_bonus': 0.0, 'confluence_bonus': 0.0, 'short_squeeze_bonus': 0.0, 'ai_momentum_bonus': 0.0}",N/A,,,,,6.18,0.6,0.6,False,False
XOM,ExxonMobil Holdings Corporation,$153.04,153.0399932861328,Energy,Oil & Gas Integrated,-1.16,63.5,61.2,0.00081,False,False,False,55.2,Accumulation,"{'trend': 65.0, 'momentum': 52.3, 'flow': 75.0, 'volatility': 83, 'structure': 65.0, 'momentum_quality': 26.5, 'insider': 50.0}",7.0,-10.998253759622777,0.0115,Tactical Hold,"중립 대기 (방향성 탐색 중, 뚜렷한 주도력 부재)",False,하락,상단,혼합,0.6,0.0,상승,137342648.34599337,1.051,0.441,0.29767,0.15859,20671000576.0,"[{'text': '매집 구간', 'cls': 'positive'}, {'text': '⚠️ 장기 매물대(저항선) 충돌 위험', 'cls': 'negative'}, {'text': '📊 VWAP 상회 주의', 'cls': 'neutral'}, {'text': '🔥 Accumulation Confluence (CMF+ADL)', 'cls': 'positive'}, {'text': '📈 EPS 반등/턴어라운드', 'cls': 'positive'}, {'text': '🚀 매출 고성장', 'cls': 'positive'}, {'text': '🔥 숏커버 (-11.0%)', 'cls': 'positive'}]","{'mfc': 61, 'wyckoff': 100, 'stochastic': 35.30373075008146, 'obv': 25, 'bollinger': 0, 'momentum_quality': 26.5, 'regime_score': 50, 'rr_score': 96.2, 'base_tech': np.float64(50.6)}","{'base_tech_score': np.float64(50.6), 'insider_bonus': 0.0, 'deviation_penalty': 0.0, 'blowoff_penalty': 0.0, 'short_excessive_penalty': 0.0, 'weekly_penalty': 0.0, 'resistance_penalty': 15, 'rr_penalty': 0.0, 'cmf_confluence_val': 0.0, 'penny_penalty': 0.0, 'penny_non_acc_penalty': 0.0, 'scalping_bonus': 0.0, 'fund_penalty': -25.0, 'macd_reversal_bonus': 0.0, 'sector_rs_bonus': 0.0, 'confluence_bonus': 0.0, 'short_squeeze_bonus': 0.0, 'ai_momentum_bonus': 0.0}",N/A,,,,,-1.16,0.61,0.61,False,False
ABNB,"Airbnb, Inc.",$178.07,178.07000732421875,Consumer Cyclical,Travel Services,17.43,62.8,76.7,0.01112,False,False,False,79.1,Markup,"{'trend': 100, 'momentum': 91.7, 'flow': 100, 'volatility': 33, 'structure': 55.0, 'momentum_quality': 98.2, 'insider': 50.0}",0.0,-4.371066092448442,0.0339,Tactical Overweight,매수 우위 (강력 매수 - 다중지표 강세 컨플루언스 확인),True,상승,상단 돌파,정배열,19.4,4.0,상승,13050266.94307768,0.271,0.165,0.82901,0.21009001,3206874880.0,"[{'text': '상승 추세', 'cls': 'positive'}, {'text': '🚨 상단 클라이맥스', 'cls': 'negative'}, {'text': '🔥 Accumulation Confluence (CMF+ADL)', 'cls': 'positive'}, {'text': 'Stoch 골든크로스', 'cls': 'positive'}, {'text': 'OBV 상승', 'cls': 'positive'}, {'text': '📉 AI 예상: +0.0%', 'cls': 'negative'}]","{'mfc': 77, 'wyckoff': 80, 'stochastic': 68.39578894559338, 'obv': 75, 'bollinger': 0, 'momentum_quality': 98.2, 'regime_score': 50, 'rr_score': 64.6, 'base_tech': np.float64(73.2)}","{'base_tech_score': np.float64(73.2), 'insider_bonus': 0.0, 'deviation_penalty': 0.0, 'blowoff_penalty': 30, 'short_excessive_penalty': 0.0, 'weekly_penalty': 0.0, 'resistance_penalty': 0.0, 'rr_penalty': 0.0, 'cmf_confluence_val': 0.0, 'penny_penalty': 0.0, 'penny_non_acc_penalty': 0.0, 'scalping_bonus': 4.0, 'fund_penalty': -8.0, 'macd_reversal_bonus': 0.0, 'sector_rs_bonus': 0.0, 'confluence_bonus': 0.0, 'short_squeeze_bonus': 0.0, 'ai_momentum_bonus': 0.0}",+0.00%,62.8,BUY,+0.00%,0.5,17.43,4.01,4.01,True,False
HASI,HA Sustainable Infrastructure C,$40.68,40.68000030517578,Financial Services,Asset Management,6.38,62.8,68.7,0.02224,False,False,False,65.4,Markup,"{'trend': 85.0, 'momentum': 80.9, 'flow': 62.0, 'volatility': 73, 'structure': 80.0, 'momentum_quality': 84.6, 'insider': 50.0}",0.0,-2.3527305752465715,0.116000004,Tactical Overweight,매수 우위 (강력 매수 - 다중지표 강세 컨플루언스 확인),False,상승,상단 돌파,골든크로스 진행,5.9,10.0,하락,-6330838.020245974,0.307,8.044,1.0,0.22208,,"[{'text': '상승 추세', 'cls': 'positive'}, {'text': '⚠️ 장기 매물대(저항선) 충돌 위험', 'cls': 'negative'}, {'text': 'OBV 상승', 'cls': 'positive'}, {'text': 'Squeeze 대기', 'cls': 'neutral'}, {'text': '🚀 매출 고성장', 'cls': 'positive'}, {'text': '🚨 공매도 비중 주의 (11.60%)', 'cls': 'negative'}]","{'mfc': 69, 'wyckoff': 80, 'stochastic': 49.018878781786825, 'obv': 75, 'bollinger': 0, 'momentum_quality': 84.6, 'regime_score': 50, 'rr_score': 55.6, 'base_tech': np.float64(66.0)}","{'base_tech_score': np.float64(66.0), 'insider_bonus': 0.0, 'deviation_penalty': 0.0, 'blowoff_penalty': 0.0, 'short_excessive_penalty': 0.0, 'weekly_penalty': 0.0, 'resistance_penalty': 15, 'rr_penalty': 0.0, 'cmf_confluence_val': 0.0, 'penny_penalty': 0.0, 'penny_non_acc_penalty': 0.0, 'scalping_bonus': 10.0, 'fund_penalty': -15.0, 'macd_reversal_bonus': 0.0, 'sector_rs_bonus': 0.0, 'confluence_bonus': 0.0, 'short_squeeze_bonus': 0.0, 'ai_momentum_bonus': 0.0}",N/A,,,,,6.38,1.57,1.57,False,False
CTSH,Cognizant Technology Solutions ,$57.67,57.66999816894531,Technology,Information Technology Services,1.37,62.3,72.1,0.00125,False,False,False,72.4,Markup,"{'trend': 73.0, 'momentum': 81.8, 'flow': 100, 'volatility': 13, 'structure': 80.0, 'momentum_quality': 100, 'insider': 50.0}",0.0,-4.544976533344372,0.1265,Core Holding,매수 우위 (안정적 상승 추세 안착),True,상승,상단,혼합,17.2,0.0,상승,-69339732.82831974,-0.014,0.045,0.3344,0.17479,2215500032.0,"[{'text': '상승 추세', 'cls': 'positive'}, {'text': '🔥 Accumulation Confluence (CMF+ADL)', 'cls': 'positive'}, {'text': 'Stoch 골든크로스', 'cls': 'positive'}, {'text': 'OBV 상승', 'cls': 'positive'}, {'text': '🚨 공매도 비중 주의 (12.65%)', 'cls': 'negative'}]","{'mfc': 72, 'wyckoff': 80, 'stochastic': 56.15487904815474, 'obv': 75, 'bollinger': 0, 'momentum_quality': 100, 'regime_score': 50, 'rr_score': 63.1, 'base_tech': np.float64(70.4)}","{'base_tech_score': np.float64(70.4), 'insider_bonus': 0.0, 'deviation_penalty': 0.0, 'blowoff_penalty': 0.0, 'short_excessive_penalty': 0.0, 'weekly_penalty': 0.0, 'resistance_penalty': 0.0, 'rr_penalty': 0.0, 'cmf_confluence_val': 0.0, 'penny_penalty': 0.0, 'penny_non_acc_penalty': 0.0, 'scalping_bonus': 0.0, 'fund_penalty': 0.0, 'macd_reversal_bonus': 0.0, 'sector_rs_bonus': 0.0, 'confluence_bonus': 0.0, 'short_squeeze_bonus': 0.0, 'ai_momentum_bonus': 0.0}",N/A,,,,,1.37,1.13,1.13,False,False
GH,"Guardant Health, Inc.",$168.48,168.47999572753906,Healthcare,Diagnostics & Research,6.92,62.2,73.1,0.03973,False,False,False,63.3,Markup,"{'trend': 100, 'momentum': 88.4, 'flow': 79.0, 'volatility': 53, 'structure': 80.0, 'momentum_quality': 100, 'insider': 50.0}",5.0,-12.731776067632211,0.089099996,Tactical Overweight,매수 우위 (강력 매수 - 다중지표 강세 컨플루언스 확인),True,상승,상단,정배열,8.8,10.0,상승,11060174.522279244,,0.443,0.65012,-0.38247,26607000.0,"[{'text': '상승 추세', 'cls': 'positive'}, {'text': 'Stoch 골든크로스', 'cls': 'positive'}, {'text': 'OBV 상승', 'cls': 'positive'}, {'text': '🚀 매출 고성장', 'cls': 'positive'}, {'text': '🔴 영업손실(-38%)', 'cls': 'negative'}, {'text': '🔴 적자기업(PER<0)', 'cls': 'negative'}, {'text': '🔥 숏커버 (-12.7%)', 'cls': 'positive'}]","{'mfc': 73, 'wyckoff': 80, 'stochastic': 62.543551956250916, 'obv': 75, 'bollinger': 0, 'momentum_quality': 100, 'regime_score': 50, 'rr_score': 82.8, 'base_tech': np.float64(71.5)}","{'base_tech_score': np.float64(71.5), 'insider_bonus': 0.0, 'deviation_penalty': 0.0, 'blowoff_penalty': 0.0, 'short_excessive_penalty': 0.0, 'weekly_penalty': 0.0, 'resistance_penalty': 0.0, 'rr_penalty': 0.0, 'cmf_confluence_val': 0.0, 'penny_penalty': 0.0, 'penny_non_acc_penalty': 0.0, 'scalping_bonus': 10.0, 'fund_penalty': 10.0, 'macd_reversal_bonus': 0.0, 'sector_rs_bonus': 0.0, 'confluence_bonus': 0.0, 'short_squeeze_bonus': 0.0, 'ai_momentum_bonus': 0.0}",N/A,,,,,6.92,0.82,0.82,False,False
GSBD,"Goldman Sachs BDC, Inc.",$9.75,9.75,Financial Services,Asset Management,7.26,62.2,82.5,0.00174,False,False,False,68.3,Markup,"{'trend': 100, 'momentum': 98.9, 'flow': 100, 'volatility': 63, 'structure': 80.0, 'momentum_quality': 98.2, 'insider': 50.0}",0.0,0.9951754683142071,0.065,Tactical Overweight,매수 우위 (강력 매수 - 다중지표 강세 컨플루언스 확인),True,상승,상단 돌파,골든크로스 진행,10.1,10.0,상승,-11741178.162137948,,-0.187,1.0,0.70829004,96272496.0,"[{'text': '상승 추세', 'cls': 'positive'}, {'text': 'Stoch 골든크로스', 'cls': 'positive'}, {'text': 'OBV 상승', 'cls': 'positive'}, {'text': '거래량 폭발', 'cls': 'neutral'}, {'text': '⚠️ 매출 감소(-19%)', 'cls': 'negative'}]","{'mfc': 82, 'wyckoff': 80, 'stochastic': 68.75977505618188, 'obv': 75, 'bollinger': 0, 'momentum_quality': 98.2, 'regime_score': 50, 'rr_score': 47.0, 'base_tech': np.float64(75.3)}","{'base_tech_score': np.float64(75.3), 'insider_bonus': 0.0, 'deviation_penalty': 0.0, 'blowoff_penalty': 0.0, 'short_excessive_penalty': 0.0, 'weekly_penalty': 0.0, 'resistance_penalty': 0.0, 'rr_penalty': 0.0, 'cmf_confluence_val': 0.0, 'penny_penalty': 0.0, 'penny_non_acc_penalty': 0.0, 'scalping_bonus': 10.0, 'fund_penalty': 8.0, 'macd_reversal_bonus': 0.0, 'sector_rs_bonus': 0.0, 'confluence_bonus': 0.0, 'short_squeeze_bonus': 0.0, 'ai_momentum_bonus': 0.0}",N/A,,,,,7.26,2.02,2.02,False,False
ARIS,Aris Mining Corporation,$17.40,17.399999618530273,Basic Materials,Gold,10.69,62.1,76.5,0.01941,False,False,False,65.9,Markup,"{'trend': 76.0, 'momentum': 100, 'flow': 100, 'volatility': 33, 'structure': 80.0, 'momentum_quality': 98.2, 'insider': 50.0}",8.0,-23.053120827748916,0.0,Tactical Overweight,매수 우위 (강력 매수 - 다중지표 강세 컨플루언스 확인),True,상승,상단 돌파,골든크로스 진행,19.1,10.0,상승,-7006677.3198457,,0.623,0.59506,0.47839,120859752.0,"[{'text': '상승 추세', 'cls': 'positive'}, {'text': '⚠️ 주봉 역배열(하락추세)', 'cls': 'negative'}, {'text': '⚠️ 장기 매물대(저항선) 충돌 위험', 'cls': 'negative'}, {'text': 'Stoch 골든크로스', 'cls': 'positive'}, {'text': 'OBV 상승', 'cls': 'positive'}, {'text': '🚀 매출 고성장', 'cls': 'positive'}, {'text': '🔥 숏커버 (-23.1%)', 'cls': 'positive'}]","{'mfc': 76, 'wyckoff': 80, 'stochastic': 75.08899782818297, 'obv': 75, 'bollinger': 0, 'momentum_quality': 98.2, 'regime_score': 50, 'rr_score': 97.5, 'base_tech': np.float64(73.9)}","{'base_tech_score': np.float64(73.9), 'insider_bonus': 0.0, 'deviation_penalty': 0.0, 'blowoff_penalty': 0.0, 'short_excessive_penalty': 0.0, 'weekly_penalty': 10, 'resistance_penalty': 15, 'rr_penalty': 0.0, 'cmf_confluence_val': 0.0, 'penny_penalty': 0.0, 'penny_non_acc_penalty': 0.0, 'scalping_bonus': 10.0, 'fund_penalty': -10.0, 'macd_reversal_bonus': 0.0, 'sector_rs_bonus': 0.0, 'confluence_bonus': 0.0, 'short_squeeze_bonus': 0.0, 'ai_momentum_bonus': 0.0}",N/A,,,,,10.69,1.52,1.52,False,False
TSLA,"Tesla, Inc.",$328.58,328.5799865722656,Consumer Cyclical,Auto Manufacturers,2.83,62.0,36.7,0.17819001,False,False,False,41.4,Distribution,"{'trend': 5, 'momentum': 63.6, 'flow': 57.0, 'volatility': 33, 'structure': 20.0, 'momentum_quality': 13.5, 'insider': 50.0}",4.0,-9.639879495750586,0.02,Underweight,매도 우위 (투매 경고 - 강한 하방 압력),True,상승,하단,역배열,-4.3,10.0,상승,-32468544.429885585,-0.049,0.255,0.18852,0.014099999,4835999744.0,"[{'text': '분산 경고', 'cls': 'negative'}, {'text': '⚠️ 주봉 역배열(하락추세)', 'cls': 'negative'}, {'text': '🔄 MACD 반전', 'cls': 'positive'}, {'text': '🎯 시그널 컨플루언스 (3)', 'cls': 'positive'}, {'text': 'Stoch 골든크로스', 'cls': 'positive'}, {'text': 'OBV 상승', 'cls': 'positive'}, {'text': '🚀 매출 고성장', 'cls': 'positive'}]","{'mfc': 37, 'wyckoff': 30, 'stochastic': 53.605586572253934, 'obv': 75, 'bollinger': 100, 'momentum_quality': 13.5, 'regime_score': 50, 'rr_score': 100, 'base_tech': np.float64(43.7)}","{'base_tech_score': np.float64(43.7), 'insider_bonus': 0.0, 'deviation_penalty': 0.0, 'blowoff_penalty': 0.0, 'short_excessive_penalty': 0.0, 'weekly_penalty': 10, 'resistance_penalty': 0.0, 'rr_penalty': 0.0, 'cmf_confluence_val': 0.0, 'penny_penalty': 0.0, 'penny_non_acc_penalty': 0.0, 'scalping_bonus': 10.0, 'fund_penalty': -10.0, 'macd_reversal_bonus': 5.0, 'sector_rs_bonus': 0.0, 'confluence_bonus': 8.0, 'short_squeeze_bonus': 0.0, 'ai_momentum_bonus': 0.0}",N/A,,,,,2.83,0.87,0.87,False,False
FLR,Fluor Corporation,$57.00,57.0,Industrials,Engineering & Construction,16.92,61.8,80.2,0.02289,False,False,False,63.8,Markup,"{'trend': 100, 'momentum': 93.7, 'flow': 100, 'volatility': 33, 'structure': 80.0, 'momentum_quality': 98.2, 'insider': 50.0}",0.0,-0.3497082099212816,0.0947,Tactical Overweight,매수 우위 (강력 매수 - 다중지표 강세 컨플루언스 확인),True,상승,상단 돌파,정배열,12.4,4.0,상승,16712744.986009657,-0.954,0.088,-0.00978,0.0298,,"[{'text': '상승 추세', 'cls': 'positive'}, {'text': '🚨 상단 클라이맥스', 'cls': 'negative'}, {'text': '🔄 MACD 반전', 'cls': 'positive'}, {'text': '🎯 시그널 컨플루언스 (3)', 'cls': 'positive'}, {'text': 'Stoch 골든크로스', 'cls': 'positive'}, {'text': 'OBV 상승', 'cls': 'positive'}, {'text': '🚨 EPS 급락(-95%)', 'cls': 'negative'}, {'text': '📉 AI 예상: +0.0%', 'cls': 'negative'}]","{'mfc': 80, 'wyckoff': 80, 'stochastic': 56.45538074405566, 'obv': 75, 'bollinger': 0, 'momentum_quality': 98.2, 'regime_score': 50, 'rr_score': 51.9, 'base_tech': np.float64(73.0)}","{'base_tech_score': np.float64(73.0), 'insider_bonus': 0.0, 'deviation_penalty': 0.0, 'blowoff_penalty': 30, 'short_excessive_penalty': 0.0, 'weekly_penalty': 0.0, 'resistance_penalty': 0.0, 'rr_penalty': 0.0, 'cmf_confluence_val': 0.0, 'penny_penalty': 0.0, 'penny_non_acc_penalty': 0.0, 'scalping_bonus': 4.0, 'fund_penalty': 20.0, 'macd_reversal_bonus': 5.0, 'sector_rs_bonus': 0.0, 'confluence_bonus': 8.0, 'short_squeeze_bonus': 0.0, 'ai_momentum_bonus': 0.0}",+0.00%,61.8,BUY,+0.00%,0.5,16.92,2.74,2.74,True,False
SHOP,Shopify Inc.,$151.57,151.57000732421875,Technology,Software - Application,2.8,61.8,67.0,0.00233,False,False,False,71.3,Markup,"{'trend': 65.0, 'momentum': 100, 'flow': 79.0, 'volatility': 13, 'structure': 80.0, 'momentum_quality': 98.2, 'insider': 50.0}",-6.0,26.159842617388513,0.0218,Core Holding,매수 우위 (안정적 상승 추세 안착),True,상승,상단 돌파,혼합,20.1,10.0,상승,3811938.5346152633,0.658,0.337,0.47765,0.17555,1587750016.0,"[{'text': '상승 추세', 'cls': 'positive'}, {'text': '🚨 강력한 하방 압력(공매도 급증 +26.2%)', 'cls': 'negative'}, {'text': 'Stoch 골든크로스', 'cls': 'positive'}, {'text': 'OBV 상승', 'cls': 'positive'}, {'text': '📈 EPS 반등/턴어라운드', 'cls': 'positive'}, {'text': '🚀 매출 고성장', 'cls': 'positive'}]","{'mfc': 67, 'wyckoff': 80, 'stochastic': 89.2859047333657, 'obv': 75, 'bollinger': 0, 'momentum_quality': 98.2, 'regime_score': 50, 'rr_score': 62.8, 'base_tech': np.float64(72.3)}","{'base_tech_score': np.float64(72.3), 'insider_bonus': 0.0, 'deviation_penalty': 0.0, 'blowoff_penalty': 0.0, 'short_excessive_penalty': 25, 'weekly_penalty': 0.0, 'resistance_penalty': 0.0, 'rr_penalty': 0.0, 'cmf_confluence_val': 0.0, 'penny_penalty': 0.0, 'penny_non_acc_penalty': 0.0, 'scalping_bonus': 10.0, 'fund_penalty': -25.0, 'macd_reversal_bonus': 0.0, 'sector_rs_bonus': 0.0, 'confluence_bonus': 0.0, 'short_squeeze_bonus': 0.0, 'ai_momentum_bonus': 0.0}",N/A,,,,,2.8,1.29,1.29,False,False
ELAN,Elanco Animal Health Incorporat,$22.12,22.1200008392334,Healthcare,Drug Manufacturers - Specialty & Generic,-8.6,61.5,32.4,0.01217,False,False,False,31.6,Markdown,"{'trend': 25.0, 'momentum': 24.2, 'flow': 0, 'volatility': 68, 'structure': 40.0, 'momentum_quality': 0, 'insider': 50.0}",0.0,0.6931079339150669,0.11399999,Avoid / Sell-off,매도 우위 (전면 회피 - 다중지표 약세 컨플루언스 확인),False,하락,하단 이탈,데드크로스 진행,-12.9,13.0,하락,-49798975.959567286,3.909,0.102,0.55359,0.086260006,826875008.0,"[{'text': '하락 추세', 'cls': 'negative'}, {'text': '📊 VWAP 하회 매수↗', 'cls': 'positive'}, {'text': '거래량 폭발', 'cls': 'neutral'}, {'text': '📈 EPS 반등/턴어라운드', 'cls': 'positive'}, {'text': '🚨 공매도 비중 주의 (11.40%)', 'cls': 'negative'}, {'text': '📉 AI 예상: +0.0%', 'cls': 'negative'}]","{'mfc': 32, 'wyckoff': 10, 'stochastic': 16.36014530207933, 'obv': 25, 'bollinger': 100, 'momentum_quality': 0, 'regime_score': 50, 'rr_score': 100, 'base_tech': np.float64(26.1)}","{'base_tech_score': np.float64(26.1), 'insider_bonus': 0.0, 'deviation_penalty': 0.0, 'blowoff_penalty': 0.0, 'short_excessive_penalty': 0.0, 'weekly_penalty': 0.0, 'resistance_penalty': 0.0, 'rr_penalty': 0.0, 'cmf_confluence_val': -6, 'penny_penalty': 0.0, 'penny_non_acc_penalty': 0.0, 'scalping_bonus': 13.0, 'fund_penalty': -18.0, 'macd_reversal_bonus': 0.0, 'sector_rs_bonus': 0.0, 'confluence_bonus': 0.0, 'short_squeeze_bonus': 0.0, 'ai_momentum_bonus': 0.0}",+0.00%,61.5,BUY,+0.00%,0.5,-8.6,3.25,3.25,False,False
MAC,Macerich Company (The),$24.40,24.399999618530273,Real Estate,REIT - Retail,3.87,61.4,41.5,0.0035100002,False,False,False,43.7,Distribution,"{'trend': 50.0, 'momentum': 42.0, 'flow': 35.0, 'volatility': 73, 'structure': 20.0, 'momentum_quality': 15.6, 'insider': 50.0}",-8.0,73.1020562732896,0.111099996,Underweight,매도 우위 (투매 경고 - 강한 하방 압력),False,하락,하단,데드크로스 진행,-4.1,18.0,하락,14193683.004667835,,0.012,0.54914004,0.16256,388895136.0,"[{'text': '분산 경고', 'cls': 'negative'}, {'text': '🚨 강력한 하방 압력(공매도 급증 +73.1%)', 'cls': 'negative'}, {'text': '📊 VWAP 하회 매수↗', 'cls': 'positive'}, {'text': '거래량 폭발', 'cls': 'neutral'}, {'text': '🚨 공매도 비중 주의 (11.11%)', 'cls': 'negative'}, {'text': '📉 AI 예상: +0.0%', 'cls': 'negative'}]","{'mfc': 42, 'wyckoff': 30, 'stochastic': 30.739343988416472, 'obv': 25, 'bollinger': 100, 'momentum_quality': 15.6, 'regime_score': 50, 'rr_score': 98.2, 'base_tech': np.float64(37.0)}","{'base_tech_score': np.float64(37.0), 'insider_bonus': 0.0, 'deviation_penalty': 0.0, 'blowoff_penalty': 0.0, 'short_excessive_penalty': 25, 'weekly_penalty': 0.0, 'resistance_penalty': 0.0, 'rr_penalty': 0.0, 'cmf_confluence_val': 0.0, 'penny_penalty': 0.0, 'penny_non_acc_penalty': 0.0, 'scalping_bonus': 18.0, 'fund_penalty': 0.0, 'macd_reversal_bonus': 0.0, 'sector_rs_bonus': 0.0, 'confluence_bonus': 0.0, 'short_squeeze_bonus': 0.0, 'ai_momentum_bonus': 0.0}",+0.00%,61.4,BUY,+0.00%,0.5,3.87,3.99,3.99,False,False
CVE,Cenovus Energy Inc,$28.25,28.25,Energy,Oil & Gas Integrated,0.0,60.8,44.3,0.29268,False,False,False,51.0,Markdown,"{'trend': 50.0, 'momentum': 48.5, 'flow': 17.0, 'volatility': 73, 'structure': 15.0, 'momentum_quality': 20.3, 'insider': 50.0}",8.0,-39.03640770506443,0.0,Tactical Hold,매도 우위 (비중 축소 - 지지선 단기 이탈 및 추세 악화),False,하락,하단,데드크로스 진행,-1.0,0.0,하락,47898440.49036375,2.373,0.415,0.29860002,0.23831,5475125248.0,"[{'text': '하락 추세', 'cls': 'negative'}, {'text': '📈 EPS 반등/턴어라운드', 'cls': 'positive'}, {'text': '🚀 매출 고성장', 'cls': 'positive'}, {'text': '🔥 숏커버 (-39.0%)', 'cls': 'positive'}]","{'mfc': 44, 'wyckoff': 10, 'stochastic': 28.758534447445374, 'obv': 25, 'bollinger': 100, 'momentum_quality': 20.3, 'regime_score': 50, 'rr_score': 100, 'base_tech': np.float64(34.8)}","{'base_tech_score': np.float64(34.8), 'insider_bonus': 0.0, 'deviation_penalty': 0.0, 'blowoff_penalty': 0.0, 'short_excessive_penalty': 0.0, 'weekly_penalty': 0.0, 'resistance_penalty': 0.0, 'rr_penalty': 0.0, 'cmf_confluence_val': 0.0, 'penny_penalty': 0.0, 'penny_non_acc_penalty': 0.0, 'scalping_bonus': 0.0, 'fund_penalty': -25.0, 'macd_reversal_bonus': 0.0, 'sector_rs_bonus': 0.0, 'confluence_bonus': 0.0, 'short_squeeze_bonus': 0.0, 'ai_momentum_bonus': 0.0}",N/A,,,,,0.0,0.56,0.56,False,False
TEM,"Tempus AI, Inc.",$52.05,52.04999923706055,Healthcare,Health Information Services,12.86,60.5,47.3,0.36978,False,True,False,56.3,Accumulation,"{'trend': 5, 'momentum': 62.6, 'flow': 94.0, 'volatility': 3, 'structure': 65.0, 'momentum_quality': 98.2, 'insider': 50.0}",5.0,-20.23926682539604,0.3045,Aggressive Buy,매수 우위 (분할 매수 - 바닥 확인 후 모멘텀 턴어라운드),True,상승,상단,역배열,7.9,10.0,상승,38813522.66631241,,0.216,0.63979,-0.19847,-99140248.0,"[{'text': '매집 구간', 'cls': 'positive'}, {'text': '⚠️ 주봉 역배열(하락추세)', 'cls': 'negative'}, {'text': '🚀 숏스퀴즈 가능성', 'cls': 'positive'}, {'text': 'Stoch 골든크로스', 'cls': 'positive'}, {'text': 'OBV 상승', 'cls': 'positive'}, {'text': '🔴 적자기업(PER<0)', 'cls': 'negative'}, {'text': '🚨 공매도 비중 주의 (30.45%)', 'cls': 'negative'}, {'text': '🔥 숏커버 (-20.2%)', 'cls': 'positive'}]","{'mfc': 47, 'wyckoff': 100, 'stochastic': 91.99456172747935, 'obv': 75, 'bollinger': 0, 'momentum_quality': 98.2, 'regime_score': 50, 'rr_score': 94.9, 'base_tech': np.float64(69.3)}","{'base_tech_score': np.float64(69.3), 'insider_bonus': 0.0, 'deviation_penalty': 0.0, 'blowoff_penalty': 0.0, 'short_excessive_penalty': 0.0, 'weekly_penalty': 10, 'resistance_penalty': 0.0, 'rr_penalty': 0.0, 'cmf_confluence_val': 0.0, 'penny_penalty': 0.0, 'penny_non_acc_penalty': 0.0, 'scalping_bonus': 10.0, 'fund_penalty': 15.0, 'macd_reversal_bonus': 0.0, 'sector_rs_bonus': 0.0, 'confluence_bonus': 0.0, 'short_squeeze_bonus': 15.0, 'ai_momentum_bonus': 0.0}",N/A,,,,,12.86,0.92,0.92,False,False
SEZL,Sezzle Inc.,$118.02,118.0199966430664,Financial Services,Credit Services,-33.89,60.4,30.3,0.52764,False,False,False,33.4,Markdown,"{'trend': 25.0, 'momentum': 26.4, 'flow': 4.0, 'volatility': 18, 'structure': 40.0, 'momentum_quality': 0, 'insider': 50.0}",3.5,-13.536611031552093,0.2318,Avoid / Sell-off,매도 우위 (전면 회피 - 다중지표 약세 컨플루언스 확인),False,하락,하단 이탈,데드크로스 진행,-28.7,13.0,하락,6794709.511980627,0.477,0.517,0.74967,0.36718,94050496.0,"[{'text': '하락 추세', 'cls': 'negative'}, {'text': '⚠️ MACD 하향', 'cls': 'negative'}, {'text': '📊 VWAP 하회 매수↗', 'cls': 'positive'}, {'text': '거래량 폭발', 'cls': 'neutral'}, {'text': '📈 EPS 반등/턴어라운드', 'cls': 'positive'}, {'text': '🚀 매출 고성장', 'cls': 'positive'}, {'text': '🚨 공매도 비중 주의 (23.18%)', 'cls': 'negative'}, {'text': '🔥 숏커버 (-13.5%)', 'cls': 'positive'}]","{'mfc': 30, 'wyckoff': 10, 'stochastic': 33.234418049141006, 'obv': 25, 'bollinger': 100, 'momentum_quality': 0, 'regime_score': 50, 'rr_score': 100, 'base_tech': np.float64(27.4)}","{'base_tech_score': np.float64(27.4), 'insider_bonus': 0.0, 'deviation_penalty': 0.0, 'blowoff_penalty': 0.0, 'short_excessive_penalty': 0.0, 'weekly_penalty': 0.0, 'resistance_penalty': 0.0, 'rr_penalty': 0.0, 'cmf_confluence_val': 0.0, 'penny_penalty': 0.0, 'penny_non_acc_penalty': 0.0, 'scalping_bonus': 13.0, 'fund_penalty': -25.0, 'macd_reversal_bonus': -3.0, 'sector_rs_bonus': 0.0, 'confluence_bonus': 0.0, 'short_squeeze_bonus': 0.0, 'ai_momentum_bonus': 0.0}",N/A,,,,,-33.89,6.28,6.28,False,False
BTG,B2Gold Corp,$5.03,5.03000020980835,Basic Materials,Gold,22.98,60.3,74.3,0.00419,False,False,False,76.7,Markup,"{'trend': 80.0, 'momentum': 94.4, 'flow': 100, 'volatility': 33, 'structure': 55.0, 'momentum_quality': 98.2, 'insider': 50.0}",2.0,4.114689137786872,0.0,Core Holding,매수 우위 (안정적 상승 추세 안착),True,상승,상단 돌파,골든크로스 진행,29.2,-2.0,상승,-119503463.14328353,2.472,1.177,0.65495,0.44984,718971520.0,"[{'text': '상승 추세', 'cls': 'positive'}, {'text': '⚠️ 이격도 과다', 'cls': 'negative'}, {'text': '🚨 상단 클라이맥스', 'cls': 'negative'}, {'text': '⚠️ 주봉 역배열(하락추세)', 'cls': 'negative'}, {'text': 'Stoch 골든크로스', 'cls': 'positive'}, {'text': 'OBV 상승', 'cls': 'positive'}, {'text': '📈 EPS 반등/턴어라운드', 'cls': 'positive'}, {'text': '🚀 매출 고성장', 'cls': 'positive'}, {'text': '📉 AI 예상: +0.0%', 'cls': 'negative'}]","{'mfc': 74, 'wyckoff': 80, 'stochastic': 71.40772671709655, 'obv': 75, 'bollinger': 0, 'momentum_quality': 98.2, 'regime_score': 50, 'rr_score': 83.7, 'base_tech': np.float64(72.7)}","{'base_tech_score': np.float64(72.7), 'insider_bonus': 0.0, 'deviation_penalty': 20, 'blowoff_penalty': 30, 'short_excessive_penalty': 0.0, 'weekly_penalty': 10, 'resistance_penalty': 0.0, 'rr_penalty': 0.0, 'cmf_confluence_val': 0.0, 'penny_penalty': 0.0, 'penny_non_acc_penalty': 0.0, 'scalping_bonus': -2.0, 'fund_penalty': -25.0, 'macd_reversal_bonus': 0.0, 'sector_rs_bonus': 0.0, 'confluence_bonus': 0.0, 'short_squeeze_bonus': 0.0, 'ai_momentum_bonus': 0.0}",+0.00%,60.3,BUY,+0.00%,0.5,22.98,3.06,3.06,False,False
KTOS,Kratos Defense & Security Solut,$60.77,60.77000045776367,Industrials,Aerospace & Defense,5.85,59.9,68.7,0.012999999,False,False,False,67.6,Markup,"{'trend': 68.0, 'momentum': 100, 'flow': 99.0, 'volatility': 3, 'structure': 80.0, 'momentum_quality': 98.2, 'insider': 50.0}",8.0,-28.62115971373021,0.0636,Tactical Overweight,매수 우위 (강력 매수 - 다중지표 강세 컨플루언스 확인),True,상승,상단 돌파,골든크로스 진행,23.0,10.0,상승,-36003472.92617397,0.517,0.305,0.23002,-0.00174,-118287504.0,"[{'text': '상승 추세', 'cls': 'positive'}, {'text': '⚠️ 주봉 역배열(하락추세)', 'cls': 'negative'}, {'text': '⚠️ 장기 매물대(저항선) 충돌 위험', 'cls': 'negative'}, {'text': 'Stoch 골든크로스', 'cls': 'positive'}, {'text': 'OBV 상승', 'cls': 'positive'}, {'text': '📈 EPS 반등/턴어라운드', 'cls': 'positive'}, {'text': '🚀 매출 고성장', 'cls': 'positive'}, {'text': '🔥 숏커버 (-28.6%)', 'cls': 'positive'}]","{'mfc': 69, 'wyckoff': 80, 'stochastic': 53.279457091544415, 'obv': 75, 'bollinger': 0, 'momentum_quality': 98.2, 'regime_score': 50, 'rr_score': 71.9, 'base_tech': np.float64(68.6)}","{'base_tech_score': np.float64(68.6), 'insider_bonus': 0.0, 'deviation_penalty': 0.0, 'blowoff_penalty': 0.0, 'short_excessive_penalty': 0.0, 'weekly_penalty': 10, 'resistance_penalty': 15, 'rr_penalty': 0.0, 'cmf_confluence_val': 0.0, 'penny_penalty': 0.0, 'penny_non_acc_penalty': 0.0, 'scalping_bonus': 10.0, 'fund_penalty': -12.0, 'macd_reversal_bonus': 0.0, 'sector_rs_bonus': 0.0, 'confluence_bonus': 0.0, 'short_squeeze_bonus': 0.0, 'ai_momentum_bonus': 0.0}",N/A,,,,,5.85,0.98,0.98,False,False
HALO,"Halozyme Therapeutics, Inc.",$103.12,103.12000274658203,Healthcare,Biotechnology,20.24,59.8,71.5,0.011089999,False,False,False,87.5,Distribution,"{'trend': 100, 'momentum': 79.1, 'flow': 100, 'volatility': 33, 'structure': 30.0, 'momentum_quality': 100, 'insider': 50.0}",0.0,2.68508063111659,0.145,Underweight,"매도 우위 (현금화 - 극단적 과열, 차익실현 필수)",True,상승,상단 돌파,정배열,26.5,4.0,상승,3606541.075499954,0.392,0.477,0.76271003,0.59803003,337308640.0,"[{'text': '분산 경고', 'cls': 'negative'}, {'text': '⚠️ 이격도 과다', 'cls': 'negative'}, {'text': '🚨 상단 클라이맥스', 'cls': 'negative'}, {'text': '🔥 Accumulation Confluence (CMF+ADL)', 'cls': 'positive'}, {'text': 'Stoch 골든크로스', 'cls': 'positive'}, {'text': 'OBV 상승', 'cls': 'positive'}, {'text': '🚀 매출 고성장', 'cls': 'positive'}, {'text': '🚨 공매도 비중 주의 (14.50%)', 'cls': 'negative'}, {'text': '📉 AI 예상: +0.0%', 'cls': 'negative'}]","{'mfc': 72, 'wyckoff': 30, 'stochastic': 62.154265840757006, 'obv': 75, 'bollinger': 0, 'momentum_quality': 100, 'regime_score': 40, 'rr_score': 77.2, 'base_tech': np.float64(61.9)}","{'base_tech_score': np.float64(61.9), 'insider_bonus': 0.0, 'deviation_penalty': 20, 'blowoff_penalty': 30, 'short_excessive_penalty': 0.0, 'weekly_penalty': 0.0, 'resistance_penalty': 0.0, 'rr_penalty': 0.0, 'cmf_confluence_val': 0.0, 'penny_penalty': 0.0, 'penny_non_acc_penalty': 0.0, 'scalping_bonus': 4.0, 'fund_penalty': -15.0, 'macd_reversal_bonus': 0.0, 'sector_rs_bonus': 0.0, 'confluence_bonus': 0.0, 'short_squeeze_bonus': 0.0, 'ai_momentum_bonus': 0.0}",+0.00%,59.8,HOLD,+0.00%,0.5,20.24,3.86,3.86,True,False
CSTM,Constellium SE,$29.44,29.440000534057617,Basic Materials,Aluminum,2.9,59.3,70.0,0.03018,False,False,False,49.4,Markup,"{'trend': 73.0, 'momentum': 69.5, 'flow': 77.0, 'volatility': 73, 'structure': 80.0, 'momentum_quality': 69.7, 'insider': 50.0}",-2.0,8.36877270693349,0.048800003,Core Holding,매수 우위 (안정적 상승 추세 안착),False,상승,상단,골든크로스 진행,2.1,10.0,상승,26596665.550458085,3.056,0.307,0.16552,0.08916,53625000.0,"[{'text': '상승 추세', 'cls': 'positive'}, {'text': '🚨 강력한 하방 압력(공매도 급증 +8.4%)', 'cls': 'negative'}, {'text': '📊 VWAP 상회 주의', 'cls': 'neutral'}, {'text': 'OBV 상승', 'cls': 'positive'}, {'text': '📈 EPS 반등/턴어라운드', 'cls': 'positive'}, {'text': '🚀 매출 고성장', 'cls': 'positive'}]","{'mfc': 70, 'wyckoff': 80, 'stochastic': 47.67181209928211, 'obv': 75, 'bollinger': 0, 'momentum_quality': 69.7, 'regime_score': 50, 'rr_score': 100, 'base_tech': np.float64(64.1)}","{'base_tech_score': np.float64(64.1), 'insider_bonus': 0.0, 'deviation_penalty': 0.0, 'blowoff_penalty': 0.0, 'short_excessive_penalty': 25, 'weekly_penalty': 0.0, 'resistance_penalty': 0.0, 'rr_penalty': 0.0, 'cmf_confluence_val': 0.0, 'penny_penalty': 0.0, 'penny_non_acc_penalty': 0.0, 'scalping_bonus': 10.0, 'fund_penalty': -25.0, 'macd_reversal_bonus': 0.0, 'sector_rs_bonus': 0.0, 'confluence_bonus': 0.0, 'short_squeeze_bonus': 0.0, 'ai_momentum_bonus': 0.0}",N/A,,,,,2.9,0.5,0.5,False,False
LITE,Lumentum Holdings Inc.,$890.17,890.1699829101562,Technology,Communication Equipment,6.22,59.2,66.7,0.00775,False,False,False,59.1,Markup,"{'trend': 73.0, 'momentum': 97.6, 'flow': 79.0, 'volatility': 3, 'structure': 80.0, 'momentum_quality': 77.5, 'insider': 50.0}",2.0,-5.485531497270177,0.125,Tactical Overweight,매수 우위 (강력 매수 - 다중지표 강세 컨플루언스 확인),True,상승,상단,골든크로스 진행,15.9,10.0,상승,17593039.648353957,,0.901,0.40837002,0.21771,93350000.0,"[{'text': '상승 추세', 'cls': 'positive'}, {'text': '⚠️ 장기 매물대(저항선) 충돌 위험', 'cls': 'negative'}, {'text': 'Stoch 골든크로스', 'cls': 'positive'}, {'text': 'OBV 상승', 'cls': 'positive'}, {'text': '🚀 매출 고성장', 'cls': 'positive'}, {'text': '🚨 공매도 비중 주의 (12.50%)', 'cls': 'negative'}]","{'mfc': 67, 'wyckoff': 80, 'stochastic': 57.70741326365325, 'obv': 75, 'bollinger': 0, 'momentum_quality': 77.5, 'regime_score': 50, 'rr_score': 78.8, 'base_tech': np.float64(65.3)}","{'base_tech_score': np.float64(65.3), 'insider_bonus': 0.0, 'deviation_penalty': 0.0, 'blowoff_penalty': 0.0, 'short_excessive_penalty': 0.0, 'weekly_penalty': 0.0, 'resistance_penalty': 15, 'rr_penalty': 0.0, 'cmf_confluence_val': 0.0, 'penny_penalty': 0.0, 'penny_non_acc_penalty': 0.0, 'scalping_bonus': 10.0, 'fund_penalty': -10.0, 'macd_reversal_bonus': 0.0, 'sector_rs_bonus': 0.0, 'confluence_bonus': 0.0, 'short_squeeze_bonus': 0.0, 'ai_momentum_bonus': 0.0}",N/A,,,,,6.22,1.09,1.09,False,False
TTD,"The Trade Desk, Inc.",$13.80,13.800000190734863,Communication Services,Advertising Agencies,-21.9,59.1,28.3,0.02306,False,False,False,28.4,Markdown,"{'trend': 5, 'momentum': 18.4, 'flow': 5.0, 'volatility': 38, 'structure': 45.0, 'momentum_quality': 0, 'insider': 50.0}",-1.5,0.8904712400339808,0.2025,Avoid / Sell-off,매도 우위 (전면 회피 - 다중지표 약세 컨플루언스 확인),False,하락,하단 이탈,역배열,-24.3,13.0,하락,-149835724.68069288,-0.286,0.03,0.76872003,0.14205,582992768.0,"[{'text': '하락 추세', 'cls': 'negative'}, {'text': '⚠️ 주봉 역배열(하락추세)', 'cls': 'negative'}, {'text': '⚠️ MACD 하향', 'cls': 'negative'}, {'text': '📊 VWAP 하회 매수↗', 'cls': 'positive'}, {'text': '거래량 폭발', 'cls': 'neutral'}, {'text': '⚠️ EPS 감소(-29%)', 'cls': 'negative'}, {'text': '🚨 공매도 비중 주의 (20.25%)', 'cls': 'negative'}, {'text': '📉 AI 예상: +0.0%', 'cls': 'negative'}]","{'mfc': 28, 'wyckoff': 10, 'stochastic': 9.384894381159938, 'obv': 25, 'bollinger': 100, 'momentum_quality': 0, 'regime_score': 50, 'rr_score': 100, 'base_tech': np.float64(23.8)}","{'base_tech_score': np.float64(23.8), 'insider_bonus': 0.0, 'deviation_penalty': 0.0, 'blowoff_penalty': 0.0, 'short_excessive_penalty': 0.0, 'weekly_penalty': 10, 'resistance_penalty': 0.0, 'rr_penalty': 0.0, 'cmf_confluence_val': -6, 'penny_penalty': 0.0, 'penny_non_acc_penalty': 0.0, 'scalping_bonus': 13.0, 'fund_penalty': 12.0, 'macd_reversal_bonus': -3.0, 'sector_rs_bonus': 0.0, 'confluence_bonus': 0.0, 'short_squeeze_bonus': 0.0, 'ai_momentum_bonus': 0.0}",+0.00%,59.1,HOLD,+0.00%,0.5,-21.9,6.2,6.2,False,False
NOW,"ServiceNow, Inc.",$124.88,124.87999725341797,Technology,Software - Application,6.42,58.9,78.5,0.0017,False,False,False,67.0,Markup,"{'trend': 100, 'momentum': 98.1, 'flow': 99.0, 'volatility': 33, 'structure': 80.0, 'momentum_quality': 84.0, 'insider': 50.0}",2.0,-6.352579457376785,0.054,Tactical Overweight,매수 우위 (강력 매수 - 다중지표 강세 컨플루언스 확인),True,상승,상단 돌파,정배열,15.3,10.0,상승,-47885356.79483746,-0.226,0.24,0.74768996,0.04063,5149374976.0,"[{'text': '상승 추세', 'cls': 'positive'}, {'text': 'Stoch 골든크로스', 'cls': 'positive'}, {'text': 'OBV 상승', 'cls': 'positive'}, {'text': '⚠️ EPS 감소(-23%)', 'cls': 'negative'}]","{'mfc': 78, 'wyckoff': 80, 'stochastic': 53.726553621267996, 'obv': 75, 'bollinger': 0, 'momentum_quality': 84.0, 'regime_score': 50, 'rr_score': 88.8, 'base_tech': np.float64(69.9)}","{'base_tech_score': np.float64(69.9), 'insider_bonus': 0.0, 'deviation_penalty': 0.0, 'blowoff_penalty': 0.0, 'short_excessive_penalty': 0.0, 'weekly_penalty': 0.0, 'resistance_penalty': 0.0, 'rr_penalty': 0.0, 'cmf_confluence_val': 0.0, 'penny_penalty': 0.0, 'penny_non_acc_penalty': 0.0, 'scalping_bonus': 10.0, 'fund_penalty': 9.0, 'macd_reversal_bonus': 0.0, 'sector_rs_bonus': 0.0, 'confluence_bonus': 0.0, 'short_squeeze_bonus': 0.0, 'ai_momentum_bonus': 0.0}",N/A,,,,,6.42,0.92,0.92,False,False
AAOI,"Applied Optoelectronics, Inc.",$135.63,135.6300048828125,Technology,Communication Equipment,9.19,58.9,63.4,0.09872,False,False,False,56.9,Markup,"{'trend': 60.0, 'momentum': 95.4, 'flow': 62.0, 'volatility': 3, 'structure': 80.0, 'momentum_quality': 92.2, 'insider': 50.0}",0.0,-2.8883332543370197,0.1286,Core Holding,매수 우위 (안정적 상승 추세 안착),False,상승,상단,골든크로스 진행,24.9,10.0,하락,4677697.419571577,,0.864,0.28916,-0.12884,-887050112.0,"[{'text': '상승 추세', 'cls': 'positive'}, {'text': 'OBV 상승', 'cls': 'positive'}, {'text': '🚀 매출 고성장', 'cls': 'positive'}, {'text': '🚨 공매도 비중 주의 (12.86%)', 'cls': 'negative'}]","{'mfc': 63, 'wyckoff': 80, 'stochastic': 45.081915221423756, 'obv': 75, 'bollinger': 0, 'momentum_quality': 92.2, 'regime_score': 50, 'rr_score': 100, 'base_tech': np.float64(64.8)}","{'base_tech_score': np.float64(64.8), 'insider_bonus': 0.0, 'deviation_penalty': 0.0, 'blowoff_penalty': 0.0, 'short_excessive_penalty': 0.0, 'weekly_penalty': 0.0, 'resistance_penalty': 0.0, 'rr_penalty': 0.0, 'cmf_confluence_val': 0.0, 'penny_penalty': 0.0, 'penny_non_acc_penalty': 0.0, 'scalping_bonus': 10.0, 'fund_penalty': 3.0, 'macd_reversal_bonus': 0.0, 'sector_rs_bonus': 0.0, 'confluence_bonus': 0.0, 'short_squeeze_bonus': 0.0, 'ai_momentum_bonus': 0.0}",N/A,,,,,9.19,1.99,1.99,False,False
BHF,"Brighthouse Financial, Inc.",$60.80,60.79999923706055,Financial Services,Insurance - Life,-2.2,58.8,35.3,0.01418,False,False,False,35.1,Markdown,"{'trend': 20.0, 'momentum': 36.6, 'flow': 10.0, 'volatility': 78, 'structure': 15.0, 'momentum_quality': 20.1, 'insider': 50.0}",0.0,1.041940711463196,0.1062,Avoid / Sell-off,매도 우위 (전면 회피 - 다중지표 약세 컨플루언스 확인),False,하락,하단,데드크로스 진행,-4.3,13.0,하락,5105344.67794734,10.541,0.867,0.35439998,0.77778,19879124992.0,"[{'text': '하락 추세', 'cls': 'negative'}, {'text': '📊 VWAP 하회 매수↗', 'cls': 'positive'}, {'text': '거래량 폭발', 'cls': 'neutral'}, {'text': '📈 EPS 반등/턴어라운드', 'cls': 'positive'}, {'text': '🚀 매출 고성장', 'cls': 'positive'}, {'text': '🚨 공매도 비중 주의 (10.62%)', 'cls': 'negative'}]","{'mfc': 35, 'wyckoff': 10, 'stochastic': 44.74546218969529, 'obv': 25, 'bollinger': 100, 'momentum_quality': 20.1, 'regime_score': 50, 'rr_score': 100, 'base_tech': np.float64(33.5)}","{'base_tech_score': np.float64(33.5), 'insider_bonus': 0.0, 'deviation_penalty': 0.0, 'blowoff_penalty': 0.0, 'short_excessive_penalty': 0.0, 'weekly_penalty': 0.0, 'resistance_penalty': 0.0, 'rr_penalty': 0.0, 'cmf_confluence_val': -6, 'penny_penalty': 0.0, 'penny_non_acc_penalty': 0.0, 'scalping_bonus': 13.0, 'fund_penalty': -25.0, 'macd_reversal_bonus': 0.0, 'sector_rs_bonus': 0.0, 'confluence_bonus': 0.0, 'short_squeeze_bonus': 0.0, 'ai_momentum_bonus': 0.0}",N/A,,,,,-2.2,3.23,3.23,False,False
GWRE,"Guidewire Software, Inc.",$170.53,170.52999877929688,Technology,Software - Application,6.56,58.6,71.4,0.0035100002,False,False,False,67.4,Markup,"{'trend': 65.0, 'momentum': 99.9, 'flow': 93.0, 'volatility': 33, 'structure': 80.0, 'momentum_quality': 98.2, 'insider': 50.0}",2.0,-5.09896716968777,0.0686,Tactical Overweight,매수 우위 (강력 매수 - 다중지표 강세 컨플루언스 확인),True,상승,상단,혼합,13.5,10.0,상승,2632705.458185002,-0.642,0.269,0.64011,0.08224,283154240.0,"[{'text': '상승 추세', 'cls': 'positive'}, {'text': '📊 VWAP 상회 주의', 'cls': 'neutral'}, {'text': 'Stoch 골든크로스', 'cls': 'positive'}, {'text': 'OBV 상승', 'cls': 'positive'}, {'text': '🚨 EPS 급락(-64%)', 'cls': 'negative'}, {'text': '🚀 매출 고성장', 'cls': 'positive'}]","{'mfc': 71, 'wyckoff': 80, 'stochastic': 63.69996029747778, 'obv': 75, 'bollinger': 0, 'momentum_quality': 98.2, 'regime_score': 50, 'rr_score': 64.9, 'base_tech': np.float64(70.8)}","{'base_tech_score': np.float64(70.8), 'insider_bonus': 0.0, 'deviation_penalty': 0.0, 'blowoff_penalty': 0.0, 'short_excessive_penalty': 0.0, 'weekly_penalty': 0.0, 'resistance_penalty': 0.0, 'rr_penalty': 0.0, 'cmf_confluence_val': 0.0, 'penny_penalty': 0.0, 'penny_non_acc_penalty': 0.0, 'scalping_bonus': 10.0, 'fund_penalty': 10.0, 'macd_reversal_bonus': 0.0, 'sector_rs_bonus': 0.0, 'confluence_bonus': 0.0, 'short_squeeze_bonus': 0.0, 'ai_momentum_bonus': 0.0}",N/A,,,,,6.56,0.58,0.58,False,False
EVH,"Evolent Health, Inc",$3.95,3.950000047683716,Healthcare,Health Information Services,10.03,58.3,47.0,0.031600002,False,False,False,44.3,Accumulation,"{'trend': 58.0, 'momentum': 34.3, 'flow': 51.0, 'volatility': 23, 'structure': 65.0, 'momentum_quality': 3.5, 'insider': 50.0}",0.0,0.6973866412421549,0.1321,Aggressive Buy,매수 우위 (분할 매수 - 바닥 확인 후 모멘텀 턴어라운드),True,상승,하단,혼합,-11.9,10.0,하락,-3773005.4672526447,,0.469,0.17245,-0.013359999,184295008.0,"[{'text': '매집 구간', 'cls': 'positive'}, {'text': '📊 VWAP 하회 매수↗', 'cls': 'positive'}, {'text': '🎯 시그널 컨플루언스 (3)', 'cls': 'positive'}, {'text': 'Stoch 골든크로스', 'cls': 'positive'}, {'text': 'OBV 상승', 'cls': 'positive'}, {'text': '🚀 매출 고성장', 'cls': 'positive'}, {'text': '🚨 공매도 비중 주의 (13.21%)', 'cls': 'negative'}]","{'mfc': 47, 'wyckoff': 100, 'stochastic': 69.57506611478613, 'obv': 75, 'bollinger': 100, 'momentum_quality': 3.5, 'regime_score': 50, 'rr_score': 100, 'base_tech': np.float64(60.3)}","{'base_tech_score': np.float64(60.3), 'insider_bonus': 0.0, 'deviation_penalty': 0.0, 'blowoff_penalty': 0.0, 'short_excessive_penalty': 0.0, 'weekly_penalty': 0.0, 'resistance_penalty': 0.0, 'rr_penalty': 0.0, 'cmf_confluence_val': -6, 'penny_penalty': 0.0, 'penny_non_acc_penalty': 0.0, 'scalping_bonus': 10.0, 'fund_penalty': 2.0, 'macd_reversal_bonus': 0.0, 'sector_rs_bonus': 0.0, 'confluence_bonus': 8.0, 'short_squeeze_bonus': 0.0, 'ai_momentum_bonus': 0.0}",N/A,,,,,10.03,1.55,1.55,False,False
CRWV,"CoreWeave, Inc.",$90.67,90.66999816894531,Technology,Software - Infrastructure,6.26,57.6,58.8,0.18238,False,True,False,55.4,Markup,"{'trend': 55.0, 'momentum': 90.2, 'flow': 68.0, 'volatility': 3, 'structure': 80.0, 'momentum_quality': 91.4, 'insider': 50.0}",0.5,-6.737374253606462,0.21440001,Core Holding,매수 우위 (안정적 상승 추세 안착),False,상승,상단,골든크로스 진행,16.0,10.0,상승,185788200.64622274,,1.116,0.69375,-0.069299996,-8560327168.0,"[{'text': '상승 추세', 'cls': 'positive'}, {'text': '⚠️ 주봉 역배열(하락추세)', 'cls': 'negative'}, {'text': '📊 VWAP 상회 주의', 'cls': 'neutral'}, {'text': '🚀 숏스퀴즈 가능성', 'cls': 'positive'}, {'text': 'OBV 상승', 'cls': 'positive'}, {'text': '🚀 매출 고성장', 'cls': 'positive'}, {'text': '🔴 적자기업(PER<0)', 'cls': 'negative'}, {'text': '🚨 공매도 비중 주의 (21.44%)', 'cls': 'negative'}]","{'mfc': 59, 'wyckoff': 80, 'stochastic': 41.06908144125292, 'obv': 75, 'bollinger': 0, 'momentum_quality': 91.4, 'regime_score': 50, 'rr_score': 100, 'base_tech': np.float64(62.6)}","{'base_tech_score': np.float64(62.6), 'insider_bonus': 0.0, 'deviation_penalty': 0.0, 'blowoff_penalty': 0.0, 'short_excessive_penalty': 0.0, 'weekly_penalty': 10, 'resistance_penalty': 0.0, 'rr_penalty': 0.0, 'cmf_confluence_val': 0.0, 'penny_penalty': 0.0, 'penny_non_acc_penalty': 0.0, 'scalping_bonus': 10.0, 'fund_penalty': 8.0, 'macd_reversal_bonus': 0.0, 'sector_rs_bonus': 0.0, 'confluence_bonus': 0.0, 'short_squeeze_bonus': 15.0, 'ai_momentum_bonus': 0.0}",N/A,,,,,6.26,0.66,0.66,False,False
ON,ON Semiconductor Corporation,$81.17,81.16999816894531,Technology,Semiconductors,3.63,57.5,46.6,0.00338,False,False,False,41.3,Markdown,"{'trend': 48.0, 'momentum': 67.6, 'flow': 41.0, 'volatility': 43, 'structure': 15.0, 'momentum_quality': 13.5, 'insider': 50.0}",0.0,0.3846995473475885,0.1105,Tactical Hold,매도 우위 (비중 축소 - 지지선 단기 이탈 및 추세 악화),True,상승,하단,혼합,-5.3,10.0,하락,85752748.58671117,0.332,0.092,0.42776,0.19532,1656649984.0,"[{'text': '하락 추세', 'cls': 'negative'}, {'text': '🔄 MACD 반전', 'cls': 'positive'}, {'text': '🎯 시그널 컨플루언스 (3)', 'cls': 'positive'}, {'text': 'Stoch 골든크로스', 'cls': 'positive'}, {'text': 'OBV 상승', 'cls': 'positive'}, {'text': '🚨 공매도 비중 주의 (11.05%)', 'cls': 'negative'}]","{'mfc': 47, 'wyckoff': 10, 'stochastic': 60.51124739968243, 'obv': 75, 'bollinger': 100, 'momentum_quality': 13.5, 'regime_score': 50, 'rr_score': 100, 'base_tech': np.float64(44.4)}","{'base_tech_score': np.float64(44.4), 'insider_bonus': 0.0, 'deviation_penalty': 0.0, 'blowoff_penalty': 0.0, 'short_excessive_penalty': 0.0, 'weekly_penalty': 0.0, 'resistance_penalty': 0.0, 'rr_penalty': 0.0, 'cmf_confluence_val': -6, 'penny_penalty': 0.0, 'penny_non_acc_penalty': 0.0, 'scalping_bonus': 10.0, 'fund_penalty': -5.0, 'macd_reversal_bonus': 5.0, 'sector_rs_bonus': 0.0, 'confluence_bonus': 8.0, 'short_squeeze_bonus': 0.0, 'ai_momentum_bonus': 0.0}",N/A,,,,,3.63,0.8,0.8,False,False
VSH,"Vishay Intertechnology, Inc.",$35.41,35.40999984741211,Technology,Semiconductors,8.02,57.5,38.2,0.01832,False,False,False,43.4,Distribution,"{'trend': 48.0, 'momentum': 57.4, 'flow': 9.0, 'volatility': 23, 'structure': 30.0, 'momentum_quality': 7.5, 'insider': 50.0}",2.0,-7.147835171778516,0.1249,Underweight,매도 우위 (투매 경고 - 강한 하방 압력),False,하락,하단,혼합,-4.0,10.0,하락,32268304.979325857,13.034,0.166,0.20927,0.0581,14999875.0,"[{'text': '분산 경고', 'cls': 'negative'}, {'text': '📈 EPS 반등/턴어라운드', 'cls': 'positive'}, {'text': '🚨 공매도 비중 주의 (12.49%)', 'cls': 'negative'}]","{'mfc': 38, 'wyckoff': 30, 'stochastic': 28.86011952044724, 'obv': 25, 'bollinger': 100, 'momentum_quality': 7.5, 'regime_score': 50, 'rr_score': 100, 'base_tech': np.float64(34.4)}","{'base_tech_score': np.float64(34.4), 'insider_bonus': 0.0, 'deviation_penalty': 0.0, 'blowoff_penalty': 0.0, 'short_excessive_penalty': 0.0, 'weekly_penalty': 0.0, 'resistance_penalty': 0.0, 'rr_penalty': 0.0, 'cmf_confluence_val': 0.0, 'penny_penalty': 0.0, 'penny_non_acc_penalty': 0.0, 'scalping_bonus': 10.0, 'fund_penalty': -18.0, 'macd_reversal_bonus': 0.0, 'sector_rs_bonus': 0.0, 'confluence_bonus': 0.0, 'short_squeeze_bonus': 0.0, 'ai_momentum_bonus': 0.0}",N/A,,,,,8.02,0.48,0.48,False,False
ALLY,Ally Financial Inc.,$43.72,43.720001220703125,Financial Services,Credit Services,-0.77,57.5,64.0,0.10303,False,False,False,46.9,Accumulation,"{'trend': 100, 'momentum': 63.1, 'flow': 17.0, 'volatility': 83, 'structure': 75.0, 'momentum_quality': 34.5, 'insider': 50.0}",0.0,-4.671486976123758,0.0433,Tactical Hold,"중립 대기 (방향성 탐색 중, 뚜렷한 주도력 부재)",False,하락,하단,정배열,-1.3,0.0,하락,-20019725.99681184,0.165,0.11,0.0,0.25270998,,"[{'text': '매집 구간', 'cls': 'positive'}]","{'mfc': 64, 'wyckoff': 100, 'stochastic': 44.61190318245482, 'obv': 25, 'bollinger': 100, 'momentum_quality': 34.5, 'regime_score': 50, 'rr_score': 89.3, 'base_tech': np.float64(61.9)}","{'base_tech_score': np.float64(61.9), 'insider_bonus': 0.0, 'deviation_penalty': 0.0, 'blowoff_penalty': 0.0, 'short_excessive_penalty': 0.0, 'weekly_penalty': 0.0, 'resistance_penalty': 0.0, 'rr_penalty': 0.0, 'cmf_confluence_val': 0.0, 'penny_penalty': 0.0, 'penny_non_acc_penalty': 0.0, 'scalping_bonus': 0.0, 'fund_penalty': -8.0, 'macd_reversal_bonus': 0.0, 'sector_rs_bonus': 0.0, 'confluence_bonus': 0.0, 'short_squeeze_bonus': 0.0, 'ai_momentum_bonus': 0.0}",N/A,,,,,-0.77,0.81,0.81,False,False
ACMR,"ACM Research, Inc.",$83.80,83.80000305175781,Technology,Semiconductor Equipment & Materials,6.1,56.9,54.1,0.12783,False,False,False,48.8,Accumulation,"{'trend': 40.0, 'momentum': 70.4, 'flow': 67.0, 'volatility': 23, 'structure': 65.0, 'momentum_quality': 40.8, 'insider': 50.0}",-8.0,65.7947958195302,0.0729,Tactical Hold,"중립 대기 (방향성 탐색 중, 뚜렷한 주도력 부재)",True,상승,상단,혼합,0.3,10.0,상승,8563279.116917873,1.99,0.36,0.43835,0.16982001,-186610256.0,"[{'text': '매집 구간', 'cls': 'positive'}, {'text': '🚨 강력한 하방 압력(공매도 급증 +65.8%)', 'cls': 'negative'}, {'text': '🔄 MACD 반전', 'cls': 'positive'}, {'text': '🎯 시그널 컨플루언스 (3)', 'cls': 'positive'}, {'text': 'Stoch 골든크로스', 'cls': 'positive'}, {'text': 'OBV 상승', 'cls': 'positive'}, {'text': '📈 EPS 반등/턴어라운드', 'cls': 'positive'}, {'text': '🚀 매출 고성장', 'cls': 'positive'}]","{'mfc': 54, 'wyckoff': 100, 'stochastic': 54.49369793269183, 'obv': 75, 'bollinger': 0, 'momentum_quality': 40.8, 'regime_score': 50, 'rr_score': 100, 'base_tech': np.float64(58.6)}","{'base_tech_score': np.float64(58.6), 'insider_bonus': 0.0, 'deviation_penalty': 0.0, 'blowoff_penalty': 0.0, 'short_excessive_penalty': 25, 'weekly_penalty': 0.0, 'resistance_penalty': 0.0, 'rr_penalty': 0.0, 'cmf_confluence_val': 0.0, 'penny_penalty': 0.0, 'penny_non_acc_penalty': 0.0, 'scalping_bonus': 10.0, 'fund_penalty': -20.0, 'macd_reversal_bonus': 5.0, 'sector_rs_bonus': 0.0, 'confluence_bonus': 8.0, 'short_squeeze_bonus': 0.0, 'ai_momentum_bonus': 0.0}",N/A,,,,,6.1,0.87,0.87,False,False
MRVL,"Marvell Technology, Inc.",$218.72,218.72000122070312,Technology,Semiconductors,3.89,56.6,63.7,0.0070200004,False,False,False,52.4,Markup,"{'trend': 60.0, 'momentum': 92.5, 'flow': 77.0, 'volatility': 3, 'structure': 80.0, 'momentum_quality': 78.9, 'insider': 50.0}",5.0,-17.378523978346198,0.0434,Core Holding,매수 우위 (안정적 상승 추세 안착),True,상승,상단,골든크로스 진행,9.6,10.0,상승,42110334.07779029,-0.806,0.276,0.51502997,0.14479999,2269700096.0,"[{'text': '상승 추세', 'cls': 'positive'}, {'text': '📊 VWAP 상회 주의', 'cls': 'neutral'}, {'text': 'Stoch 골든크로스', 'cls': 'positive'}, {'text': 'OBV 상승', 'cls': 'positive'}, {'text': '🚨 EPS 급락(-81%)', 'cls': 'negative'}, {'text': '🚀 매출 고성장', 'cls': 'positive'}, {'text': '🔥 숏커버 (-17.4%)', 'cls': 'positive'}]","{'mfc': 64, 'wyckoff': 80, 'stochastic': 58.05964449209771, 'obv': 75, 'bollinger': 0, 'momentum_quality': 78.9, 'regime_score': 50, 'rr_score': 100, 'base_tech': np.float64(64.5)}","{'base_tech_score': np.float64(64.5), 'insider_bonus': 0.0, 'deviation_penalty': 0.0, 'blowoff_penalty': 0.0, 'short_excessive_penalty': 0.0, 'weekly_penalty': 0.0, 'resistance_penalty': 0.0, 'rr_penalty': 0.0, 'cmf_confluence_val': 0.0, 'penny_penalty': 0.0, 'penny_non_acc_penalty': 0.0, 'scalping_bonus': 10.0, 'fund_penalty': 10.0, 'macd_reversal_bonus': 0.0, 'sector_rs_bonus': 0.0, 'confluence_bonus': 0.0, 'short_squeeze_bonus': 0.0, 'ai_momentum_bonus': 0.0}",N/A,,,,,3.89,0.47,0.47,False,False
TDS,"Telephone and Data Systems, Inc",$32.98,32.97999954223633,Communication Services,Telecom Services,-8.39,56.5,66.6,0.08778,False,False,False,37.9,Accumulation,"{'trend': 68.0, 'momentum': 52.3, 'flow': 100, 'volatility': 73, 'structure': 75.0, 'momentum_quality': 35.2, 'insider': 50.0}",8.0,-44.14260997506914,0.00059999997,Tactical Hold,"중립 대기 (방향성 탐색 중, 뚜렷한 주도력 부재)",False,상승,하단,골든크로스 진행,-3.4,13.0,상승,1236452.9044308488,,,1.02405,-0.065630004,933907008.0,"[{'text': '매집 구간', 'cls': 'positive'}, {'text': '⚠️ 주봉 역배열(하락추세)', 'cls': 'negative'}, {'text': '📊 VWAP 하회 매수↗', 'cls': 'positive'}, {'text': 'OBV 상승', 'cls': 'positive'}, {'text': '거래량 폭발', 'cls': 'neutral'}, {'text': '🔥 숏커버 (-44.1%)', 'cls': 'positive'}]","{'mfc': 67, 'wyckoff': 100, 'stochastic': 27.685321887454588, 'obv': 75, 'bollinger': 100, 'momentum_quality': 35.2, 'regime_score': 50, 'rr_score': 100, 'base_tech': np.float64(66.9)}","{'base_tech_score': np.float64(66.9), 'insider_bonus': 0.0, 'deviation_penalty': 0.0, 'blowoff_penalty': 0.0, 'short_excessive_penalty': 0.0, 'weekly_penalty': 10, 'resistance_penalty': 0.0, 'rr_penalty': 0.0, 'cmf_confluence_val': 0.0, 'penny_penalty': 0.0, 'penny_non_acc_penalty': 0.0, 'scalping_bonus': 13.0, 'fund_penalty': 8.0, 'macd_reversal_bonus': 0.0, 'sector_rs_bonus': 0.0, 'confluence_bonus': 0.0, 'short_squeeze_bonus': 0.0, 'ai_momentum_bonus': 0.0}",N/A,,,,,-8.39,2.76,2.76,False,False
ENVX,Enovix Corporation,$4.70,4.699999809265137,Industrials,Electrical Equipment & Parts,10.33,56.4,49.8,0.11349,False,True,False,49.0,Accumulation,"{'trend': 48.0, 'momentum': 65.3, 'flow': 60.0, 'volatility': 3, 'structure': 65.0, 'momentum_quality': 75.9, 'insider': 50.0}",-5.0,6.98173665953868,0.27,Aggressive Buy,매수 우위 (분할 매수 - 바닥 확인 후 모멘텀 턴어라운드),True,상승,상단,혼합,5.7,10.0,상승,-14457413.0545646,,0.491,0.21548,-5.7756596,-72119248.0,"[{'text': '매집 구간', 'cls': 'positive'}, {'text': '🚀 숏스퀴즈 가능성', 'cls': 'positive'}, {'text': 'Stoch 골든크로스', 'cls': 'positive'}, {'text': 'OBV 상승', 'cls': 'positive'}, {'text': '🚀 매출 고성장', 'cls': 'positive'}, {'text': '🔴 영업손실(-578%)', 'cls': 'negative'}, {'text': '🔴 적자기업(PER<0)', 'cls': 'negative'}, {'text': '🚨 공매도 비중 주의 (27.00%)', 'cls': 'negative'}]","{'mfc': 50, 'wyckoff': 100, 'stochastic': 70.21121654224484, 'obv': 75, 'bollinger': 0, 'momentum_quality': 75.9, 'regime_score': 50, 'rr_score': 100, 'base_tech': np.float64(64.2)}","{'base_tech_score': np.float64(64.2), 'insider_bonus': 0.0, 'deviation_penalty': 0.0, 'blowoff_penalty': 0.0, 'short_excessive_penalty': 0.0, 'weekly_penalty': 0.0, 'resistance_penalty': 0.0, 'rr_penalty': 0.0, 'cmf_confluence_val': 0.0, 'penny_penalty': 0.0, 'penny_non_acc_penalty': 0.0, 'scalping_bonus': 10.0, 'fund_penalty': 15.0, 'macd_reversal_bonus': 0.0, 'sector_rs_bonus': 0.0, 'confluence_bonus': 0.0, 'short_squeeze_bonus': 15.0, 'ai_momentum_bonus': 0.0}",N/A,,,,,10.33,0.71,0.71,False,False
AYA,Aya Gold & Silver Inc.,$27.19,27.190000534057617,Basic Materials,Silver,7.9,56.2,76.3,0.03431,False,False,False,73.6,Markup,"{'trend': 100, 'momentum': 94.6, 'flow': 100, 'volatility': 13, 'structure': 80.0, 'momentum_quality': 98.2, 'insider': 50.0}",-3.0,11.17611260459583,0.0,Tactical Overweight,매수 우위 (강력 매수 - 다중지표 강세 컨플루언스 확인),True,상승,상단 돌파,정배열,31.1,16.0,상승,6120038.89541498,5.974,2.466,0.5487,0.66156995,38012248.0,"[{'text': '상승 추세', 'cls': 'positive'}, {'text': '⚠️ 이격도 과다', 'cls': 'negative'}, {'text': '🚨 강력한 하방 압력(공매도 급증 +11.2%)', 'cls': 'negative'}, {'text': '🔥 Accumulation Confluence (CMF+ADL)', 'cls': 'positive'}, {'text': 'Stoch 골든크로스', 'cls': 'positive'}, {'text': 'OBV 상승', 'cls': 'positive'}, {'text': '📈 EPS 반등/턴어라운드', 'cls': 'positive'}, {'text': '🚀 매출 고성장', 'cls': 'positive'}]","{'mfc': 76, 'wyckoff': 80, 'stochastic': 55.23128570391535, 'obv': 75, 'bollinger': 0, 'momentum_quality': 98.2, 'regime_score': 50, 'rr_score': 59.2, 'base_tech': np.float64(71.5)}","{'base_tech_score': np.float64(71.5), 'insider_bonus': 0.0, 'deviation_penalty': 20, 'blowoff_penalty': 0.0, 'short_excessive_penalty': 25, 'weekly_penalty': 0.0, 'resistance_penalty': 0.0, 'rr_penalty': 0.0, 'cmf_confluence_val': 0.0, 'penny_penalty': 0.0, 'penny_non_acc_penalty': 0.0, 'scalping_bonus': 16.0, 'fund_penalty': -25.0, 'macd_reversal_bonus': 0.0, 'sector_rs_bonus': 0.0, 'confluence_bonus': 0.0, 'short_squeeze_bonus': 0.0, 'ai_momentum_bonus': 0.0}",N/A,,,,,7.9,1.52,1.52,True,False
TTWO,"Take-Two Interactive Software, ",$246.50,246.5,Communication Services,Electronic Gaming & Multimedia,6.04,56.0,52.7,0.0178,False,False,False,55.7,Accumulation,"{'trend': 50.0, 'momentum': 62.9, 'flow': 38.0, 'volatility': 53, 'structure': 65.0, 'momentum_quality': 63.3, 'insider': 50.0}",2.0,-9.435929097699184,0.045900002,Aggressive Buy,매수 우위 (분할 매수 - 바닥 확인 후 모멘텀 턴어라운드),True,하락,상단,데드크로스 진행,2.7,10.0,하락,-525913.2028875095,,0.02,0.57126,0.00671,1301224960.0,"[{'text': '매집 구간', 'cls': 'positive'}, {'text': 'Stoch 골든크로스', 'cls': 'positive'}]","{'mfc': 53, 'wyckoff': 100, 'stochastic': 50.29795056392935, 'obv': 25, 'bollinger': 0, 'momentum_quality': 63.3, 'regime_score': 50, 'rr_score': 86.1, 'base_tech': np.float64(55.0)}","{'base_tech_score': np.float64(55.0), 'insider_bonus': 0.0, 'deviation_penalty': 0.0, 'blowoff_penalty': 0.0, 'short_excessive_penalty': 0.0, 'weekly_penalty': 0.0, 'resistance_penalty': 0.0, 'rr_penalty': 0.0, 'cmf_confluence_val': 0.0, 'penny_penalty': 0.0, 'penny_non_acc_penalty': 0.0, 'scalping_bonus': 10.0, 'fund_penalty': 0.0, 'macd_reversal_bonus': 0.0, 'sector_rs_bonus': 0.0, 'confluence_bonus': 0.0, 'short_squeeze_bonus': 0.0, 'ai_momentum_bonus': 0.0}",N/A,,,,,6.04,1.53,1.53,False,False
CF,"CF Industries Holdings, Inc.",$114.35,114.3499984741211,Basic Materials,Agricultural Inputs,-2.04,55.8,42.8,0.0044400003,False,False,False,42.3,Markdown,"{'trend': 28.0, 'momentum': 48.2, 'flow': 49.0, 'volatility': 73, 'structure': 15.0, 'momentum_quality': 2.8, 'insider': 50.0}",5.0,-11.46225473283675,0.0719,Avoid / Sell-off,매도 우위 (전면 회피 - 다중지표 약세 컨플루언스 확인),True,하락,하단,데드크로스 진행,-5.8,5.0,상승,12789531.318703756,0.883,0.176,0.42486,0.49325,1276749952.0,"[{'text': '하락 추세', 'cls': 'negative'}, {'text': 'Stoch 골든크로스', 'cls': 'positive'}, {'text': '📈 EPS 반등/턴어라운드', 'cls': 'positive'}, {'text': '🔥 숏커버 (-11.5%)', 'cls': 'positive'}]","{'mfc': 43, 'wyckoff': 10, 'stochastic': 54.408364390962944, 'obv': 25, 'bollinger': 100, 'momentum_quality': 2.8, 'regime_score': 50, 'rr_score': 99.6, 'base_tech': np.float64(34.7)}","{'base_tech_score': np.float64(34.7), 'insider_bonus': 0.0, 'deviation_penalty': 0.0, 'blowoff_penalty': 0.0, 'short_excessive_penalty': 0.0, 'weekly_penalty': 0.0, 'resistance_penalty': 0.0, 'rr_penalty': 0.0, 'cmf_confluence_val': 0.0, 'penny_penalty': 0.0, 'penny_non_acc_penalty': 0.0, 'scalping_bonus': 5.0, 'fund_penalty': -18.0, 'macd_reversal_bonus': 0.0, 'sector_rs_bonus': 0.0, 'confluence_bonus': 0.0, 'short_squeeze_bonus': 0.0, 'ai_momentum_bonus': 0.0}",N/A,,,,,-2.04,0.72,0.72,False,False
LIF,"Life360, Inc.",$63.19,63.19499969482422,Technology,Software - Application,5.87,55.7,78.5,0.03716,False,False,False,63.5,Markup,"{'trend': 100, 'momentum': 97.7, 'flow': 100, 'volatility': 33, 'structure': 65.0, 'momentum_quality': 92.2, 'insider': 50.0}",0.0,-0.17039873789820534,0.1302,Tactical Overweight,매수 우위 (강력 매수 - 다중지표 강세 컨플루언스 확인),False,상승,상단,정배열,14.0,10.0,상승,14174565.573719816,-0.365,0.381,0.77102,-0.05644,60412376.0,"[{'text': '상승 추세', 'cls': 'positive'}, {'text': 'OBV 상승', 'cls': 'positive'}, {'text': '⚠️ EPS 감소(-36%)', 'cls': 'negative'}, {'text': '🚀 매출 고성장', 'cls': 'positive'}, {'text': '🚨 공매도 비중 주의 (13.02%)', 'cls': 'negative'}]","{'mfc': 78, 'wyckoff': 80, 'stochastic': 40.65550146996312, 'obv': 75, 'bollinger': 0, 'momentum_quality': 92.2, 'regime_score': 50, 'rr_score': 66.8, 'base_tech': np.float64(69.6)}","{'base_tech_score': np.float64(69.6), 'insider_bonus': 0.0, 'deviation_penalty': 0.0, 'blowoff_penalty': 0.0, 'short_excessive_penalty': 0.0, 'weekly_penalty': 0.0, 'resistance_penalty': 0.0, 'rr_penalty': 0.0, 'cmf_confluence_val': 0.0, 'penny_penalty': 0.0, 'penny_non_acc_penalty': 0.0, 'scalping_bonus': 10.0, 'fund_penalty': 10.0, 'macd_reversal_bonus': 0.0, 'sector_rs_bonus': 0.0, 'confluence_bonus': 0.0, 'short_squeeze_bonus': 0.0, 'ai_momentum_bonus': 0.0}",N/A,,,,,5.87,0.92,0.92,False,False
DPC,DPC Holdings PLC,$52.44,52.439998626708984,Industrials,Aerospace & Defense,-7.74,55.4,64.4,0.08874,False,False,False,57.9,Markup,"{'trend': 50.0, 'momentum': 98.3, 'flow': 77.0, 'volatility': 43, 'structure': 80.0, 'momentum_quality': 98.2, 'insider': 50.0}",2.0,,0.0253,Tactical Overweight,매수 우위 (강력 매수 - 다중지표 강세 컨플루언스 확인),True,상승,상단,혼합,9.2,5.0,상승,19770440.489293087,,0.261,0.23476,0.08439,,"[{'text': '상승 추세', 'cls': 'positive'}, {'text': '⚠️ 장기 매물대(저항선) 충돌 위험', 'cls': 'negative'}, {'text': '📊 VWAP 상회 주의', 'cls': 'neutral'}, {'text': 'Stoch 골든크로스', 'cls': 'positive'}, {'text': 'OBV 상승', 'cls': 'positive'}, {'text': '🚀 매출 고성장', 'cls': 'positive'}]","{'mfc': 64, 'wyckoff': 80, 'stochastic': 50.42578636895865, 'obv': 75, 'bollinger': 0, 'momentum_quality': 98.2, 'regime_score': 50, 'rr_score': 51.9, 'base_tech': np.float64(66.7)}","{'base_tech_score': np.float64(66.7), 'insider_bonus': 0.0, 'deviation_penalty': 0.0, 'blowoff_penalty': 0.0, 'short_excessive_penalty': 0.0, 'weekly_penalty': 0.0, 'resistance_penalty': 15, 'rr_penalty': 0.0, 'cmf_confluence_val': 0.0, 'penny_penalty': 0.0, 'penny_non_acc_penalty': 0.0, 'scalping_bonus': 5.0, 'fund_penalty': -10.0, 'macd_reversal_bonus': 0.0, 'sector_rs_bonus': 0.0, 'confluence_bonus': 0.0, 'short_squeeze_bonus': 0.0, 'ai_momentum_bonus': 0.0}",N/A,,,,,-7.74,0.29,0.29,False,False
PCG,Pacific Gas & Electric Co.,$17.46,17.459999084472656,Utilities,Utilities - Regulated Electric,2.71,55.2,57.2,0.00279,False,False,False,52.0,Accumulation,"{'trend': 35.0, 'momentum': 50.8, 'flow': 83.0, 'volatility': 93, 'structure': 65.0, 'momentum_quality': 20.2, 'insider': 50.0}",2.0,0.0,0.0,Tactical Hold,매도 우위 (하방 경계 - 바닥 탐색 진행 중),False,상승,하단,데드크로스 진행,-0.3,10.0,상승,-18498457.48256337,0.407,0.001,0.39823002,0.24788,-6150125056.0,"[{'text': '매집 구간', 'cls': 'positive'}, {'text': '⚠️ 장기 매물대(저항선) 충돌 위험', 'cls': 'negative'}, {'text': 'OBV 상승', 'cls': 'positive'}, {'text': 'Squeeze 대기', 'cls': 'neutral'}, {'text': '📈 EPS 반등/턴어라운드', 'cls': 'positive'}]","{'mfc': 57, 'wyckoff': 100, 'stochastic': 44.175005532920615, 'obv': 75, 'bollinger': 100, 'momentum_quality': 20.2, 'regime_score': 50, 'rr_score': 80.7, 'base_tech': np.float64(63.4)}","{'base_tech_score': np.float64(63.4), 'insider_bonus': 0.0, 'deviation_penalty': 0.0, 'blowoff_penalty': 0.0, 'short_excessive_penalty': 0.0, 'weekly_penalty': 0.0, 'resistance_penalty': 15, 'rr_penalty': 0.0, 'cmf_confluence_val': 0.0, 'penny_penalty': 0.0, 'penny_non_acc_penalty': 0.0, 'scalping_bonus': 10.0, 'fund_penalty': -7.5, 'macd_reversal_bonus': 0.0, 'sector_rs_bonus': 0.0, 'confluence_bonus': 0.0, 'short_squeeze_bonus': 0.0, 'ai_momentum_bonus': 0.0}",N/A,,,,,2.71,1.21,1.21,False,False
WRD,WERIDE INC.,$6.30,6.300000190734863,Technology,Software - Application,6.78,55.2,73.0,0.09196,False,False,False,59.1,Markup,"{'trend': 76.0, 'momentum': 86.1, 'flow': 100, 'volatility': 53, 'structure': 80.0, 'momentum_quality': 94.9, 'insider': 50.0}",8.0,-23.806563435686805,0.041300002,Tactical Overweight,매수 우위 (강력 매수 - 다중지표 강세 컨플루언스 확인),True,상승,상단,골든크로스 진행,7.0,10.0,상승,15828487.4594847,,0.576,0.30438,-3.7758498,,"[{'text': '상승 추세', 'cls': 'positive'}, {'text': '⚠️ 주봉 역배열(하락추세)', 'cls': 'negative'}, {'text': 'Stoch 골든크로스', 'cls': 'positive'}, {'text': 'OBV 상승', 'cls': 'positive'}, {'text': '🚀 매출 고성장', 'cls': 'positive'}, {'text': '🔴 영업손실(-378%)', 'cls': 'negative'}, {'text': '🔴 적자기업(PER<0)', 'cls': 'negative'}, {'text': '🔥 숏커버 (-23.8%)', 'cls': 'positive'}]","{'mfc': 73, 'wyckoff': 80, 'stochastic': 69.40989920971106, 'obv': 75, 'bollinger': 0, 'momentum_quality': 94.9, 'regime_score': 50, 'rr_score': 100, 'base_tech': np.float64(71.5)}","{'base_tech_score': np.float64(71.5), 'insider_bonus': 0.0, 'deviation_penalty': 0.0, 'blowoff_penalty': 0.0, 'short_excessive_penalty': 0.0, 'weekly_penalty': 10, 'resistance_penalty': 0.0, 'rr_penalty': 0.0, 'cmf_confluence_val': 0.0, 'penny_penalty': 0.0, 'penny_non_acc_penalty': 0.0, 'scalping_bonus': 10.0, 'fund_penalty': 10.0, 'macd_reversal_bonus': 0.0, 'sector_rs_bonus': 0.0, 'confluence_bonus': 0.0, 'short_squeeze_bonus': 0.0, 'ai_momentum_bonus': 0.0}",N/A,,,,,6.78,0.9,0.9,False,False
WDC,Western Digital Corporation,$434.30,434.29998779296875,Technology,Computer Hardware,-3.81,55.0,33.9,0.00565,False,False,False,38.4,Markdown,"{'trend': 40.0, 'momentum': 28.6, 'flow': 23.0, 'volatility': 18, 'structure': 15.0, 'momentum_quality': 0, 'insider': 50.0}",5.0,-12.064112139229138,0.0761,Avoid / Sell-off,매도 우위 (전면 회피 - 다중지표 약세 컨플루언스 확인),False,하락,하단,혼합,-15.1,5.0,하락,-44626631.59455724,10.33,0.438,0.48851,0.42861,2318500096.0,"[{'text': '하락 추세', 'cls': 'negative'}, {'text': '📈 EPS 반등/턴어라운드', 'cls': 'positive'}, {'text': '🚀 매출 고성장', 'cls': 'positive'}, {'text': '🔥 숏커버 (-12.1%)', 'cls': 'positive'}]","{'mfc': 34, 'wyckoff': 10, 'stochastic': 2.742508929627796, 'obv': 25, 'bollinger': 100, 'momentum_quality': 0, 'regime_score': 50, 'rr_score': 100, 'base_tech': np.float64(25.0)}","{'base_tech_score': np.float64(25.0), 'insider_bonus': 0.0, 'deviation_penalty': 0.0, 'blowoff_penalty': 0.0, 'short_excessive_penalty': 0.0, 'weekly_penalty': 0.0, 'resistance_penalty': 0.0, 'rr_penalty': 0.0, 'cmf_confluence_val': 0.0, 'penny_penalty': 0.0, 'penny_non_acc_penalty': 0.0, 'scalping_bonus': 5.0, 'fund_penalty': -25.0, 'macd_reversal_bonus': 0.0, 'sector_rs_bonus': 0.0, 'confluence_bonus': 0.0, 'short_squeeze_bonus': 0.0, 'ai_momentum_bonus': 0.0}",N/A,,,,,-3.81,1.39,1.39,False,False
KVUE,Kenvue Inc.,$19.23,19.229999542236328,Consumer Defensive,Household & Personal Products,0.26,54.9,76.0,0.00052,False,False,False,51.5,Markup,"{'trend': 100, 'momentum': 55.1, 'flow': 100, 'volatility': 93, 'structure': 80.0, 'momentum_quality': 51.0, 'insider': 50.0}",5.0,-10.27505741298073,0.0372,Tactical Overweight,매수 우위 (강력 매수 - 다중지표 강세 컨플루언스 확인),False,상승,상단,정배열,0.1,0.0,상승,22899554.219300993,0.086,0.03,0.58437,0.19418,1907500032.0,"[{'text': '상승 추세', 'cls': 'positive'}, {'text': 'OBV 상승', 'cls': 'positive'}, {'text': 'Squeeze 대기', 'cls': 'neutral'}, {'text': '🔥 숏커버 (-10.3%)', 'cls': 'positive'}]","{'mfc': 76, 'wyckoff': 80, 'stochastic': 38.892953603935325, 'obv': 75, 'bollinger': 0, 'momentum_quality': 51.0, 'regime_score': 50, 'rr_score': 77.9, 'base_tech': np.float64(62.3)}","{'base_tech_score': np.float64(62.3), 'insider_bonus': 0.0, 'deviation_penalty': 0.0, 'blowoff_penalty': 0.0, 'short_excessive_penalty': 0.0, 'weekly_penalty': 0.0, 'resistance_penalty': 0.0, 'rr_penalty': 0.0, 'cmf_confluence_val': 0.0, 'penny_penalty': 0.0, 'penny_non_acc_penalty': 0.0, 'scalping_bonus': 0.0, 'fund_penalty': 0.0, 'macd_reversal_bonus': 0.0, 'sector_rs_bonus': 0.0, 'confluence_bonus': 0.0, 'short_squeeze_bonus': 0.0, 'ai_momentum_bonus': 0.0}",N/A,,,,,0.26,0.55,0.55,False,False
VG,"Venture Global, Inc.",$13.26,13.260000228881836,Energy,Oil & Gas Midstream,-2.36,54.5,46.8,0.025339998,False,False,False,52.0,Accumulation,"{'trend': 50.0, 'momentum': 53.9, 'flow': 20.0, 'volatility': 53, 'structure': 65.0, 'momentum_quality': 2.8, 'insider': 50.0}",-3.0,4.751630603885262,1.0785,Tactical Hold,매도 우위 (하방 경계 - 바닥 탐색 진행 중),True,하락,하단,데드크로스 진행,-1.2,5.0,하락,-58047717.8694882,0.191,0.589,0.44177,0.25027,-9278999552.0,"[{'text': '매집 구간', 'cls': 'positive'}, {'text': 'Stoch 골든크로스', 'cls': 'positive'}, {'text': '🚀 매출 고성장', 'cls': 'positive'}, {'text': '🚨 공매도 비중 주의 (107.85%)', 'cls': 'negative'}]","{'mfc': 47, 'wyckoff': 100, 'stochastic': 61.14437867074179, 'obv': 25, 'bollinger': 100, 'momentum_quality': 2.8, 'regime_score': 50, 'rr_score': 92.5, 'base_tech': np.float64(53.1)}","{'base_tech_score': np.float64(53.1), 'insider_bonus': 0.0, 'deviation_penalty': 0.0, 'blowoff_penalty': 0.0, 'short_excessive_penalty': 0.0, 'weekly_penalty': 0.0, 'resistance_penalty': 0.0, 'rr_penalty': 0.0, 'cmf_confluence_val': 0.0, 'penny_penalty': 0.0, 'penny_non_acc_penalty': 0.0, 'scalping_bonus': 5.0, 'fund_penalty': -10.0, 'macd_reversal_bonus': 0.0, 'sector_rs_bonus': 0.0, 'confluence_bonus': 0.0, 'short_squeeze_bonus': 0.0, 'ai_momentum_bonus': 0.0}",N/A,,,,,-2.36,0.57,0.57,False,False
CRSR,"Corsair Gaming, Inc.",$14.35,14.350000381469727,Technology,Computer Hardware,35.25,53.8,73.3,0.03795,False,True,False,75.8,Markup,"{'trend': 100, 'momentum': 86.3, 'flow': 100, 'volatility': 3, 'structure': 55.0, 'momentum_quality': 92.2, 'insider': 50.0}",-8.0,22.999975739124498,0.2194,Tactical Overweight,매수 우위 (강력 매수 - 다중지표 강세 컨플루언스 확인),False,상승,상단 돌파,정배열,37.5,4.0,상승,12830769.510289703,,-0.018,0.316,0.0242,87061376.0,"[{'text': '상승 추세', 'cls': 'positive'}, {'text': '⚠️ 이격도 과다', 'cls': 'negative'}, {'text': '🚨 상단 클라이맥스', 'cls': 'negative'}, {'text': '🚨 강력한 하방 압력(공매도 급증 +23.0%)', 'cls': 'negative'}, {'text': '🔥 Accumulation Confluence (CMF+ADL)', 'cls': 'positive'}, {'text': '🚀 숏스퀴즈 가능성', 'cls': 'positive'}, {'text': 'OBV 상승', 'cls': 'positive'}, {'text': '🚨 공매도 비중 주의 (21.94%)', 'cls': 'negative'}, {'text': '📉 AI 예상: +0.0%', 'cls': 'negative'}]","{'mfc': 73, 'wyckoff': 80, 'stochastic': 42.792011055040504, 'obv': 75, 'bollinger': 0, 'momentum_quality': 92.2, 'regime_score': 50, 'rr_score': 68.4, 'base_tech': np.float64(68.0)}","{'base_tech_score': np.float64(68.0), 'insider_bonus': 0.0, 'deviation_penalty': 20, 'blowoff_penalty': 30, 'short_excessive_penalty': 25, 'weekly_penalty': 0.0, 'resistance_penalty': 0.0, 'rr_penalty': 0.0, 'cmf_confluence_val': 0.0, 'penny_penalty': 0.0, 'penny_non_acc_penalty': 0.0, 'scalping_bonus': 4.0, 'fund_penalty': 0.0, 'macd_reversal_bonus': 0.0, 'sector_rs_bonus': 0.0, 'confluence_bonus': 0.0, 'short_squeeze_bonus': 15.0, 'ai_momentum_bonus': 0.0}",+0.00%,53.8,HOLD,+0.00%,0.5,35.25,3.43,3.43,True,False
EQX,Equinox Gold Corp.,$11.58,11.579999923706055,Basic Materials,Gold,7.82,53.8,71.8,0.03466,False,False,False,68.4,Markup,"{'trend': 68.0, 'momentum': 100, 'flow': 86.0, 'volatility': 33, 'structure': 80.0, 'momentum_quality': 98.2, 'insider': 50.0}",-3.0,15.842120836009332,0.0,Tactical Overweight,매수 우위 (강력 매수 - 다중지표 강세 컨플루언스 확인),True,상승,상단 돌파,골든크로스 진행,22.7,10.0,상승,-61462021.21799626,8.671,1.693,0.58986,0.32136002,230833744.0,"[{'text': '상승 추세', 'cls': 'positive'}, {'text': '🚨 강력한 하방 압력(공매도 급증 +15.8%)', 'cls': 'negative'}, {'text': '⚠️ 주봉 역배열(하락추세)', 'cls': 'negative'}, {'text': 'Stoch 골든크로스', 'cls': 'positive'}, {'text': 'OBV 상승', 'cls': 'positive'}, {'text': '📈 EPS 반등/턴어라운드', 'cls': 'positive'}, {'text': '🚀 매출 고성장', 'cls': 'positive'}]","{'mfc': 72, 'wyckoff': 80, 'stochastic': 64.1404634304752, 'obv': 75, 'bollinger': 0, 'momentum_quality': 98.2, 'regime_score': 50, 'rr_score': 100, 'base_tech': np.float64(71.0)}","{'base_tech_score': np.float64(71.0), 'insider_bonus': 0.0, 'deviation_penalty': 0.0, 'blowoff_penalty': 0.0, 'short_excessive_penalty': 25, 'weekly_penalty': 10, 'resistance_penalty': 0.0, 'rr_penalty': 0.0, 'cmf_confluence_val': 0.0, 'penny_penalty': 0.0, 'penny_non_acc_penalty': 0.0, 'scalping_bonus': 10.0, 'fund_penalty': -25.0, 'macd_reversal_bonus': 0.0, 'sector_rs_bonus': 0.0, 'confluence_bonus': 0.0, 'short_squeeze_bonus': 0.0, 'ai_momentum_bonus': 0.0}",N/A,,,,,7.82,2.24,2.24,False,False
GOOGL,Alphabet Inc.,$354.30,354.29998779296875,Communication Services,Internet Content & Information,-0.96,53.2,49.3,0.01175,False,False,False,50.8,Markdown,"{'trend': 60.0, 'momentum': 67.5, 'flow': 13.0, 'volatility': 53, 'structure': 15.0, 'momentum_quality': 72.6, 'insider': 50.0}",7.0,-12.436508556388546,0.0134000005,Tactical Hold,매도 우위 (비중 축소 - 지지선 단기 이탈 및 추세 악화),False,하락,상단,골든크로스 진행,1.6,0.0,하락,306611625.4898792,2.979,0.242,0.60897,0.34033,22665000960.0,"[{'text': '하락 추세', 'cls': 'negative'}, {'text': '📊 VWAP 상회 주의', 'cls': 'neutral'}, {'text': '📈 EPS 반등/턴어라운드', 'cls': 'positive'}, {'text': '🔥 숏커버 (-12.4%)', 'cls': 'positive'}]","{'mfc': 49, 'wyckoff': 10, 'stochastic': 19.09123363070762, 'obv': 25, 'bollinger': 0, 'momentum_quality': 72.6, 'regime_score': 50, 'rr_score': 100, 'base_tech': np.float64(35.2)}","{'base_tech_score': np.float64(35.2), 'insider_bonus': 0.0, 'deviation_penalty': 0.0, 'blowoff_penalty': 0.0, 'short_excessive_penalty': 0.0, 'weekly_penalty': 0.0, 'resistance_penalty': 0.0, 'rr_penalty': 0.0, 'cmf_confluence_val': 0.0, 'penny_penalty': 0.0, 'penny_non_acc_penalty': 0.0, 'scalping_bonus': 0.0, 'fund_penalty': -18.0, 'macd_reversal_bonus': 0.0, 'sector_rs_bonus': 0.0, 'confluence_bonus': 0.0, 'short_squeeze_bonus': 0.0, 'ai_momentum_bonus': 0.0}",N/A,,,,,-0.96,0.6,0.6,False,False
XMTR,"Xometry, Inc.",$93.14,93.1449966430664,Industrials,Industrial Distribution,6.95,52.8,56.3,0.04978,False,False,False,53.8,Markup,"{'trend': 50.0, 'momentum': 56.1, 'flow': 81.0, 'volatility': 43, 'structure': 80.0, 'momentum_quality': 34.6, 'insider': 50.0}",2.0,-6.843328623948433,0.0695,Core Holding,매수 우위 (안정적 상승 추세 안착),True,상승,상단,데드크로스 진행,1.5,10.0,상승,3646014.6585572218,,0.411,0.38749,-0.02438,-12280375.0,"[{'text': '상승 추세', 'cls': 'positive'}, {'text': 'Stoch 골든크로스', 'cls': 'positive'}, {'text': 'OBV 상승', 'cls': 'positive'}, {'text': '🚀 매출 고성장', 'cls': 'positive'}]","{'mfc': 56, 'wyckoff': 80, 'stochastic': 53.330254051882534, 'obv': 75, 'bollinger': 0, 'momentum_quality': 34.6, 'regime_score': 50, 'rr_score': 76.4, 'base_tech': np.float64(54.7)}","{'base_tech_score': np.float64(54.7), 'insider_bonus': 0.0, 'deviation_penalty': 0.0, 'blowoff_penalty': 0.0, 'short_excessive_penalty': 0.0, 'weekly_penalty': 0.0, 'resistance_penalty': 0.0, 'rr_penalty': 0.0, 'cmf_confluence_val': 0.0, 'penny_penalty': 0.0, 'penny_non_acc_penalty': 0.0, 'scalping_bonus': 10.0, 'fund_penalty': 3.0, 'macd_reversal_bonus': 0.0, 'sector_rs_bonus': 0.0, 'confluence_bonus': 0.0, 'short_squeeze_bonus': 0.0, 'ai_momentum_bonus': 0.0}",N/A,,,,,6.95,0.88,0.88,False,False
ABCL,AbCellera Biologics Inc.,$6.93,6.929999828338623,Healthcare,Biotechnology,6.13,52.6,73.8,0.23039,False,False,False,61.7,Markup,"{'trend': 100, 'momentum': 100, 'flow': 91.0, 'volatility': 3, 'structure': 80.0, 'momentum_quality': 98.2, 'insider': 50.0}",-1.5,0.44692268952909064,0.19139999,Tactical Overweight,매수 우위 (강력 매수 - 다중지표 강세 컨플루언스 확인),True,상승,상단,정배열,15.8,10.0,상승,25750802.031294823,,0.963,-1.41131,-6.9175,-114039248.0,"[{'text': '상승 추세', 'cls': 'positive'}, {'text': 'Stoch 골든크로스', 'cls': 'positive'}, {'text': 'OBV 상승', 'cls': 'positive'}, {'text': '🚀 매출 고성장', 'cls': 'positive'}, {'text': '🔴 영업손실(-692%)', 'cls': 'negative'}, {'text': '🔴 적자기업(PER<0)', 'cls': 'negative'}, {'text': '🚨 공매도 비중 주의 (19.14%)', 'cls': 'negative'}]","{'mfc': 74, 'wyckoff': 80, 'stochastic': 82.24695388564288, 'obv': 75, 'bollinger': 0, 'momentum_quality': 98.2, 'regime_score': 50, 'rr_score': 100, 'base_tech': np.float64(73.8)}","{'base_tech_score': np.float64(73.8), 'insider_bonus': 0.0, 'deviation_penalty': 0.0, 'blowoff_penalty': 0.0, 'short_excessive_penalty': 0.0, 'weekly_penalty': 0.0, 'resistance_penalty': 0.0, 'rr_penalty': 0.0, 'cmf_confluence_val': 0.0, 'penny_penalty': 0.0, 'penny_non_acc_penalty': 0.0, 'scalping_bonus': 10.0, 'fund_penalty': 15.0, 'macd_reversal_bonus': 0.0, 'sector_rs_bonus': 0.0, 'confluence_bonus': 0.0, 'short_squeeze_bonus': 0.0, 'ai_momentum_bonus': 0.0}",N/A,,,,,6.13,0.95,0.95,False,False
TWLO,Twilio Inc.,$241.28,241.27999877929688,Technology,Software - Infrastructure,24.89,52.4,73.7,0.0012899999,False,False,False,73.6,Markup,"{'trend': 100, 'momentum': 97.6, 'flow': 70.0, 'volatility': 33, 'structure': 55.0, 'momentum_quality': 98.2, 'insider': 50.0}",8.0,-24.19073630575449,0.036,Core Holding,매수 우위 (안정적 상승 추세 안착),True,하락,상단 돌파,골든크로스 진행,20.5,-2.0,상승,41202867.43575787,46.594,0.22,0.48566002,0.078260005,954675392.0,"[{'text': '상승 추세', 'cls': 'positive'}, {'text': '🚨 상단 클라이맥스', 'cls': 'negative'}, {'text': '🔄 MACD 반전', 'cls': 'positive'}, {'text': 'Stoch 골든크로스', 'cls': 'positive'}, {'text': '📈 EPS 반등/턴어라운드', 'cls': 'positive'}, {'text': '🔥 숏커버 (-24.2%)', 'cls': 'positive'}]","{'mfc': 74, 'wyckoff': 80, 'stochastic': 73.06519688105811, 'obv': 25, 'bollinger': 0, 'momentum_quality': 98.2, 'regime_score': 50, 'rr_score': 62.1, 'base_tech': np.float64(66.7)}","{'base_tech_score': np.float64(66.7), 'insider_bonus': 0.0, 'deviation_penalty': 0.0, 'blowoff_penalty': 30, 'short_excessive_penalty': 0.0, 'weekly_penalty': 0.0, 'resistance_penalty': 0.0, 'rr_penalty': 0.0, 'cmf_confluence_val': 0.0, 'penny_penalty': 0.0, 'penny_non_acc_penalty': 0.0, 'scalping_bonus': -2.0, 'fund_penalty': -18.0, 'macd_reversal_bonus': 5.0, 'sector_rs_bonus': 0.0, 'confluence_bonus': 0.0, 'short_squeeze_bonus': 0.0, 'ai_momentum_bonus': 0.0}",N/A,,,,,24.89,3.34,3.34,False,False
VLO,Valero Energy Corporation,$298.31,298.30999755859375,Energy,Oil & Gas Refining & Marketing,-1.54,52.1,45.5,0.00423,False,False,False,53.4,Markdown,"{'trend': 50.0, 'momentum': 48.0, 'flow': 35.0, 'volatility': 73, 'structure': 15.0, 'momentum_quality': 16.0, 'insider': 50.0}",0.0,-0.9219160033891621,0.0442,Tactical Hold,매도 우위 (비중 축소 - 지지선 단기 이탈 및 추세 악화),False,하락,하단,데드크로스 진행,-1.9,0.0,하락,57569848.49363931,4.21,0.517,0.16118999,0.12269,8416374784.0,"[{'text': '하락 추세', 'cls': 'negative'}, {'text': '📈 EPS 반등/턴어라운드', 'cls': 'positive'}, {'text': '🚀 매출 고성장', 'cls': 'positive'}]","{'mfc': 46, 'wyckoff': 10, 'stochastic': 22.662653247141318, 'obv': 25, 'bollinger': 100, 'momentum_quality': 16.0, 'regime_score': 50, 'rr_score': 84.1, 'base_tech': np.float64(33.8)}","{'base_tech_score': np.float64(33.8), 'insider_bonus': 0.0, 'deviation_penalty': 0.0, 'blowoff_penalty': 0.0, 'short_excessive_penalty': 0.0, 'weekly_penalty': 0.0, 'resistance_penalty': 0.0, 'rr_penalty': 0.0, 'cmf_confluence_val': 0.0, 'penny_penalty': 0.0, 'penny_non_acc_penalty': 0.0, 'scalping_bonus': 0.0, 'fund_penalty': -25.0, 'macd_reversal_bonus': 0.0, 'sector_rs_bonus': 0.0, 'confluence_bonus': 0.0, 'short_squeeze_bonus': 0.0, 'ai_momentum_bonus': 0.0}",N/A,,,,,-1.54,0.71,0.71,False,False
AA,Alcoa Corporation,$50.17,50.16999816894531,Basic Materials,Aluminum,5.67,51.9,68.0,0.0054400004,False,False,False,55.0,Markup,"{'trend': 68.0, 'momentum': 91.7, 'flow': 67.0, 'volatility': 33, 'structure': 80.0, 'momentum_quality': 100, 'insider': 50.0}",-5.0,10.996971175811325,0.0341,Tactical Overweight,매수 우위 (강력 매수 - 다중지표 강세 컨플루언스 확인),True,상승,상단 돌파,골든크로스 진행,9.2,10.0,상승,26710949.355489828,1.482,0.314,0.19790001,0.18356001,960750016.0,"[{'text': '상승 추세', 'cls': 'positive'}, {'text': '🚨 강력한 하방 압력(공매도 급증 +11.0%)', 'cls': 'negative'}, {'text': '⚠️ 주봉 역배열(하락추세)', 'cls': 'negative'}, {'text': 'Stoch 골든크로스', 'cls': 'positive'}, {'text': 'OBV 상승', 'cls': 'positive'}, {'text': '📈 EPS 반등/턴어라운드', 'cls': 'positive'}, {'text': '🚀 매출 고성장', 'cls': 'positive'}]","{'mfc': 68, 'wyckoff': 80, 'stochastic': 74.46229069075727, 'obv': 75, 'bollinger': 0, 'momentum_quality': 100, 'regime_score': 50, 'rr_score': 100, 'base_tech': np.float64(71.1)}","{'base_tech_score': np.float64(71.1), 'insider_bonus': 0.0, 'deviation_penalty': 0.0, 'blowoff_penalty': 0.0, 'short_excessive_penalty': 25, 'weekly_penalty': 10, 'resistance_penalty': 0.0, 'rr_penalty': 0.0, 'cmf_confluence_val': 0.0, 'penny_penalty': 0.0, 'penny_non_acc_penalty': 0.0, 'scalping_bonus': 10.0, 'fund_penalty': -25.0, 'macd_reversal_bonus': 0.0, 'sector_rs_bonus': 0.0, 'confluence_bonus': 0.0, 'short_squeeze_bonus': 0.0, 'ai_momentum_bonus': 0.0}",N/A,,,,,5.67,1.05,1.05,False,False
AVGO,Broadcom Inc.,$427.76,427.760009765625,Technology,Semiconductors,1.71,51.5,70.4,0.01947,False,False,False,64.9,Markup,"{'trend': 85.0, 'momentum': 85.4, 'flow': 73.0, 'volatility': 33, 'structure': 80.0, 'momentum_quality': 92.0, 'insider': 50.0}",-3.0,11.639990868929369,0.0147,Tactical Overweight,매수 우위 (강력 매수 - 다중지표 강세 컨플루언스 확인),True,상승,상단 돌파,골든크로스 진행,9.2,0.0,상승,195038510.3571365,0.875,0.479,0.76284,0.48988,27212249088.0,"[{'text': '상승 추세', 'cls': 'positive'}, {'text': '🚨 강력한 하방 압력(공매도 급증 +11.6%)', 'cls': 'negative'}, {'text': '📊 VWAP 상회 주의', 'cls': 'neutral'}, {'text': 'Stoch 골든크로스', 'cls': 'positive'}, {'text': 'OBV 상승', 'cls': 'positive'}, {'text': '📈 EPS 반등/턴어라운드', 'cls': 'positive'}, {'text': '🚀 매출 고성장', 'cls': 'positive'}]","{'mfc': 70, 'wyckoff': 80, 'stochastic': 52.12028670509781, 'obv': 75, 'bollinger': 0, 'momentum_quality': 92.0, 'regime_score': 50, 'rr_score': 100, 'base_tech': np.float64(68.1)}","{'base_tech_score': np.float64(68.1), 'insider_bonus': 0.0, 'deviation_penalty': 0.0, 'blowoff_penalty': 0.0, 'short_excessive_penalty': 25, 'weekly_penalty': 0.0, 'resistance_penalty': 0.0, 'rr_penalty': 0.0, 'cmf_confluence_val': 0.0, 'penny_penalty': 0.0, 'penny_non_acc_penalty': 0.0, 'scalping_bonus': 0.0, 'fund_penalty': -25.0, 'macd_reversal_bonus': 0.0, 'sector_rs_bonus': 0.0, 'confluence_bonus': 0.0, 'short_squeeze_bonus': 0.0, 'ai_momentum_bonus': 0.0}",N/A,,,,,1.71,0.57,0.57,False,False
RGTI,"Rigetti Computing, Inc.",$17.94,17.940000534057617,Technology,Computer Hardware,8.53,51.1,64.7,0.017,False,False,False,56.7,Markup,"{'trend': 60.0, 'momentum': 95.9, 'flow': 91.0, 'volatility': 3, 'structure': 80.0, 'momentum_quality': 92.2, 'insider': 50.0}",-1.5,3.571872923228111,0.18540001,Tactical Overweight,매수 우위 (강력 매수 - 다중지표 강세 컨플루언스 확인),False,상승,상단 돌파,골든크로스 진행,17.0,10.0,상승,371829606.10922056,,1.853,0.34614,-5.4616604,26453624.0,"[{'text': '상승 추세', 'cls': 'positive'}, {'text': 'OBV 상승', 'cls': 'positive'}, {'text': '🚀 매출 고성장', 'cls': 'positive'}, {'text': '🔴 영업손실(-546%)', 'cls': 'negative'}, {'text': '🔴 적자기업(PER<0)', 'cls': 'negative'}, {'text': '🚨 공매도 비중 주의 (18.54%)', 'cls': 'negative'}]","{'mfc': 65, 'wyckoff': 80, 'stochastic': 49.02796762787691, 'obv': 75, 'bollinger': 0, 'momentum_quality': 92.2, 'regime_score': 50, 'rr_score': 100, 'base_tech': np.float64(65.8)}","{'base_tech_score': np.float64(65.8), 'insider_bonus': 0.0, 'deviation_penalty': 0.0, 'blowoff_penalty': 0.0, 'short_excessive_penalty': 0.0, 'weekly_penalty': 0.0, 'resistance_penalty': 0.0, 'rr_penalty': 0.0, 'cmf_confluence_val': 0.0, 'penny_penalty': 0.0, 'penny_non_acc_penalty': 0.0, 'scalping_bonus': 10.0, 'fund_penalty': 10.0, 'macd_reversal_bonus': 0.0, 'sector_rs_bonus': 0.0, 'confluence_bonus': 0.0, 'short_squeeze_bonus': 0.0, 'ai_momentum_bonus': 0.0}",N/A,,,,,8.53,0.78,0.78,False,False
FIVN,"Five9, Inc.",$33.99,33.9900016784668,Technology,Software - Infrastructure,19.81,51.0,77.2,0.02981,False,False,False,75.4,Markup,"{'trend': 100, 'momentum': 87.5, 'flow': 100, 'volatility': 13, 'structure': 80.0, 'momentum_quality': 100, 'insider': 50.0}",0.0,0.73030527953535,0.1031,Tactical Overweight,매수 우위 (강력 매수 - 다중지표 강세 컨플루언스 확인),False,상승,상단 돌파,정배열,27.9,-4.0,상승,20404807.423713554,1.918,0.103,0.55063,0.033210002,260481504.0,"[{'text': '상승 추세', 'cls': 'positive'}, {'text': '⚠️ 이격도 과다', 'cls': 'negative'}, {'text': 'OBV 상승', 'cls': 'positive'}, {'text': '📈 EPS 반등/턴어라운드', 'cls': 'positive'}, {'text': '🚨 공매도 비중 주의 (10.31%)', 'cls': 'negative'}]","{'mfc': 77, 'wyckoff': 80, 'stochastic': 48.07965252510687, 'obv': 75, 'bollinger': 0, 'momentum_quality': 100, 'regime_score': 50, 'rr_score': 61.6, 'base_tech': np.float64(71.2)}","{'base_tech_score': np.float64(71.2), 'insider_bonus': 0.0, 'deviation_penalty': 20, 'blowoff_penalty': 0.0, 'short_excessive_penalty': 0.0, 'weekly_penalty': 0.0, 'resistance_penalty': 0.0, 'rr_penalty': 0.0, 'cmf_confluence_val': 0.0, 'penny_penalty': 0.0, 'penny_non_acc_penalty': 0.0, 'scalping_bonus': -4.0, 'fund_penalty': -18.0, 'macd_reversal_bonus': 0.0, 'sector_rs_bonus': 0.0, 'confluence_bonus': 0.0, 'short_squeeze_bonus': 0.0, 'ai_momentum_bonus': 0.0}",N/A,,,,,19.81,2.46,2.46,True,False
RXO,"RXO, Inc.",$21.70,21.700000762939453,Industrials,Trucking,7.21,51.0,47.7,0.00799,False,True,False,39.7,Accumulation,"{'trend': 48.0, 'momentum': 34.6, 'flow': 68.0, 'volatility': 23, 'structure': 80.0, 'momentum_quality': 0, 'insider': 50.0}",-5.0,8.499705466420092,0.2566,Tactical Hold,"중립 대기 (방향성 탐색 중, 뚜렷한 주도력 부재)",False,상승,하단,혼합,-12.5,10.0,상승,1290278.0612624874,,0.25,0.14912,0.00676,5750000.0,"[{'text': '매집 구간', 'cls': 'positive'}, {'text': '🚨 강력한 하방 압력(공매도 급증 +8.5%)', 'cls': 'negative'}, {'text': '🚀 숏스퀴즈 가능성', 'cls': 'positive'}, {'text': 'OBV 상승', 'cls': 'positive'}, {'text': 'RSI 상승 다이버전스', 'cls': 'positive'}, {'text': '🚀 매출 고성장', 'cls': 'positive'}, {'text': '🚨 공매도 비중 주의 (25.66%)', 'cls': 'negative'}]","{'mfc': 48, 'wyckoff': 100, 'stochastic': 48.88856568472008, 'obv': 75, 'bollinger': 100, 'momentum_quality': 0, 'regime_score': 50, 'rr_score': 100, 'base_tech': np.float64(57.6)}","{'base_tech_score': np.float64(57.6), 'insider_bonus': 0.0, 'deviation_penalty': 0.0, 'blowoff_penalty': 0.0, 'short_excessive_penalty': 25, 'weekly_penalty': 0.0, 'resistance_penalty': 0.0, 'rr_penalty': 0.0, 'cmf_confluence_val': 0.0, 'penny_penalty': 0.0, 'penny_non_acc_penalty': 0.0, 'scalping_bonus': 10.0, 'fund_penalty': -10.0, 'macd_reversal_bonus': 0.0, 'sector_rs_bonus': 0.0, 'confluence_bonus': 0.0, 'short_squeeze_bonus': 15.0, 'ai_momentum_bonus': 0.0}",N/A,,,,,7.21,0.69,0.69,False,False
AVAV,"AeroVironment, Inc.",$186.73,186.72999572753906,Industrials,Aerospace & Defense,9.12,50.9,73.3,0.00909,False,False,False,65.3,Markup,"{'trend': 80.0, 'momentum': 100, 'flow': 100, 'volatility': 13, 'structure': 80.0, 'momentum_quality': 98.2, 'insider': 50.0}",5.0,-19.965214535372724,0.100600004,Tactical Overweight,매수 우위 (강력 매수 - 다중지표 강세 컨플루언스 확인),True,상승,상단 돌파,골든크로스 진행,21.6,10.0,상승,-27175290.20540368,,1.333,0.25325,0.02812,-251387504.0,"[{'text': '상승 추세', 'cls': 'positive'}, {'text': '⚠️ 주봉 역배열(하락추세)', 'cls': 'negative'}, {'text': '⚠️ 장기 매물대(저항선) 충돌 위험', 'cls': 'negative'}, {'text': 'Stoch 골든크로스', 'cls': 'positive'}, {'text': 'OBV 상승', 'cls': 'positive'}, {'text': '🚀 매출 고성장', 'cls': 'positive'}, {'text': '🚨 공매도 비중 주의 (10.06%)', 'cls': 'negative'}, {'text': '🔥 숏커버 (-20.0%)', 'cls': 'positive'}]","{'mfc': 73, 'wyckoff': 80, 'stochastic': 51.268723535804064, 'obv': 75, 'bollinger': 0, 'momentum_quality': 98.2, 'regime_score': 50, 'rr_score': 96.2, 'base_tech': np.float64(69.9)}","{'base_tech_score': np.float64(69.9), 'insider_bonus': 0.0, 'deviation_penalty': 0.0, 'blowoff_penalty': 0.0, 'short_excessive_penalty': 0.0, 'weekly_penalty': 10, 'resistance_penalty': 15, 'rr_penalty': 0.0, 'cmf_confluence_val': 0.0, 'penny_penalty': 0.0, 'penny_non_acc_penalty': 0.0, 'scalping_bonus': 10.0, 'fund_penalty': -5.0, 'macd_reversal_bonus': 0.0, 'sector_rs_bonus': 0.0, 'confluence_bonus': 0.0, 'short_squeeze_bonus': 0.0, 'ai_momentum_bonus': 0.0}",N/A,,,,,9.12,1.16,1.16,False,False
OXY,Occidental Petroleum Corporatio,$55.91,55.90999984741211,Energy,Oil & Gas E&P,-0.23,50.9,48.1,0.26811,False,False,False,53.6,Accumulation,"{'trend': 40.0, 'momentum': 58.3, 'flow': 17.0, 'volatility': 73, 'structure': 65.0, 'momentum_quality': 25.5, 'insider': 50.0}",2.0,-1.147124419582465,0.0001,Tactical Hold,매도 우위 (하방 경계 - 바닥 탐색 진행 중),True,하락,상단,데드크로스 진행,0.7,0.0,하락,107894979.15897737,5.5,0.534,0.73318,0.45443,3788124928.0,"[{'text': '매집 구간', 'cls': 'positive'}, {'text': '⚠️ 장기 매물대(저항선) 충돌 위험', 'cls': 'negative'}, {'text': '📊 VWAP 상회 주의', 'cls': 'neutral'}, {'text': 'Stoch 골든크로스', 'cls': 'positive'}, {'text': '📈 EPS 반등/턴어라운드', 'cls': 'positive'}, {'text': '🚀 매출 고성장', 'cls': 'positive'}]","{'mfc': 48, 'wyckoff': 100, 'stochastic': 58.39331068159366, 'obv': 25, 'bollinger': 0, 'momentum_quality': 25.5, 'regime_score': 50, 'rr_score': 94.9, 'base_tech': np.float64(48.7)}","{'base_tech_score': np.float64(48.7), 'insider_bonus': 0.0, 'deviation_penalty': 0.0, 'blowoff_penalty': 0.0, 'short_excessive_penalty': 0.0, 'weekly_penalty': 0.0, 'resistance_penalty': 15, 'rr_penalty': 0.0, 'cmf_confluence_val': 0.0, 'penny_penalty': 0.0, 'penny_non_acc_penalty': 0.0, 'scalping_bonus': 0.0, 'fund_penalty': -25.0, 'macd_reversal_bonus': 0.0, 'sector_rs_bonus': 0.0, 'confluence_bonus': 0.0, 'short_squeeze_bonus': 0.0, 'ai_momentum_bonus': 0.0}",N/A,,,,,-0.23,0.58,0.58,False,False
GFS,GlobalFoundries Inc.,$53.93,53.93000030517578,Technology,Semiconductors,7.09,50.6,55.6,0.00031,False,False,False,42.2,Accumulation,"{'trend': 48.0, 'momentum': 65.4, 'flow': 71.0, 'volatility': 23, 'structure': 65.0, 'momentum_quality': 39.7, 'insider': 50.0}",-1.5,4.960576476932144,0.15630001,Tactical Hold,"중립 대기 (방향성 탐색 중, 뚜렷한 주도력 부재)",True,상승,하단,혼합,-1.5,10.0,상승,561453.02024177,-0.272,0.058,0.2714,0.09742,758249984.0,"[{'text': '매집 구간', 'cls': 'positive'}, {'text': 'Stoch 골든크로스', 'cls': 'positive'}, {'text': 'OBV 상승', 'cls': 'positive'}, {'text': '⚠️ EPS 감소(-27%)', 'cls': 'negative'}, {'text': '🚨 공매도 비중 주의 (15.63%)', 'cls': 'negative'}]","{'mfc': 56, 'wyckoff': 100, 'stochastic': 60.47651816107803, 'obv': 75, 'bollinger': 100, 'momentum_quality': 39.7, 'regime_score': 50, 'rr_score': 100, 'base_tech': np.float64(67.7)}","{'base_tech_score': np.float64(67.7), 'insider_bonus': 0.0, 'deviation_penalty': 0.0, 'blowoff_penalty': 0.0, 'short_excessive_penalty': 0.0, 'weekly_penalty': 0.0, 'resistance_penalty': 0.0, 'rr_penalty': 0.0, 'cmf_confluence_val': 0.0, 'penny_penalty': 0.0, 'penny_non_acc_penalty': 0.0, 'scalping_bonus': 10.0, 'fund_penalty': 12.0, 'macd_reversal_bonus': 0.0, 'sector_rs_bonus': 0.0, 'confluence_bonus': 0.0, 'short_squeeze_bonus': 0.0, 'ai_momentum_bonus': 0.0}",N/A,,,,,7.09,1.24,1.24,False,False
FWRD,Forward Air Corporation,$19.35,19.350000381469727,Industrials,Integrated Freight & Logistics,8.71,50.6,68.6,0.01859,False,False,False,75.3,Markup,"{'trend': 65.0, 'momentum': 95.7, 'flow': 100, 'volatility': 3, 'structure': 80.0, 'momentum_quality': 98.2, 'insider': 50.0}",8.0,-24.70062256540137,0.1149,Core Holding,매수 우위 (안정적 상승 추세 안착),True,상승,상단 돌파,혼합,30.5,10.0,상승,-10908569.74797744,,0.088,0.2149,0.06343,86966248.0,"[{'text': '상승 추세', 'cls': 'positive'}, {'text': '⚠️ 이격도 과다', 'cls': 'negative'}, {'text': '🔥 Accumulation Confluence (CMF+ADL)', 'cls': 'positive'}, {'text': 'Stoch 골든크로스', 'cls': 'positive'}, {'text': 'OBV 상승', 'cls': 'positive'}, {'text': '🔴 적자기업(PER<0)', 'cls': 'negative'}, {'text': '🚨 공매도 비중 주의 (11.49%)', 'cls': 'negative'}, {'text': '🔥 숏커버 (-24.7%)', 'cls': 'positive'}]","{'mfc': 69, 'wyckoff': 80, 'stochastic': 71.28543596214989, 'obv': 75, 'bollinger': 0, 'momentum_quality': 98.2, 'regime_score': 50, 'rr_score': 78.8, 'base_tech': np.float64(70.7)}","{'base_tech_score': np.float64(70.7), 'insider_bonus': 0.0, 'deviation_penalty': 20, 'blowoff_penalty': 0.0, 'short_excessive_penalty': 0.0, 'weekly_penalty': 0.0, 'resistance_penalty': 0.0, 'rr_penalty': 0.0, 'cmf_confluence_val': 0.0, 'penny_penalty': 0.0, 'penny_non_acc_penalty': 0.0, 'scalping_bonus': 10.0, 'fund_penalty': 10.0, 'macd_reversal_bonus': 0.0, 'sector_rs_bonus': 0.0, 'confluence_bonus': 0.0, 'short_squeeze_bonus': 0.0, 'ai_momentum_bonus': 0.0}",N/A,,,,,8.71,0.99,0.99,False,False
INDV,"Indivior Pharmaceuticals, Inc.",$38.82,38.81999969482422,Healthcare,Drug Manufacturers - Specialty & Generic,0.39,50.4,42.1,0.02016,False,False,False,46.6,Markdown,"{'trend': 38.0, 'momentum': 56.7, 'flow': 9.0, 'volatility': 73, 'structure': 15.0, 'momentum_quality': 20.7, 'insider': 50.0}",0.0,-4.837906242803473,0.113299996,Tactical Hold,매도 우위 (비중 축소 - 지지선 단기 이탈 및 추세 악화),True,하락,하단,데드크로스 진행,-2.3,0.0,하락,-16144532.537347764,5.778,0.136,0.85725,0.46939,86500000.0,"[{'text': '하락 추세', 'cls': 'negative'}, {'text': 'Stoch 골든크로스', 'cls': 'positive'}, {'text': '📈 EPS 반등/턴어라운드', 'cls': 'positive'}, {'text': '🚨 공매도 비중 주의 (11.33%)', 'cls': 'negative'}]","{'mfc': 42, 'wyckoff': 10, 'stochastic': 82.21101913313895, 'obv': 25, 'bollinger': 100, 'momentum_quality': 20.7, 'regime_score': 50, 'rr_score': 84.6, 'base_tech': np.float64(40.5)}","{'base_tech_score': np.float64(40.5), 'insider_bonus': 0.0, 'deviation_penalty': 0.0, 'blowoff_penalty': 0.0, 'short_excessive_penalty': 0.0, 'weekly_penalty': 0.0, 'resistance_penalty': 0.0, 'rr_penalty': 0.0, 'cmf_confluence_val': 0.0, 'penny_penalty': 0.0, 'penny_non_acc_penalty': 0.0, 'scalping_bonus': 0.0, 'fund_penalty': -18.0, 'macd_reversal_bonus': 0.0, 'sector_rs_bonus': 0.0, 'confluence_bonus': 0.0, 'short_squeeze_bonus': 0.0, 'ai_momentum_bonus': 0.0}",N/A,,,,,0.39,0.85,0.85,False,False
MP,MP Materials Corp.,$51.11,51.11000061035156,Basic Materials,Other Industrial Metals & Mining,7.62,50.2,65.8,0.19620001,False,False,False,56.7,Markup,"{'trend': 68.0, 'momentum': 99.0, 'flow': 82.0, 'volatility': 3, 'structure': 80.0, 'momentum_quality': 100, 'insider': 50.0}",-1.5,-1.5757778668475844,0.1736,Tactical Overweight,매수 우위 (강력 매수 - 다중지표 강세 컨플루언스 확인),True,상승,상단,골든크로스 진행,12.6,10.0,상승,-19043405.12698757,,1.197,0.42326,-0.1472,-424018880.0,"[{'text': '상승 추세', 'cls': 'positive'}, {'text': '⚠️ 주봉 역배열(하락추세)', 'cls': 'negative'}, {'text': 'Stoch 골든크로스', 'cls': 'positive'}, {'text': 'OBV 상승', 'cls': 'positive'}, {'text': '🚀 매출 고성장', 'cls': 'positive'}, {'text': '🚨 공매도 비중 주의 (17.36%)', 'cls': 'negative'}]","{'mfc': 66, 'wyckoff': 80, 'stochastic': 58.10790333523684, 'obv': 75, 'bollinger': 0, 'momentum_quality': 100, 'regime_score': 50, 'rr_score': 100, 'base_tech': np.float64(68.4)}","{'base_tech_score': np.float64(68.4), 'insider_bonus': 0.0, 'deviation_penalty': 0.0, 'blowoff_penalty': 0.0, 'short_excessive_penalty': 0.0, 'weekly_penalty': 10, 'resistance_penalty': 0.0, 'rr_penalty': 0.0, 'cmf_confluence_val': 0.0, 'penny_penalty': 0.0, 'penny_non_acc_penalty': 0.0, 'scalping_bonus': 10.0, 'fund_penalty': 3.0, 'macd_reversal_bonus': 0.0, 'sector_rs_bonus': 0.0, 'confluence_bonus': 0.0, 'short_squeeze_bonus': 0.0, 'ai_momentum_bonus': 0.0}",N/A,,,,,7.62,1.89,1.89,False,False
PINS,"Pinterest, Inc.",$23.68,23.68000030517578,Communication Services,Internet Content & Information,1.5,50.1,72.9,0.01358,False,False,False,54.2,Markup,"{'trend': 100, 'momentum': 52.2, 'flow': 99.0, 'volatility': 53, 'structure': 80.0, 'momentum_quality': 68.2, 'insider': 50.0}",6.5,-21.47516979052582,0.1593,Tactical Overweight,매수 우위 (강력 매수 - 다중지표 강세 컨플루언스 확인),False,상승,상단,정배열,1.1,0.0,하락,187179787.9757483,,0.182,0.79473,-0.03464,1196440960.0,"[{'text': '상승 추세', 'cls': 'positive'}, {'text': '📊 VWAP 상회 주의', 'cls': 'neutral'}, {'text': 'OBV 상승', 'cls': 'positive'}, {'text': '🚨 공매도 비중 주의 (15.93%)', 'cls': 'negative'}, {'text': '🔥 숏커버 (-21.5%)', 'cls': 'positive'}]","{'mfc': 73, 'wyckoff': 80, 'stochastic': 13.021259109452131, 'obv': 75, 'bollinger': 0, 'momentum_quality': 68.2, 'regime_score': 50, 'rr_score': 86.3, 'base_tech': np.float64(60.7)}","{'base_tech_score': np.float64(60.7), 'insider_bonus': 0.0, 'deviation_penalty': 0.0, 'blowoff_penalty': 0.0, 'short_excessive_penalty': 0.0, 'weekly_penalty': 0.0, 'resistance_penalty': 0.0, 'rr_penalty': 0.0, 'cmf_confluence_val': 0.0, 'penny_penalty': 0.0, 'penny_non_acc_penalty': 0.0, 'scalping_bonus': 0.0, 'fund_penalty': 5.0, 'macd_reversal_bonus': 0.0, 'sector_rs_bonus': 0.0, 'confluence_bonus': 0.0, 'short_squeeze_bonus': 0.0, 'ai_momentum_bonus': 0.0}",N/A,,,,,1.5,0.56,0.56,False,False
GCTS,"GCT Semiconductor Holding, Inc.",$2.55,2.549999952316284,Technology,Semiconductors,7.59,50.0,65.0,0.12104,False,False,False,60.8,Markup,"{'trend': 60.0, 'momentum': 100, 'flow': 98.0, 'volatility': 3, 'structure': 80.0, 'momentum_quality': 98.2, 'insider': 50.0}",0.0,-0.6376385030125848,0.0956,Tactical Overweight,매수 우위 (강력 매수 - 다중지표 강세 컨플루언스 확인),True,상승,상단 돌파,골든크로스 진행,20.2,10.0,상승,6644130.497004634,,2.871,-0.22331,-3.19375,-16762625.0,"[{'text': '상승 추세', 'cls': 'positive'}, {'text': '📊 VWAP 상회 주의', 'cls': 'neutral'}, {'text': 'Stoch 골든크로스', 'cls': 'positive'}, {'text': 'OBV 상승', 'cls': 'positive'}, {'text': '🚀 매출 고성장', 'cls': 'positive'}, {'text': '🔴 영업손실(-319%)', 'cls': 'negative'}, {'text': '🔴 적자기업(PER<0)', 'cls': 'negative'}]","{'mfc': 65, 'wyckoff': 80, 'stochastic': 65.59217771226156, 'obv': 75, 'bollinger': 0, 'momentum_quality': 98.2, 'regime_score': 50, 'rr_score': 100, 'base_tech': np.float64(68.8)}","{'base_tech_score': np.float64(68.8), 'insider_bonus': 0.0, 'deviation_penalty': 0.0, 'blowoff_penalty': 0.0, 'short_excessive_penalty': 0.0, 'weekly_penalty': 0.0, 'resistance_penalty': 0.0, 'rr_penalty': 0.0, 'cmf_confluence_val': 0.0, 'penny_penalty': 0.0, 'penny_non_acc_penalty': 0.0, 'scalping_bonus': 10.0, 'fund_penalty': 15.0, 'macd_reversal_bonus': 0.0, 'sector_rs_bonus': 0.0, 'confluence_bonus': 0.0, 'short_squeeze_bonus': 0.0, 'ai_momentum_bonus': 0.0}",N/A,,,,,7.59,0.5,0.5,False,False
U,Unity Software Inc.,$43.00,43.0,Technology,Software - Application,5.37,49.9,76.2,0.03348,False,False,False,81.3,Markup,"{'trend': 100, 'momentum': 86.0, 'flow': 100, 'volatility': 13, 'structure': 80.0, 'momentum_quality': 100, 'insider': 50.0}",2.0,-9.334599699532745,0.078,Tactical Overweight,매수 우위 (강력 매수 - 다중지표 강세 컨플루언스 확인),True,상승,상단 돌파,정배열,33.0,10.0,상승,151617241.77137458,,0.239,0.76133,-0.05179,599621120.0,"[{'text': '상승 추세', 'cls': 'positive'}, {'text': '⚠️ 이격도 과다', 'cls': 'negative'}, {'text': '🔥 Accumulation Confluence (CMF+ADL)', 'cls': 'positive'}, {'text': 'Stoch 골든크로스', 'cls': 'positive'}, {'text': 'OBV 상승', 'cls': 'positive'}]","{'mfc': 76, 'wyckoff': 80, 'stochastic': 50.82119206840069, 'obv': 75, 'bollinger': 0, 'momentum_quality': 100, 'regime_score': 40, 'rr_score': 71.1, 'base_tech': np.float64(71.2)}","{'base_tech_score': np.float64(71.2), 'insider_bonus': 0.0, 'deviation_penalty': 20, 'blowoff_penalty': 0.0, 'short_excessive_penalty': 0.0, 'weekly_penalty': 0.0, 'resistance_penalty': 0.0, 'rr_penalty': 0.0, 'cmf_confluence_val': 0.0, 'penny_penalty': 0.0, 'penny_non_acc_penalty': 0.0, 'scalping_bonus': 10.0, 'fund_penalty': 5.0, 'macd_reversal_bonus': 0.0, 'sector_rs_bonus': 0.0, 'confluence_bonus': 0.0, 'short_squeeze_bonus': 0.0, 'ai_momentum_bonus': 0.0}",N/A,,,,,5.37,1.99,1.99,False,False
DRH,Diamondrock Hospitality Company,$12.53,12.529999732971191,Real Estate,REIT - Hotel & Motel,-0.87,49.9,55.2,0.01323,False,False,False,48.0,Accumulation,"{'trend': 100, 'momentum': 41.5, 'flow': 1.0, 'volatility': 78, 'structure': 75.0, 'momentum_quality': 19.1, 'insider': 50.0}",0.0,1.7690164237695007,0.090500005,Tactical Hold,매도 우위 (하방 경계 - 바닥 탐색 진행 중),False,하락,하단,정배열,-2.0,0.0,하락,-3013953.483118968,1.216,0.041,0.29453,0.23042999,76127872.0,"[{'text': '매집 구간', 'cls': 'positive'}, {'text': '📈 EPS 반등/턴어라운드', 'cls': 'positive'}]","{'mfc': 55, 'wyckoff': 100, 'stochastic': 0, 'obv': 25, 'bollinger': 100, 'momentum_quality': 19.1, 'regime_score': 50, 'rr_score': 100, 'base_tech': np.float64(51.2)}","{'base_tech_score': np.float64(51.2), 'insider_bonus': 0.0, 'deviation_penalty': 0.0, 'blowoff_penalty': 0.0, 'short_excessive_penalty': 0.0, 'weekly_penalty': 0.0, 'resistance_penalty': 0.0, 'rr_penalty': 0.0, 'cmf_confluence_val': -6, 'penny_penalty': 0.0, 'penny_non_acc_penalty': 0.0, 'scalping_bonus': 0.0, 'fund_penalty': -15.0, 'macd_reversal_bonus': 0.0, 'sector_rs_bonus': 0.0, 'confluence_bonus': 0.0, 'short_squeeze_bonus': 0.0, 'ai_momentum_bonus': 0.0}",N/A,,,,,-0.83,0.91,0.91,False,False
TILE,"Interface, Inc.",$38.29,38.290000915527344,Consumer Cyclical,"Furnishings, Fixtures & Appliances",9.09,49.6,71.6,0.02467,False,False,False,72.7,Markup,"{'trend': 100, 'momentum': 83.1, 'flow': 58.0, 'volatility': 53, 'structure': 55.0, 'momentum_quality': 92.2, 'insider': 50.0}",0.0,3.81672109274794,0.1078,Core Holding,매수 우위 (안정적 상승 추세 안착),False,상승,상단 돌파,정배열,13.2,10.0,하락,-1129163.823108287,0.579,0.054,0.40485,0.18933001,107240128.0,"[{'text': '상승 추세', 'cls': 'positive'}, {'text': '🚨 상단 클라이맥스', 'cls': 'negative'}, {'text': 'OBV 상승', 'cls': 'positive'}, {'text': '📈 EPS 반등/턴어라운드', 'cls': 'positive'}, {'text': '🚨 공매도 비중 주의 (10.78%)', 'cls': 'negative'}]","{'mfc': 72, 'wyckoff': 80, 'stochastic': 49.8373218879151, 'obv': 75, 'bollinger': 0, 'momentum_quality': 92.2, 'regime_score': 50, 'rr_score': 92.4, 'base_tech': np.float64(68.3)}","{'base_tech_score': np.float64(68.3), 'insider_bonus': 0.0, 'deviation_penalty': 0.0, 'blowoff_penalty': 30, 'short_excessive_penalty': 0.0, 'weekly_penalty': 0.0, 'resistance_penalty': 0.0, 'rr_penalty': 0.0, 'cmf_confluence_val': 0.0, 'penny_penalty': 0.0, 'penny_non_acc_penalty': 0.0, 'scalping_bonus': 10.0, 'fund_penalty': -15.0, 'macd_reversal_bonus': 0.0, 'sector_rs_bonus': 0.0, 'confluence_bonus': 0.0, 'short_squeeze_bonus': 0.0, 'ai_momentum_bonus': 0.0}",N/A,,,,,9.09,2.18,2.18,False,False
TCPC,BlackRock TCP Capital Corp.,$4.11,4.110000133514404,Financial Services,Asset Management,5.38,49.3,74.6,0.00368,False,False,False,77.9,Markup,"{'trend': 80.0, 'momentum': 89.9, 'flow': 100, 'volatility': 33, 'structure': 80.0, 'momentum_quality': 98.2, 'insider': 50.0}",2.0,-9.374891070323859,0.066599995,Core Holding,매수 우위 (안정적 상승 추세 안착),True,상승,상단 돌파,골든크로스 진행,23.0,10.0,상승,-16355612.319613503,,-0.238,1.0,0.81078005,68796672.0,"[{'text': '상승 추세', 'cls': 'positive'}, {'text': '⚠️ 주봉 역배열(하락추세)', 'cls': 'negative'}, {'text': '🔥 Accumulation Confluence (CMF+ADL)', 'cls': 'positive'}, {'text': 'Stoch 골든크로스', 'cls': 'positive'}, {'text': 'OBV 상승', 'cls': 'positive'}, {'text': '🚨 매출 강하락(-24%)', 'cls': 'negative'}]","{'mfc': 75, 'wyckoff': 80, 'stochastic': 51.09131701711064, 'obv': 75, 'bollinger': 0, 'momentum_quality': 98.2, 'regime_score': 50, 'rr_score': 56.3, 'base_tech': np.float64(70.4)}","{'base_tech_score': np.float64(70.4), 'insider_bonus': 0.0, 'deviation_penalty': 0.0, 'blowoff_penalty': 0.0, 'short_excessive_penalty': 0.0, 'weekly_penalty': 10, 'resistance_penalty': 0.0, 'rr_penalty': 0.0, 'cmf_confluence_val': 0.0, 'penny_penalty': 0.0, 'penny_non_acc_penalty': 0.0, 'scalping_bonus': 10.0, 'fund_penalty': 15.0, 'macd_reversal_bonus': 0.0, 'sector_rs_bonus': 0.0, 'confluence_bonus': 0.0, 'short_squeeze_bonus': 0.0, 'ai_momentum_bonus': 0.0}",N/A,,,,,5.38,2.22,2.22,False,False
AUR,"Aurora Innovation, Inc.",$7.06,7.059999942779541,Consumer Cyclical,Auto Parts,4.13,49.2,69.2,0.16856001,False,False,False,59.4,Markup,"{'trend': 85.0, 'momentum': 76.1, 'flow': 100, 'volatility': 23, 'structure': 80.0, 'momentum_quality': 83.2, 'insider': 50.0}",-3.5,5.353652130048255,0.1674,Tactical Overweight,매수 우위 (강력 매수 - 다중지표 강세 컨플루언스 확인),False,상승,상단,골든크로스 진행,11.4,10.0,상승,117735242.83407073,,1.0,0.0,-133.0,-414249984.0,"[{'text': '상승 추세', 'cls': 'positive'}, {'text': '🔥 Accumulation Confluence (CMF+ADL)', 'cls': 'positive'}, {'text': 'OBV 상승', 'cls': 'positive'}, {'text': '🚀 매출 고성장', 'cls': 'positive'}, {'text': '🔴 영업손실(-13300%)', 'cls': 'negative'}, {'text': '🔴 적자기업(PER<0)', 'cls': 'negative'}, {'text': '🚨 공매도 비중 주의 (16.74%)', 'cls': 'negative'}]","{'mfc': 69, 'wyckoff': 80, 'stochastic': 37.83259539528444, 'obv': 75, 'bollinger': 0, 'momentum_quality': 83.2, 'regime_score': 50, 'rr_score': 98.9, 'base_tech': np.float64(64.6)}","{'base_tech_score': np.float64(64.6), 'insider_bonus': 0.0, 'deviation_penalty': 0.0, 'blowoff_penalty': 0.0, 'short_excessive_penalty': 0.0, 'weekly_penalty': 0.0, 'resistance_penalty': 0.0, 'rr_penalty': 0.0, 'cmf_confluence_val': 0.0, 'penny_penalty': 0.0, 'penny_non_acc_penalty': 0.0, 'scalping_bonus': 10.0, 'fund_penalty': 15.0, 'macd_reversal_bonus': 0.0, 'sector_rs_bonus': 0.0, 'confluence_bonus': 0.0, 'short_squeeze_bonus': 0.0, 'ai_momentum_bonus': 0.0}",N/A,,,,,4.13,0.99,0.99,False,False
QCOM,QUALCOMM Incorporated,$167.86,167.86000061035156,Technology,Semiconductors,4.66,49.1,62.8,0.00121,False,False,False,47.6,Markup,"{'trend': 40.0, 'momentum': 77.4, 'flow': 89.0, 'volatility': 53, 'structure': 80.0, 'momentum_quality': 29.2, 'insider': 50.0}",5.0,-18.984694587337312,0.0383,Core Holding,매수 우위 (안정적 상승 추세 안착),True,상승,상단,혼합,0.9,10.0,상승,-89303117.12588128,-0.249,-0.04,0.54226,0.18528,10241000448.0,"[{'text': '상승 추세', 'cls': 'positive'}, {'text': '📊 VWAP 상회 주의', 'cls': 'neutral'}, {'text': 'Stoch 골든크로스', 'cls': 'positive'}, {'text': 'OBV 상승', 'cls': 'positive'}, {'text': '⚠️ EPS 감소(-25%)', 'cls': 'negative'}, {'text': '🔥 숏커버 (-19.0%)', 'cls': 'positive'}]","{'mfc': 63, 'wyckoff': 80, 'stochastic': 65.2814986777476, 'obv': 75, 'bollinger': 0, 'momentum_quality': 29.2, 'regime_score': 50, 'rr_score': 100, 'base_tech': np.float64(57.6)}","{'base_tech_score': np.float64(57.6), 'insider_bonus': 0.0, 'deviation_penalty': 0.0, 'blowoff_penalty': 0.0, 'short_excessive_penalty': 0.0, 'weekly_penalty': 0.0, 'resistance_penalty': 0.0, 'rr_penalty': 0.0, 'cmf_confluence_val': 0.0, 'penny_penalty': 0.0, 'penny_non_acc_penalty': 0.0, 'scalping_bonus': 10.0, 'fund_penalty': 12.0, 'macd_reversal_bonus': 0.0, 'sector_rs_bonus': 0.0, 'confluence_bonus': 0.0, 'short_squeeze_bonus': 0.0, 'ai_momentum_bonus': 0.0}",N/A,,,,,4.66,0.49,0.49,False,False
FISV,"Fiserv, Inc.",$52.41,52.40999984741211,,,-3.14,49.1,71.0,0.0,False,False,False,49.1,Accumulation,"{'trend': 68.0, 'momentum': 66.3, 'flow': 95.0, 'volatility': 73, 'structure': 75.0, 'momentum_quality': 75.6, 'insider': 50.0}",2.0,,0.0,Tactical Hold,"중립 대기 (방향성 탐색 중, 뚜렷한 주도력 부재)",False,상승,상단,골든크로스 진행,0.0,5.0,상승,-17392070.059647623,,,,,,"[{'text': '매집 구간', 'cls': 'positive'}, {'text': '⚠️ 주봉 역배열(하락추세)', 'cls': 'negative'}, {'text': 'OBV 상승', 'cls': 'positive'}]","{'mfc': 71, 'wyckoff': 100, 'stochastic': 16.081164474220486, 'obv': 75, 'bollinger': 0, 'momentum_quality': 75.6, 'regime_score': 50, 'rr_score': 87.0, 'base_tech': np.float64(65.1)}","{'base_tech_score': np.float64(65.1), 'insider_bonus': 0.0, 'deviation_penalty': 0.0, 'blowoff_penalty': 0.0, 'short_excessive_penalty': 0.0, 'weekly_penalty': 10, 'resistance_penalty': 0.0, 'rr_penalty': 0.0, 'cmf_confluence_val': 0.0, 'penny_penalty': 0.0, 'penny_non_acc_penalty': 0.0, 'scalping_bonus': 5.0, 'fund_penalty': 0.0, 'macd_reversal_bonus': 0.0, 'sector_rs_bonus': 0.0, 'confluence_bonus': 0.0, 'short_squeeze_bonus': 0.0, 'ai_momentum_bonus': 0.0}",N/A,,,,,-3.14,1.16,1.16,False,False
DOCS,"Doximity, Inc.",$27.40,27.399999618530273,Healthcare,Health Information Services,32.62,49.0,53.9,0.028099999,False,False,False,74.1,Accumulation,"{'trend': 65.0, 'momentum': 49.7, 'flow': 25.0, 'volatility': 43, 'structure': 65.0, 'momentum_quality': 78.0, 'insider': 50.0}",-6.5,10.50429273416515,0.1611,Tactical Hold,"중립 대기 (방향성 탐색 중, 뚜렷한 주도력 부재)",False,상승,상단 돌파,혼합,26.3,-2.0,하락,-48629903.44913401,-0.544,0.073,0.88068,0.21539,239703872.0,"[{'text': '매집 구간', 'cls': 'positive'}, {'text': '⚠️ 이격도 과다', 'cls': 'negative'}, {'text': '🚨 상단 클라이맥스', 'cls': 'negative'}, {'text': '🚨 강력한 하방 압력(공매도 급증 +10.5%)', 'cls': 'negative'}, {'text': '🔄 MACD 반전', 'cls': 'positive'}, {'text': 'OBV 상승', 'cls': 'positive'}, {'text': '🚨 EPS 급락(-54%)', 'cls': 'negative'}, {'text': '🚨 공매도 비중 주의 (16.11%)', 'cls': 'negative'}, {'text': '📉 AI 예상: +0.0%', 'cls': 'negative'}]","{'mfc': 54, 'wyckoff': 100, 'stochastic': 23.510145527442834, 'obv': 75, 'bollinger': 0, 'momentum_quality': 78.0, 'regime_score': 50, 'rr_score': 100, 'base_tech': np.float64(60.4)}","{'base_tech_score': np.float64(60.4), 'insider_bonus': 0.0, 'deviation_penalty': 20, 'blowoff_penalty': 30, 'short_excessive_penalty': 25, 'weekly_penalty': 0.0, 'resistance_penalty': 0.0, 'rr_penalty': 0.0, 'cmf_confluence_val': -6, 'penny_penalty': 0.0, 'penny_non_acc_penalty': 0.0, 'scalping_bonus': -2.0, 'fund_penalty': 20.0, 'macd_reversal_bonus': 5.0, 'sector_rs_bonus': 0.0, 'confluence_bonus': 0.0, 'short_squeeze_bonus': 0.0, 'ai_momentum_bonus': 0.0}",+0.00%,49.0,HOLD,+0.00%,0.5,32.62,11.68,11.68,False,False
FROG,JFrog Ltd.,$89.52,89.5199966430664,Technology,Software - Application,7.8,49.0,76.2,0.10832,False,False,False,57.4,Markup,"{'trend': 100, 'momentum': 91.4, 'flow': 86.0, 'volatility': 43, 'structure': 80.0, 'momentum_quality': 98.2, 'insider': 50.0}",-8.0,159.77468473377849,0.1022,Tactical Overweight,매수 우위 (강력 매수 - 다중지표 강세 컨플루언스 확인),True,상승,상단,정배열,6.4,10.0,상승,52659855.272480264,,0.287,0.77862,-0.07117,202769120.0,"[{'text': '상승 추세', 'cls': 'positive'}, {'text': '🚨 강력한 하방 압력(공매도 급증 +159.8%)', 'cls': 'negative'}, {'text': '🔄 MACD 반전', 'cls': 'positive'}, {'text': '🎯 시그널 컨플루언스 (3)', 'cls': 'positive'}, {'text': 'Stoch 골든크로스', 'cls': 'positive'}, {'text': 'OBV 상승', 'cls': 'positive'}, {'text': '🚀 매출 고성장', 'cls': 'positive'}, {'text': '🚨 공매도 비중 주의 (10.22%)', 'cls': 'negative'}]","{'mfc': 76, 'wyckoff': 80, 'stochastic': 54.1205255671575, 'obv': 75, 'bollinger': 0, 'momentum_quality': 98.2, 'regime_score': 50, 'rr_score': 74.5, 'base_tech': np.float64(71.3)}","{'base_tech_score': np.float64(71.3), 'insider_bonus': 0.0, 'deviation_penalty': 0.0, 'blowoff_penalty': 0.0, 'short_excessive_penalty': 25, 'weekly_penalty': 0.0, 'resistance_penalty': 0.0, 'rr_penalty': 0.0, 'cmf_confluence_val': 0.0, 'penny_penalty': 0.0, 'penny_non_acc_penalty': 0.0, 'scalping_bonus': 10.0, 'fund_penalty': -2.0, 'macd_reversal_bonus': 5.0, 'sector_rs_bonus': 0.0, 'confluence_bonus': 8.0, 'short_squeeze_bonus': 0.0, 'ai_momentum_bonus': 0.0}",N/A,,,,,7.8,1.54,1.54,False,False
HL,Hecla Mining Company,$16.85,16.850000381469727,Basic Materials,Other Precious Metals & Mining,6.24,48.9,69.7,0.00558,False,False,False,59.4,Markup,"{'trend': 68.0, 'momentum': 100, 'flow': 85.0, 'volatility': 33, 'structure': 80.0, 'momentum_quality': 77.7, 'insider': 50.0}",-6.0,24.145006839945278,0.0,Tactical Overweight,매수 우위 (강력 매수 - 다중지표 강세 컨플루언스 확인),True,상승,상단 돌파,골든크로스 진행,11.3,10.0,상승,144755182.87994352,1.043,0.524,0.61395,0.4427,342344736.0,"[{'text': '상승 추세', 'cls': 'positive'}, {'text': '🚨 강력한 하방 압력(공매도 급증 +24.1%)', 'cls': 'negative'}, {'text': '⚠️ 주봉 역배열(하락추세)', 'cls': 'negative'}, {'text': 'Stoch 골든크로스', 'cls': 'positive'}, {'text': 'OBV 상승', 'cls': 'positive'}, {'text': '📈 EPS 반등/턴어라운드', 'cls': 'positive'}, {'text': '🚀 매출 고성장', 'cls': 'positive'}]","{'mfc': 70, 'wyckoff': 80, 'stochastic': 75.9849709594229, 'obv': 75, 'bollinger': 0, 'momentum_quality': 77.7, 'regime_score': 50, 'rr_score': 100, 'base_tech': np.float64(68.6)}","{'base_tech_score': np.float64(68.6), 'insider_bonus': 0.0, 'deviation_penalty': 0.0, 'blowoff_penalty': 0.0, 'short_excessive_penalty': 25, 'weekly_penalty': 10, 'resistance_penalty': 0.0, 'rr_penalty': 0.0, 'cmf_confluence_val': 0.0, 'penny_penalty': 0.0, 'penny_non_acc_penalty': 0.0, 'scalping_bonus': 10.0, 'fund_penalty': -25.0, 'macd_reversal_bonus': 0.0, 'sector_rs_bonus': 0.0, 'confluence_bonus': 0.0, 'short_squeeze_bonus': 0.0, 'ai_momentum_bonus': 0.0}",N/A,,,,,6.24,1.2,1.2,False,False
PRM,"Perimeter Solutions, SA",$35.26,35.2599983215332,Basic Materials,Specialty Chemicals,-5.6,48.9,67.8,0.09042,False,False,False,52.8,Markup,"{'trend': 100, 'momentum': 96.7, 'flow': 37.0, 'volatility': 43, 'structure': 80.0, 'momentum_quality': 67.6, 'insider': 50.0}",0.0,-2.281270223152529,0.0383,Tactical Overweight,매수 우위 (강력 매수 - 다중지표 강세 컨플루언스 확인),True,하락,상단,정배열,3.4,5.0,상승,11851770.236094369,,0.315,0.54705,-0.94953,59908876.0,"[{'text': '상승 추세', 'cls': 'positive'}, {'text': 'Stoch 골든크로스', 'cls': 'positive'}, {'text': '🚀 매출 고성장', 'cls': 'positive'}, {'text': '🔴 영업손실(-95%)', 'cls': 'negative'}]","{'mfc': 68, 'wyckoff': 80, 'stochastic': 82.08395527623213, 'obv': 25, 'bollinger': 0, 'momentum_quality': 67.6, 'regime_score': 50, 'rr_score': 54.5, 'base_tech': np.float64(61.1)}","{'base_tech_score': np.float64(61.1), 'insider_bonus': 0.0, 'deviation_penalty': 0.0, 'blowoff_penalty': 0.0, 'short_excessive_penalty': 0.0, 'weekly_penalty': 0.0, 'resistance_penalty': 0.0, 'rr_penalty': 0.0, 'cmf_confluence_val': 0.0, 'penny_penalty': 0.0, 'penny_non_acc_penalty': 0.0, 'scalping_bonus': 5.0, 'fund_penalty': 5.0, 'macd_reversal_bonus': 0.0, 'sector_rs_bonus': 0.0, 'confluence_bonus': 0.0, 'short_squeeze_bonus': 0.0, 'ai_momentum_bonus': 0.0}",N/A,,,,,-5.6,0.71,0.71,False,False
ALHC,"Alignment Healthcare, Inc.",$14.37,14.369999885559082,Healthcare,Healthcare Plans,7.4,48.3,27.3,0.02735,False,False,False,31.9,Markdown,"{'trend': 5, 'momentum': 35.0, 'flow': 15.0, 'volatility': 18, 'structure': 30.0, 'momentum_quality': 3.5, 'insider': 50.0}",0.0,-2.383917472008216,0.123100005,Avoid / Sell-off,매도 우위 (전면 회피 - 다중지표 약세 컨플루언스 확인),True,하락,하단,역배열,-21.1,10.0,하락,-12158811.38078849,1.334,0.316,0.12549,0.031519998,188581872.0,"[{'text': '하락 추세', 'cls': 'negative'}, {'text': '⚠️ 주봉 역배열(하락추세)', 'cls': 'negative'}, {'text': 'Stoch 골든크로스', 'cls': 'positive'}, {'text': 'RSI 상승 다이버전스', 'cls': 'positive'}, {'text': '📈 EPS 반등/턴어라운드', 'cls': 'positive'}, {'text': '🚀 매출 고성장', 'cls': 'positive'}, {'text': '🚨 공매도 비중 주의 (12.31%)', 'cls': 'negative'}]","{'mfc': 27, 'wyckoff': 10, 'stochastic': 51.66794508460784, 'obv': 25, 'bollinger': 100, 'momentum_quality': 3.5, 'regime_score': 50, 'rr_score': 100, 'base_tech': np.float64(29.1)}","{'base_tech_score': np.float64(29.1), 'insider_bonus': 0.0, 'deviation_penalty': 0.0, 'blowoff_penalty': 0.0, 'short_excessive_penalty': 0.0, 'weekly_penalty': 10, 'resistance_penalty': 0.0, 'rr_penalty': 0.0, 'cmf_confluence_val': 0.0, 'penny_penalty': 0.0, 'penny_non_acc_penalty': 0.0, 'scalping_bonus': 10.0, 'fund_penalty': -25.0, 'macd_reversal_bonus': 0.0, 'sector_rs_bonus': 0.0, 'confluence_bonus': 0.0, 'short_squeeze_bonus': 0.0, 'ai_momentum_bonus': 0.0}",N/A,,,,,7.4,0.89,0.89,False,False
CVS,CVS Health Corporation,$95.70,95.69999694824219,Healthcare,Healthcare Plans,-0.54,48.3,43.2,0.00062,False,False,False,32.1,Markdown,"{'trend': 33.0, 'momentum': 29.5, 'flow': 63.0, 'volatility': 68, 'structure': 15.0, 'momentum_quality': 0, 'insider': 50.0}",7.0,-15.819809595124704,0.0154,Avoid / Sell-off,매도 우위 (전면 회피 - 다중지표 약세 컨플루언스 확인),False,하락,하단 이탈,데드크로스 진행,-8.9,0.0,상승,91879584.52174777,1.918,0.071,0.13645001,0.03861,8076000256.0,"[{'text': '하락 추세', 'cls': 'negative'}, {'text': '📈 EPS 반등/턴어라운드', 'cls': 'positive'}, {'text': '🔥 숏커버 (-15.8%)', 'cls': 'positive'}]","{'mfc': 43, 'wyckoff': 10, 'stochastic': 41.17489479208409, 'obv': 25, 'bollinger': 100, 'momentum_quality': 0, 'regime_score': 50, 'rr_score': 100, 'base_tech': np.float64(32.9)}","{'base_tech_score': np.float64(32.9), 'insider_bonus': 0.0, 'deviation_penalty': 0.0, 'blowoff_penalty': 0.0, 'short_excessive_penalty': 0.0, 'weekly_penalty': 0.0, 'resistance_penalty': 0.0, 'rr_penalty': 0.0, 'cmf_confluence_val': 0.0, 'penny_penalty': 0.0, 'penny_non_acc_penalty': 0.0, 'scalping_bonus': 0.0, 'fund_penalty': -15.0, 'macd_reversal_bonus': 0.0, 'sector_rs_bonus': 0.0, 'confluence_bonus': 0.0, 'short_squeeze_bonus': 0.0, 'ai_momentum_bonus': 0.0}",N/A,,,,,-0.54,1.44,1.44,False,False
DOCU,"DocuSign, Inc.",$60.26,60.2599983215332,Technology,Software - Application,5.91,47.7,80.1,0.00542,False,False,False,68.4,Markup,"{'trend': 100, 'momentum': 92.9, 'flow': 100, 'volatility': 33, 'structure': 80.0, 'momentum_quality': 98.2, 'insider': 50.0}",-2.0,9.931928222231365,0.1159,Tactical Overweight,매수 우위 (강력 매수 - 다중지표 강세 컨플루언스 확인),True,상승,상단,정배열,12.8,10.0,상승,32466530.61831172,0.085,0.087,0.79541,0.13407,1250368768.0,"[{'text': '상승 추세', 'cls': 'positive'}, {'text': '🚨 강력한 하방 압력(공매도 급증 +9.9%)', 'cls': 'negative'}, {'text': '🔥 Accumulation Confluence (CMF+ADL)', 'cls': 'positive'}, {'text': 'Stoch 골든크로스', 'cls': 'positive'}, {'text': 'OBV 상승', 'cls': 'positive'}, {'text': '🚨 공매도 비중 주의 (11.59%)', 'cls': 'negative'}]","{'mfc': 80, 'wyckoff': 80, 'stochastic': 60.44477844278788, 'obv': 75, 'bollinger': 0, 'momentum_quality': 98.2, 'regime_score': 50, 'rr_score': 54.3, 'base_tech': np.float64(73.4)}","{'base_tech_score': np.float64(73.4), 'insider_bonus': 0.0, 'deviation_penalty': 0.0, 'blowoff_penalty': 0.0, 'short_excessive_penalty': 25, 'weekly_penalty': 0.0, 'resistance_penalty': 0.0, 'rr_penalty': 0.0, 'cmf_confluence_val': 0.0, 'penny_penalty': 0.0, 'penny_non_acc_penalty': 0.0, 'scalping_bonus': 10.0, 'fund_penalty': 0.0, 'macd_reversal_bonus': 0.0, 'sector_rs_bonus': 0.0, 'confluence_bonus': 0.0, 'short_squeeze_bonus': 0.0, 'ai_momentum_bonus': 0.0}",N/A,,,,,5.91,0.9,0.9,False,False
QXO,"QXO, Inc.",$16.16,16.15999984741211,Industrials,Industrial Distribution,6.46,47.3,72.1,0.0022200001,False,False,False,58.2,Markup,"{'trend': 68.0, 'momentum': 100, 'flow': 93.0, 'volatility': 33, 'structure': 80.0, 'momentum_quality': 100, 'insider': 50.0}",8.0,-20.414899925957506,0.115200005,Tactical Overweight,매수 우위 (강력 매수 - 다중지표 강세 컨플루언스 확인),True,상승,상단 돌파,골든크로스 진행,12.4,10.0,상승,-147925682.83084676,,127.163,0.24633,-0.117910005,-1228572544.0,"[{'text': '상승 추세', 'cls': 'positive'}, {'text': '⚠️ 주봉 역배열(하락추세)', 'cls': 'negative'}, {'text': '⚠️ 장기 매물대(저항선) 충돌 위험', 'cls': 'negative'}, {'text': '📊 VWAP 상회 주의', 'cls': 'neutral'}, {'text': 'Stoch 골든크로스', 'cls': 'positive'}, {'text': 'OBV 상승', 'cls': 'positive'}, {'text': '🚀 매출 고성장', 'cls': 'positive'}, {'text': '🚨 공매도 비중 주의 (11.52%)', 'cls': 'negative'}, {'text': '🔥 숏커버 (-20.4%)', 'cls': 'positive'}]","{'mfc': 72, 'wyckoff': 80, 'stochastic': 66.11410672799266, 'obv': 75, 'bollinger': 0, 'momentum_quality': 100, 'regime_score': 50, 'rr_score': 85.6, 'base_tech': np.float64(71.6)}","{'base_tech_score': np.float64(71.6), 'insider_bonus': 0.0, 'deviation_penalty': 0.0, 'blowoff_penalty': 0.0, 'short_excessive_penalty': 0.0, 'weekly_penalty': 10, 'resistance_penalty': 15, 'rr_penalty': 0.0, 'cmf_confluence_val': 0.0, 'penny_penalty': 0.0, 'penny_non_acc_penalty': 0.0, 'scalping_bonus': 10.0, 'fund_penalty': 3.0, 'macd_reversal_bonus': 0.0, 'sector_rs_bonus': 0.0, 'confluence_bonus': 0.0, 'short_squeeze_bonus': 0.0, 'ai_momentum_bonus': 0.0}",N/A,,,,,6.46,0.66,0.66,False,False
NEM,Newmont Corporation,$112.98,112.9800033569336,Basic Materials,Gold,7.16,47.1,75.5,0.00302,False,False,False,72.3,Markup,"{'trend': 80.0, 'momentum': 96.1, 'flow': 99.0, 'volatility': 33, 'structure': 80.0, 'momentum_quality': 98.2, 'insider': 50.0}",2.0,1.0914158405047498,0.0216,Core Holding,매수 우위 (안정적 상승 추세 안착),True,상승,상단 돌파,골든크로스 진행,18.3,10.0,상승,37863089.93912494,0.068,0.151,0.68041,0.51569,8815875072.0,"[{'text': '상승 추세', 'cls': 'positive'}, {'text': '⚠️ 주봉 역배열(하락추세)', 'cls': 'negative'}, {'text': '⚠️ 장기 매물대(저항선) 충돌 위험', 'cls': 'negative'}, {'text': 'Stoch 골든크로스', 'cls': 'positive'}, {'text': 'OBV 상승', 'cls': 'positive'}]","{'mfc': 76, 'wyckoff': 80, 'stochastic': 56.499924349139015, 'obv': 75, 'bollinger': 0, 'momentum_quality': 98.2, 'regime_score': 50, 'rr_score': 83.1, 'base_tech': np.float64(71.3)}","{'base_tech_score': np.float64(71.3), 'insider_bonus': 0.0, 'deviation_penalty': 0.0, 'blowoff_penalty': 0.0, 'short_excessive_penalty': 0.0, 'weekly_penalty': 10, 'resistance_penalty': 15, 'rr_penalty': 0.0, 'cmf_confluence_val': 0.0, 'penny_penalty': 0.0, 'penny_non_acc_penalty': 0.0, 'scalping_bonus': 10.0, 'fund_penalty': -3.0, 'macd_reversal_bonus': 0.0, 'sector_rs_bonus': 0.0, 'confluence_bonus': 0.0, 'short_squeeze_bonus': 0.0, 'ai_momentum_bonus': 0.0}",N/A,,,,,7.16,1.15,1.15,False,False
RIVN,"Rivian Automotive, Inc.",$16.00,16.0,Consumer Cyclical,Auto Manufacturers,4.03,47.0,49.3,0.34550998,False,False,False,47.6,Accumulation,"{'trend': 38.0, 'momentum': 54.9, 'flow': 69.0, 'volatility': 43, 'structure': 65.0, 'momentum_quality': 24.0, 'insider': 50.0}",2.0,-6.486379035528654,0.123900004,Aggressive Buy,매수 우위 (분할 매수 - 바닥 확인 후 모멘텀 턴어라운드),True,상승,하단,데드크로스 진행,-3.4,10.0,상승,-195761309.83031613,,0.272,0.07513,-0.50422,-1539374976.0,"[{'text': '매집 구간', 'cls': 'positive'}, {'text': 'Stoch 골든크로스', 'cls': 'positive'}, {'text': 'OBV 상승', 'cls': 'positive'}, {'text': '🚀 매출 고성장', 'cls': 'positive'}, {'text': '🔴 영업손실(-50%)', 'cls': 'negative'}, {'text': '🔴 적자기업(PER<0)', 'cls': 'negative'}, {'text': '🚨 공매도 비중 주의 (12.39%)', 'cls': 'negative'}]","{'mfc': 49, 'wyckoff': 100, 'stochastic': 55.68726722683978, 'obv': 75, 'bollinger': 100, 'momentum_quality': 24.0, 'regime_score': 50, 'rr_score': 100, 'base_tech': np.float64(62.5)}","{'base_tech_score': np.float64(62.5), 'insider_bonus': 0.0, 'deviation_penalty': 0.0, 'blowoff_penalty': 0.0, 'short_excessive_penalty': 0.0, 'weekly_penalty': 0.0, 'resistance_penalty': 0.0, 'rr_penalty': 0.0, 'cmf_confluence_val': 0.0, 'penny_penalty': 0.0, 'penny_non_acc_penalty': 0.0, 'scalping_bonus': 10.0, 'fund_penalty': 15.0, 'macd_reversal_bonus': 0.0, 'sector_rs_bonus': 0.0, 'confluence_bonus': 0.0, 'short_squeeze_bonus': 0.0, 'ai_momentum_bonus': 0.0}",N/A,,,,,4.03,0.52,0.52,False,False
MFG,"Mizuho Financial Group, Inc. Sp",$10.71,10.710000038146973,Financial Services,Banks - Regional,0.19,46.7,68.9,5e-05,False,False,False,59.2,Markup,"{'trend': 100, 'momentum': 83.1, 'flow': 33.0, 'volatility': 63, 'structure': 80.0, 'momentum_quality': 72.6, 'insider': 45.0}",-6.0,62.44541708182697,0.0011,Tactical Overweight,매수 우위 (강력 매수 - 다중지표 강세 컨플루언스 확인),True,상승,상단,정배열,3.1,6.0,하락,-10923494.319381062,0.456,0.35,0.0,0.46686,,"[{'text': '상승 추세', 'cls': 'positive'}, {'text': '🚨 강력한 하방 압력(공매도 급증 +62.4%)', 'cls': 'negative'}, {'text': '📊 VWAP 상회 주의', 'cls': 'neutral'}, {'text': 'Stoch 골든크로스', 'cls': 'positive'}, {'text': 'OBV 상승', 'cls': 'positive'}, {'text': '📈 EPS 반등/턴어라운드', 'cls': 'positive'}, {'text': '🚀 매출 고성장', 'cls': 'positive'}]","{'mfc': 69, 'wyckoff': 80, 'stochastic': 72.93322852795501, 'obv': 75, 'bollinger': 0, 'momentum_quality': 72.6, 'regime_score': 50, 'rr_score': 74.8, 'base_tech': np.float64(67.2)}","{'base_tech_score': np.float64(67.2), 'insider_bonus': 0.0, 'deviation_penalty': 0.0, 'blowoff_penalty': 0.0, 'short_excessive_penalty': 25, 'weekly_penalty': 0.0, 'resistance_penalty': 0.0, 'rr_penalty': 0.0, 'cmf_confluence_val': -6, 'penny_penalty': 0.0, 'penny_non_acc_penalty': 0.0, 'scalping_bonus': 6.0, 'fund_penalty': -25.0, 'macd_reversal_bonus': 0.0, 'sector_rs_bonus': 0.0, 'confluence_bonus': 0.0, 'short_squeeze_bonus': 0.0, 'ai_momentum_bonus': 0.0}",N/A,,,,,0.19,0.67,0.67,True,False
TRV,"The Travelers Companies, Inc.",$384.31,384.30999755859375,Financial Services,Insurance - Property & Casualty,-0.44,46.7,75.0,0.00285,False,False,False,66.0,Markup,"{'trend': 100, 'momentum': 62.7, 'flow': 100, 'volatility': 63, 'structure': 65.0, 'momentum_quality': 72.5, 'insider': 50.0}",-2.0,9.453105162575007,0.0353,Tactical Overweight,매수 우위 (강력 매수 - 다중지표 강세 컨플루언스 확인),False,상승,상단,정배열,3.6,0.0,상승,12224148.39615342,0.463,0.003,0.34730998,0.23698,14775124992.0,"[{'text': '상승 추세', 'cls': 'positive'}, {'text': '🚨 강력한 하방 압력(공매도 급증 +9.5%)', 'cls': 'negative'}, {'text': '📊 VWAP 상회 주의', 'cls': 'neutral'}, {'text': '🔥 Accumulation Confluence (CMF+ADL)', 'cls': 'positive'}, {'text': 'OBV 상승', 'cls': 'positive'}, {'text': '📈 EPS 반등/턴어라운드', 'cls': 'positive'}]","{'mfc': 75, 'wyckoff': 80, 'stochastic': 44.923468785522225, 'obv': 75, 'bollinger': 0, 'momentum_quality': 72.5, 'regime_score': 50, 'rr_score': 100, 'base_tech': np.float64(65.9)}","{'base_tech_score': np.float64(65.9), 'insider_bonus': 0.0, 'deviation_penalty': 0.0, 'blowoff_penalty': 0.0, 'short_excessive_penalty': 25, 'weekly_penalty': 0.0, 'resistance_penalty': 0.0, 'rr_penalty': 0.0, 'cmf_confluence_val': 0.0, 'penny_penalty': 0.0, 'penny_non_acc_penalty': 0.0, 'scalping_bonus': 0.0, 'fund_penalty': -15.0, 'macd_reversal_bonus': 0.0, 'sector_rs_bonus': 0.0, 'confluence_bonus': 0.0, 'short_squeeze_bonus': 0.0, 'ai_momentum_bonus': 0.0}",N/A,,,,,-0.44,0.44,0.44,False,False
PGNY,"Progyny, Inc.",$28.10,28.100000381469727,Healthcare,Healthcare Plans,-6.98,46.6,47.1,0.01978,False,False,False,34.9,Markdown,"{'trend': 45.0, 'momentum': 31.1, 'flow': 51.0, 'volatility': 73, 'structure': 40.0, 'momentum_quality': 0, 'insider': 50.0}",0.0,-3.6602575428480213,0.0828,Avoid / Sell-off,매도 우위 (전면 회피 - 다중지표 약세 컨플루언스 확인),False,하락,하단 이탈,데드크로스 진행,-10.3,5.0,하락,16040246.305650841,0.639,0.053,0.24573,0.11413,200944368.0,"[{'text': '하락 추세', 'cls': 'negative'}, {'text': '📊 VWAP 하회 매수↗', 'cls': 'positive'}, {'text': '거래량 폭발', 'cls': 'neutral'}, {'text': '📈 EPS 반등/턴어라운드', 'cls': 'positive'}]","{'mfc': 47, 'wyckoff': 10, 'stochastic': 33.11525765016904, 'obv': 25, 'bollinger': 100, 'momentum_quality': 0, 'regime_score': 50, 'rr_score': 100, 'base_tech': np.float64(33.3)}","{'base_tech_score': np.float64(33.3), 'insider_bonus': 0.0, 'deviation_penalty': 0.0, 'blowoff_penalty': 0.0, 'short_excessive_penalty': 0.0, 'weekly_penalty': 0.0, 'resistance_penalty': 0.0, 'rr_penalty': 0.0, 'cmf_confluence_val': 0.0, 'penny_penalty': 0.0, 'penny_non_acc_penalty': 0.0, 'scalping_bonus': 5.0, 'fund_penalty': -15.0, 'macd_reversal_bonus': 0.0, 'sector_rs_bonus': 0.0, 'confluence_bonus': 0.0, 'short_squeeze_bonus': 0.0, 'ai_momentum_bonus': 0.0}",N/A,,,,,-6.98,2.32,2.32,False,False
NTR,Nutrien Ltd.,$64.42,64.41999816894531,Basic Materials,Agricultural Inputs,-3.51,46.4,45.2,0.00031,False,False,False,40.6,Distribution,"{'trend': 28.0, 'momentum': 40.6, 'flow': 63.0, 'volatility': 68, 'structure': 20.0, 'momentum_quality': 26.4, 'insider': 50.0}",2.0,4.841163304222044,0.0116,Underweight,매도 우위 (투매 경고 - 강한 하방 압력),False,하락,하단 이탈,데드크로스 진행,-5.0,5.0,상승,3924871.382976485,-0.006,0.04,0.32062,0.17457001,1602249984.0,"[{'text': '분산 경고', 'cls': 'negative'}, {'text': '🔥 Accumulation Confluence (CMF+ADL)', 'cls': 'positive'}]","{'mfc': 45, 'wyckoff': 30, 'stochastic': 46.224239197885325, 'obv': 25, 'bollinger': 100, 'momentum_quality': 26.4, 'regime_score': 50, 'rr_score': 100, 'base_tech': np.float64(41.7)}","{'base_tech_score': np.float64(41.7), 'insider_bonus': 0.0, 'deviation_penalty': 0.0, 'blowoff_penalty': 0.0, 'short_excessive_penalty': 0.0, 'weekly_penalty': 0.0, 'resistance_penalty': 0.0, 'rr_penalty': 0.0, 'cmf_confluence_val': 0.0, 'penny_penalty': 0.0, 'penny_non_acc_penalty': 0.0, 'scalping_bonus': 5.0, 'fund_penalty': 0.0, 'macd_reversal_bonus': 0.0, 'sector_rs_bonus': 0.0, 'confluence_bonus': 0.0, 'short_squeeze_bonus': 0.0, 'ai_momentum_bonus': 0.0}",N/A,,,,,-3.51,0.88,0.88,False,False
DBX,"Dropbox, Inc.",$34.81,34.810001373291016,Technology,Software - Infrastructure,0.78,46.4,76.2,0.07744,False,False,False,71.3,Markup,"{'trend': 100, 'momentum': 76.9, 'flow': 100, 'volatility': 33, 'structure': 80.0, 'momentum_quality': 92.2, 'insider': 50.0}",-3.0,-0.7495739828453881,0.2904,Tactical Overweight,매수 우위 (강력 매수 - 다중지표 강세 컨플루언스 확인),False,상승,상단,정배열,10.6,0.0,상승,43582149.98703091,-0.237,0.009,0.79640996,0.26746,841387520.0,"[{'text': '상승 추세', 'cls': 'positive'}, {'text': '🔥 Accumulation Confluence (CMF+ADL)', 'cls': 'positive'}, {'text': 'OBV 상승', 'cls': 'positive'}, {'text': '⚠️ EPS 감소(-24%)', 'cls': 'negative'}, {'text': '🚨 공매도 비중 주의 (29.04%)', 'cls': 'negative'}]","{'mfc': 76, 'wyckoff': 80, 'stochastic': 44.37279131537082, 'obv': 75, 'bollinger': 0, 'momentum_quality': 92.2, 'regime_score': 50, 'rr_score': 72.9, 'base_tech': np.float64(69.2)}","{'base_tech_score': np.float64(69.2), 'insider_bonus': 0.0, 'deviation_penalty': 0.0, 'blowoff_penalty': 0.0, 'short_excessive_penalty': 0.0, 'weekly_penalty': 0.0, 'resistance_penalty': 0.0, 'rr_penalty': 0.0, 'cmf_confluence_val': 0.0, 'penny_penalty': 0.0, 'penny_non_acc_penalty': 0.0, 'scalping_bonus': 0.0, 'fund_penalty': 12.0, 'macd_reversal_bonus': 0.0, 'sector_rs_bonus': 0.0, 'confluence_bonus': 0.0, 'short_squeeze_bonus': 0.0, 'ai_momentum_bonus': 0.0}",N/A,,,,,0.78,2.27,2.27,False,False
G,Genpact Limited,$34.29,34.290000915527344,Technology,Information Technology Services,-5.17,46.1,64.9,0.0068,False,False,False,57.0,Accumulation,"{'trend': 73.0, 'momentum': 79.7, 'flow': 54.0, 'volatility': 33, 'structure': 65.0, 'momentum_quality': 100, 'insider': 50.0}",5.0,-12.82163275109283,0.1047,Tactical Hold,"중립 대기 (방향성 탐색 중, 뚜렷한 주도력 부재)",False,하락,상단,혼합,4.7,5.0,하락,-11881017.79923578,0.098,0.071,0.36456,0.15016,479428736.0,"[{'text': '매집 구간', 'cls': 'positive'}, {'text': '⚠️ 장기 매물대(저항선) 충돌 위험', 'cls': 'negative'}, {'text': '🚨 공매도 비중 주의 (10.47%)', 'cls': 'negative'}, {'text': '🔥 숏커버 (-12.8%)', 'cls': 'positive'}]","{'mfc': 65, 'wyckoff': 100, 'stochastic': 42.53285405777959, 'obv': 25, 'bollinger': 0, 'momentum_quality': 100, 'regime_score': 50, 'rr_score': 83.7, 'base_tech': np.float64(63.8)}","{'base_tech_score': np.float64(63.8), 'insider_bonus': 0.0, 'deviation_penalty': 0.0, 'blowoff_penalty': 0.0, 'short_excessive_penalty': 0.0, 'weekly_penalty': 0.0, 'resistance_penalty': 15, 'rr_penalty': 0.0, 'cmf_confluence_val': 0.0, 'penny_penalty': 0.0, 'penny_non_acc_penalty': 0.0, 'scalping_bonus': 5.0, 'fund_penalty': 0.0, 'macd_reversal_bonus': 0.0, 'sector_rs_bonus': 0.0, 'confluence_bonus': 0.0, 'short_squeeze_bonus': 0.0, 'ai_momentum_bonus': 0.0}",N/A,,,,,-5.17,1.27,1.27,False,False
RC,Ready Capital Corporation,$1.71,1.7100000381469727,Real Estate,REIT - Mortgage,10.32,46.0,68.4,0.10582,False,False,False,61.7,Markup,"{'trend': 68.0, 'momentum': 100, 'flow': 78.0, 'volatility': 53, 'structure': 80.0, 'momentum_quality': 98.2, 'insider': 50.0}",0.0,0.27728633308740674,0.1418,Tactical Overweight,매수 우위 (강력 매수 - 다중지표 강세 컨플루언스 확인),True,상승,상단 돌파,골든크로스 진행,11.2,10.0,상승,-41720581.57044688,,,0.0,3.28771,,"[{'text': '상승 추세', 'cls': 'positive'}, {'text': '⚠️ 주봉 역배열(하락추세)', 'cls': 'negative'}, {'text': 'Stoch 골든크로스', 'cls': 'positive'}, {'text': 'OBV 상승', 'cls': 'positive'}, {'text': '🔴 적자기업(PER<0)', 'cls': 'negative'}, {'text': '🚨 공매도 비중 주의 (14.18%)', 'cls': 'negative'}]","{'mfc': 68, 'wyckoff': 80, 'stochastic': 66.17737624849502, 'obv': 75, 'bollinger': 0, 'momentum_quality': 98.2, 'regime_score': 50, 'rr_score': 73.5, 'base_tech': np.float64(70.0)}","{'base_tech_score': np.float64(70.0), 'insider_bonus': 0.0, 'deviation_penalty': 0.0, 'blowoff_penalty': 0.0, 'short_excessive_penalty': 0.0, 'weekly_penalty': 10, 'resistance_penalty': 0.0, 'rr_penalty': 0.0, 'cmf_confluence_val': 0.0, 'penny_penalty': 0.0, 'penny_non_acc_penalty': 0.0, 'scalping_bonus': 10.0, 'fund_penalty': 10.0, 'macd_reversal_bonus': 0.0, 'sector_rs_bonus': 0.0, 'confluence_bonus': 0.0, 'short_squeeze_bonus': 0.0, 'ai_momentum_bonus': 0.0}",N/A,,,,,10.32,1.52,1.52,False,False
AMLX,"Amylyx Pharmaceuticals, Inc.",$22.82,22.81999969482422,Healthcare,Drug Manufacturers - Specialty & Generic,-5.66,45.9,74.3,0.07872,False,False,False,68.1,Markup,"{'trend': 100, 'momentum': 93.1, 'flow': 100, 'volatility': 23, 'structure': 65.0, 'momentum_quality': 100, 'insider': 50.0}",2.0,-6.521290653183044,0.1428,Tactical Overweight,매수 우위 (강력 매수 - 다중지표 강세 컨플루언스 확인),False,상승,상단,정배열,17.5,5.0,상승,21532605.19102462,,,0.0,0.0,-77316376.0,"[{'text': '상승 추세', 'cls': 'positive'}, {'text': '🔥 Accumulation Confluence (CMF+ADL)', 'cls': 'positive'}, {'text': 'OBV 상승', 'cls': 'positive'}, {'text': '🔴 적자기업(PER<0)', 'cls': 'negative'}, {'text': '🚨 공매도 비중 주의 (14.28%)', 'cls': 'negative'}]","{'mfc': 74, 'wyckoff': 80, 'stochastic': 45.1402848187346, 'obv': 75, 'bollinger': 0, 'momentum_quality': 100, 'regime_score': 50, 'rr_score': 81.1, 'base_tech': np.float64(69.8)}","{'base_tech_score': np.float64(69.8), 'insider_bonus': 0.0, 'deviation_penalty': 0.0, 'blowoff_penalty': 0.0, 'short_excessive_penalty': 0.0, 'weekly_penalty': 0.0, 'resistance_penalty': 0.0, 'rr_penalty': 0.0, 'cmf_confluence_val': 0.0, 'penny_penalty': 0.0, 'penny_non_acc_penalty': 0.0, 'scalping_bonus': 5.0, 'fund_penalty': 23.0, 'macd_reversal_bonus': 0.0, 'sector_rs_bonus': 0.0, 'confluence_bonus': 0.0, 'short_squeeze_bonus': 0.0, 'ai_momentum_bonus': 0.0}",N/A,,,,,-5.66,1.6,1.6,False,False
ALL,Allstate Corporation (The),$267.00,267.0,Financial Services,Insurance - Property & Casualty,-2.95,45.8,73.2,0.00509,False,False,False,60.0,Markup,"{'trend': 100, 'momentum': 66.1, 'flow': 58.0, 'volatility': 83, 'structure': 80.0, 'momentum_quality': 89.4, 'insider': 50.0}",-6.0,791.411772478034,0.0005,Tactical Overweight,매수 우위 (강력 매수 - 다중지표 강세 컨플루언스 확인),True,하락,상단,정배열,3.1,5.0,상승,11999532.135454612,0.551,0.118,0.36800998,0.22827,15158625280.0,"[{'text': '상승 추세', 'cls': 'positive'}, {'text': '🚨 강력한 하방 압력(공매도 급증 +791.4%)', 'cls': 'negative'}, {'text': '⚠️ MACD 하향', 'cls': 'negative'}, {'text': '🔥 Accumulation Confluence (CMF+ADL)', 'cls': 'positive'}, {'text': 'Stoch 골든크로스', 'cls': 'positive'}, {'text': '📈 EPS 반등/턴어라운드', 'cls': 'positive'}]","{'mfc': 73, 'wyckoff': 80, 'stochastic': 58.753904075379815, 'obv': 25, 'bollinger': 0, 'momentum_quality': 89.4, 'regime_score': 50, 'rr_score': 94.8, 'base_tech': np.float64(63.5)}","{'base_tech_score': np.float64(63.5), 'insider_bonus': 0.0, 'deviation_penalty': 0.0, 'blowoff_penalty': 0.0, 'short_excessive_penalty': 25, 'weekly_penalty': 0.0, 'resistance_penalty': 0.0, 'rr_penalty': 0.0, 'cmf_confluence_val': 0.0, 'penny_penalty': 0.0, 'penny_non_acc_penalty': 0.0, 'scalping_bonus': 5.0, 'fund_penalty': -18.0, 'macd_reversal_bonus': -3.0, 'sector_rs_bonus': 0.0, 'confluence_bonus': 0.0, 'short_squeeze_bonus': 0.0, 'ai_momentum_bonus': 0.0}",N/A,,,,,-2.95,1.36,1.36,False,False
BSX,Boston Scientific Corporation,$49.31,49.310001373291016,Healthcare,Medical Devices,0.02,45.8,70.8,0.00247,False,False,False,64.7,Markup,"{'trend': 68.0, 'momentum': 83.6, 'flow': 89.0, 'volatility': 33, 'structure': 80.0, 'momentum_quality': 92.2, 'insider': 50.0}",2.0,-4.938668031985819,0.019,Tactical Overweight,매수 우위 (강력 매수 - 다중지표 강세 컨플루언스 확인),False,상승,상단,골든크로스 진행,8.3,0.0,상승,-319425294.5583934,0.138,0.075,0.69189,0.22895999,2451375104.0,"[{'text': '상승 추세', 'cls': 'positive'}, {'text': '⚠️ 주봉 역배열(하락추세)', 'cls': 'negative'}, {'text': '📊 VWAP 상회 주의', 'cls': 'neutral'}, {'text': 'OBV 상승', 'cls': 'positive'}]","{'mfc': 71, 'wyckoff': 80, 'stochastic': 43.73556198126838, 'obv': 75, 'bollinger': 0, 'momentum_quality': 92.2, 'regime_score': 50, 'rr_score': 100, 'base_tech': np.float64(67.3)}","{'base_tech_score': np.float64(67.3), 'insider_bonus': 0.0, 'deviation_penalty': 0.0, 'blowoff_penalty': 0.0, 'short_excessive_penalty': 0.0, 'weekly_penalty': 10, 'resistance_penalty': 0.0, 'rr_penalty': 0.0, 'cmf_confluence_val': 0.0, 'penny_penalty': 0.0, 'penny_non_acc_penalty': 0.0, 'scalping_bonus': 0.0, 'fund_penalty': 0.0, 'macd_reversal_bonus': 0.0, 'sector_rs_bonus': 0.0, 'confluence_bonus': 0.0, 'short_squeeze_bonus': 0.0, 'ai_momentum_bonus': 0.0}",N/A,,,,,0.02,0.53,0.53,False,False
RMD,ResMed Inc.,$211.94,211.94000244140625,Healthcare,Medical Instruments & Supplies,-5.06,45.5,67.7,0.00496,False,False,False,53.7,Accumulation,"{'trend': 65.0, 'momentum': 73.7, 'flow': 83.0, 'volatility': 53, 'structure': 65.0, 'momentum_quality': 91.9, 'insider': 50.0}",0.0,4.846169748691659,0.1076,Tactical Hold,"중립 대기 (방향성 탐색 중, 뚜렷한 주도력 부재)",False,하락,상단,혼합,3.1,5.0,상승,-2193046.833202636,0.01,0.086,0.61618,0.31041,939248256.0,"[{'text': '매집 구간', 'cls': 'positive'}, {'text': '⚠️ 장기 매물대(저항선) 충돌 위험', 'cls': 'negative'}, {'text': '🔥 Accumulation Confluence (CMF+ADL)', 'cls': 'positive'}, {'text': '거래량 폭발', 'cls': 'neutral'}, {'text': '🚨 공매도 비중 주의 (10.76%)', 'cls': 'negative'}]","{'mfc': 68, 'wyckoff': 100, 'stochastic': 28.368864034756243, 'obv': 25, 'bollinger': 0, 'momentum_quality': 91.9, 'regime_score': 50, 'rr_score': 75.2, 'base_tech': np.float64(61.9)}","{'base_tech_score': np.float64(61.9), 'insider_bonus': 0.0, 'deviation_penalty': 0.0, 'blowoff_penalty': 0.0, 'short_excessive_penalty': 0.0, 'weekly_penalty': 0.0, 'resistance_penalty': 15, 'rr_penalty': 0.0, 'cmf_confluence_val': 0.0, 'penny_penalty': 0.0, 'penny_non_acc_penalty': 0.0, 'scalping_bonus': 5.0, 'fund_penalty': 0.0, 'macd_reversal_bonus': 0.0, 'sector_rs_bonus': 0.0, 'confluence_bonus': 0.0, 'short_squeeze_bonus': 0.0, 'ai_momentum_bonus': 0.0}",N/A,,,,,-5.06,2.22,2.22,False,False
CON,Concentra Group Holdings Parent,$34.06,34.060001373291016,Healthcare,Medical Care Facilities,11.53,45.4,67.2,0.107650004,False,False,False,69.8,Markup,"{'trend': 100, 'momentum': 70.9, 'flow': 18.0, 'volatility': 73, 'structure': 80.0, 'momentum_quality': 98.9, 'insider': 50.0}",-8.0,27.58790907520777,0.047399998,Tactical Overweight,매수 우위 (강력 매수 - 다중지표 강세 컨플루언스 확인),True,하락,상단 돌파,정배열,7.9,10.0,하락,7851114.02165005,0.465,0.1,0.29314,0.18987,203894256.0,"[{'text': '상승 추세', 'cls': 'positive'}, {'text': '🚨 강력한 하방 압력(공매도 급증 +27.6%)', 'cls': 'negative'}, {'text': 'Stoch 골든크로스', 'cls': 'positive'}, {'text': '📈 EPS 반등/턴어라운드', 'cls': 'positive'}]","{'mfc': 67, 'wyckoff': 80, 'stochastic': 60.77465629599858, 'obv': 25, 'bollinger': 0, 'momentum_quality': 98.9, 'regime_score': 50, 'rr_score': 81.1, 'base_tech': np.float64(63.0)}","{'base_tech_score': np.float64(63.0), 'insider_bonus': 0.0, 'deviation_penalty': 0.0, 'blowoff_penalty': 0.0, 'short_excessive_penalty': 25, 'weekly_penalty': 0.0, 'resistance_penalty': 0.0, 'rr_penalty': 0.0, 'cmf_confluence_val': 0.0, 'penny_penalty': 0.0, 'penny_non_acc_penalty': 0.0, 'scalping_bonus': 10.0, 'fund_penalty': -18.0, 'macd_reversal_bonus': 0.0, 'sector_rs_bonus': 0.0, 'confluence_bonus': 0.0, 'short_squeeze_bonus': 0.0, 'ai_momentum_bonus': 0.0}",N/A,,,,,11.53,2.13,2.13,False,False
CCL,Carnival Corporation Ltd.,$28.99,28.989999771118164,Consumer Cyclical,Travel Services,1.22,45.4,71.7,0.07106,False,False,False,59.4,Markup,"{'trend': 85.0, 'momentum': 78.5, 'flow': 69.0, 'volatility': 53, 'structure': 80.0, 'momentum_quality': 92.2, 'insider': 50.0}",7.0,-17.020883129019534,0.026500002,Tactical Overweight,매수 우위 (강력 매수 - 다중지표 강세 컨플루언스 확인),False,상승,상단,골든크로스 진행,6.4,0.0,하락,-216011576.92996928,-0.05,0.053,0.55676997,0.12787,1899374976.0,"[{'text': '상승 추세', 'cls': 'positive'}, {'text': '⚠️ 장기 매물대(저항선) 충돌 위험', 'cls': 'negative'}, {'text': '📊 VWAP 상회 주의', 'cls': 'neutral'}, {'text': 'OBV 상승', 'cls': 'positive'}, {'text': '🔥 숏커버 (-17.0%)', 'cls': 'positive'}]","{'mfc': 72, 'wyckoff': 80, 'stochastic': 36.675557017737006, 'obv': 75, 'bollinger': 0, 'momentum_quality': 92.2, 'regime_score': 50, 'rr_score': 91.7, 'base_tech': np.float64(66.7)}","{'base_tech_score': np.float64(66.7), 'insider_bonus': 0.0, 'deviation_penalty': 0.0, 'blowoff_penalty': 0.0, 'short_excessive_penalty': 0.0, 'weekly_penalty': 0.0, 'resistance_penalty': 15, 'rr_penalty': 0.0, 'cmf_confluence_val': 0.0, 'penny_penalty': 0.0, 'penny_non_acc_penalty': 0.0, 'scalping_bonus': 0.0, 'fund_penalty': 0.0, 'macd_reversal_bonus': 0.0, 'sector_rs_bonus': 0.0, 'confluence_bonus': 0.0, 'short_squeeze_bonus': 0.0, 'ai_momentum_bonus': 0.0}",N/A,,,,,1.22,0.47,0.47,False,False
GTX,Garrett Motion Inc.,$29.85,29.850000381469727,Consumer Cyclical,Auto Parts,-2.03,45.2,44.1,0.01047,False,False,False,41.7,Markdown,"{'trend': 53.0, 'momentum': 38.4, 'flow': 19.0, 'volatility': 73, 'structure': 15.0, 'momentum_quality': 24.9, 'insider': 50.0}",7.0,-17.27779865595788,0.0295,Avoid / Sell-off,매도 우위 (전면 회피 - 다중지표 약세 컨플루언스 확인),False,하락,하단,혼합,-4.1,5.0,하락,31946588.694956794,0.161,0.069,0.20751,0.15471,307375008.0,"[{'text': '하락 추세', 'cls': 'negative'}, {'text': '🔥 숏커버 (-17.3%)', 'cls': 'positive'}]","{'mfc': 44, 'wyckoff': 10, 'stochastic': 27.73717855094933, 'obv': 25, 'bollinger': 100, 'momentum_quality': 24.9, 'regime_score': 50, 'rr_score': 100, 'base_tech': np.float64(35.3)}","{'base_tech_score': np.float64(35.3), 'insider_bonus': 0.0, 'deviation_penalty': 0.0, 'blowoff_penalty': 0.0, 'short_excessive_penalty': 0.0, 'weekly_penalty': 0.0, 'resistance_penalty': 0.0, 'rr_penalty': 0.0, 'cmf_confluence_val': 0.0, 'penny_penalty': 0.0, 'penny_non_acc_penalty': 0.0, 'scalping_bonus': 5.0, 'fund_penalty': -5.0, 'macd_reversal_bonus': 0.0, 'sector_rs_bonus': 0.0, 'confluence_bonus': 0.0, 'short_squeeze_bonus': 0.0, 'ai_momentum_bonus': 0.0}",N/A,,,,,-2.03,1.05,1.05,False,False
KSS,Kohl's Corporation,$19.30,19.299999237060547,Consumer Cyclical,Department Stores,4.61,45.1,62.4,0.03908,False,False,False,56.7,Markup,"{'trend': 100, 'momentum': 54.7, 'flow': 26.0, 'volatility': 53, 'structure': 80.0, 'momentum_quality': 63.1, 'insider': 50.0}",-3.0,1.1165627568126781,0.3166,Core Holding,매수 우위 (안정적 상승 추세 안착),False,하락,상단,정배열,4.7,10.0,하락,-53048429.982615374,,-0.02,0.40521,0.014520001,807124992.0,"[{'text': '상승 추세', 'cls': 'positive'}, {'text': '⚠️ MACD 하향', 'cls': 'negative'}, {'text': '📊 VWAP 상회 주의', 'cls': 'neutral'}, {'text': '🚨 공매도 비중 주의 (31.66%)', 'cls': 'negative'}]","{'mfc': 62, 'wyckoff': 80, 'stochastic': 21.743787198626716, 'obv': 25, 'bollinger': 0, 'momentum_quality': 63.1, 'regime_score': 50, 'rr_score': 84.4, 'base_tech': np.float64(51.3)}","{'base_tech_score': np.float64(51.3), 'insider_bonus': 0.0, 'deviation_penalty': 0.0, 'blowoff_penalty': 0.0, 'short_excessive_penalty': 0.0, 'weekly_penalty': 0.0, 'resistance_penalty': 0.0, 'rr_penalty': 0.0, 'cmf_confluence_val': 0.0, 'penny_penalty': 0.0, 'penny_non_acc_penalty': 0.0, 'scalping_bonus': 10.0, 'fund_penalty': 0.0, 'macd_reversal_bonus': -3.0, 'sector_rs_bonus': 0.0, 'confluence_bonus': 0.0, 'short_squeeze_bonus': 0.0, 'ai_momentum_bonus': 0.0}",N/A,,,,,4.61,0.61,0.61,False,False
BBY,"Best Buy Co., Inc.",$82.00,82.0,Consumer Cyclical,Specialty Retail,2.47,45.0,48.0,0.06468,False,False,False,47.6,Markdown,"{'trend': 50.0, 'momentum': 44.8, 'flow': 47.0, 'volatility': 73, 'structure': 15.0, 'momentum_quality': 26.7, 'insider': 50.0}",0.0,-1.6528670540471628,0.09729999,Tactical Hold,매도 우위 (비중 축소 - 지지선 단기 이탈 및 추세 악화),False,하락,하단,데드크로스 진행,-4.1,10.0,상승,29099401.876148697,0.366,0.019,0.22518,0.0404,1143750016.0,"[{'text': '하락 추세', 'cls': 'negative'}]","{'mfc': 48, 'wyckoff': 10, 'stochastic': 32.94319698387168, 'obv': 25, 'bollinger': 100, 'momentum_quality': 26.7, 'regime_score': 50, 'rr_score': 100, 'base_tech': np.float64(37.6)}","{'base_tech_score': np.float64(37.6), 'insider_bonus': 0.0, 'deviation_penalty': 0.0, 'blowoff_penalty': 0.0, 'short_excessive_penalty': 0.0, 'weekly_penalty': 0.0, 'resistance_penalty': 0.0, 'rr_penalty': 0.0, 'cmf_confluence_val': 0.0, 'penny_penalty': 0.0, 'penny_non_acc_penalty': 0.0, 'scalping_bonus': 10.0, 'fund_penalty': -5.0, 'macd_reversal_bonus': 0.0, 'sector_rs_bonus': 0.0, 'confluence_bonus': 0.0, 'short_squeeze_bonus': 0.0, 'ai_momentum_bonus': 0.0}",N/A,,,,,2.47,0.58,0.58,False,False
ABSI,Absci Corporation,$8.93,8.930000305175781,Healthcare,Biotechnology,7.59,44.8,67.7,0.12041,False,True,False,55.5,Markup,"{'trend': 100, 'momentum': 93.1, 'flow': 60.0, 'volatility': 3, 'structure': 80.0, 'momentum_quality': 93.6, 'insider': 50.0}",-5.0,7.172125809310029,0.2575,Tactical Overweight,매수 우위 (강력 매수 - 다중지표 강세 컨플루언스 확인),True,상승,상단,정배열,7.5,10.0,상승,21668865.491604652,,-0.818,0.0,-143.46977,-41475376.0,"[{'text': '상승 추세', 'cls': 'positive'}, {'text': '🔄 MACD 반전', 'cls': 'positive'}, {'text': '📊 VWAP 상회 주의', 'cls': 'neutral'}, {'text': '🎯 시그널 컨플루언스 (3)', 'cls': 'positive'}, {'text': '🚀 숏스퀴즈 가능성', 'cls': 'positive'}, {'text': 'Stoch 골든크로스', 'cls': 'positive'}, {'text': 'OBV 상승', 'cls': 'positive'}, {'text': '🚨 매출 강하락(-82%)', 'cls': 'negative'}, {'text': '🔴 영업손실(-14347%)', 'cls': 'negative'}, {'text': '🔴 적자기업(PER<0)', 'cls': 'negative'}, {'text': '🚨 공매도 비중 주의 (25.75%)', 'cls': 'negative'}]","{'mfc': 68, 'wyckoff': 80, 'stochastic': 82.68360281678817, 'obv': 75, 'bollinger': 0, 'momentum_quality': 93.6, 'regime_score': 50, 'rr_score': 100, 'base_tech': np.float64(71.1)}","{'base_tech_score': np.float64(71.1), 'insider_bonus': 0.0, 'deviation_penalty': 0.0, 'blowoff_penalty': 0.0, 'short_excessive_penalty': 0.0, 'weekly_penalty': 0.0, 'resistance_penalty': 0.0, 'rr_penalty': 0.0, 'cmf_confluence_val': 0.0, 'penny_penalty': 0.0, 'penny_non_acc_penalty': 0.0, 'scalping_bonus': 10.0, 'fund_penalty': 45.0, 'macd_reversal_bonus': 5.0, 'sector_rs_bonus': 0.0, 'confluence_bonus': 8.0, 'short_squeeze_bonus': 15.0, 'ai_momentum_bonus': 0.0}",N/A,,,,,7.59,0.42,0.42,False,False
IBRX,"ImmunityBio, Inc.",$7.64,7.639999866485596,Healthcare,Biotechnology,4.37,44.6,46.5,0.61737996,False,False,False,52.0,Accumulation,"{'trend': 5, 'momentum': 80.7, 'flow': 68.0, 'volatility': 43, 'structure': 65.0, 'momentum_quality': 61.5, 'insider': 50.0}",-3.0,-0.5580060671202696,0.346,Tactical Hold,매도 우위 (하방 경계 - 바닥 탐색 진행 중),True,상승,상단,역배열,3.4,10.0,상승,-110001607.53101663,,0.939,0.9934,-1.20408,-186564128.0,"[{'text': '매집 구간', 'cls': 'positive'}, {'text': '⚠️ 주봉 역배열(하락추세)', 'cls': 'negative'}, {'text': '🔄 MACD 반전', 'cls': 'positive'}, {'text': '🎯 시그널 컨플루언스 (3)', 'cls': 'positive'}, {'text': 'Stoch 골든크로스', 'cls': 'positive'}, {'text': 'OBV 상승', 'cls': 'positive'}, {'text': '🚀 매출 고성장', 'cls': 'positive'}, {'text': '🔴 영업손실(-120%)', 'cls': 'negative'}, {'text': '🔴 적자기업(PER<0)', 'cls': 'negative'}, {'text': '🚨 공매도 비중 주의 (34.60%)', 'cls': 'negative'}]","{'mfc': 46, 'wyckoff': 100, 'stochastic': 78.89634475754616, 'obv': 75, 'bollinger': 0, 'momentum_quality': 61.5, 'regime_score': 50, 'rr_score': 100, 'base_tech': np.float64(62.0)}","{'base_tech_score': np.float64(62.0), 'insider_bonus': 0.0, 'deviation_penalty': 0.0, 'blowoff_penalty': 0.0, 'short_excessive_penalty': 0.0, 'weekly_penalty': 10, 'resistance_penalty': 0.0, 'rr_penalty': 0.0, 'cmf_confluence_val': 0.0, 'penny_penalty': 0.0, 'penny_non_acc_penalty': 0.0, 'scalping_bonus': 10.0, 'fund_penalty': 15.0, 'macd_reversal_bonus': 5.0, 'sector_rs_bonus': 0.0, 'confluence_bonus': 8.0, 'short_squeeze_bonus': 0.0, 'ai_momentum_bonus': 0.0}",N/A,,,,,4.37,0.76,0.76,False,False
DG,Dollar General Corporation,$126.59,126.58999633789062,Consumer Defensive,Discount Stores,-0.67,44.2,57.7,0.00279,False,False,False,58.2,Accumulation,"{'trend': 73.0, 'momentum': 59.5, 'flow': 21.0, 'volatility': 73, 'structure': 65.0, 'momentum_quality': 80.9, 'insider': 50.0}",0.0,2.4023344057795657,0.041500002,Tactical Hold,"중립 대기 (방향성 탐색 중, 뚜렷한 주도력 부재)",False,하락,상단,혼합,1.8,0.0,하락,-6241049.180650817,0.133,0.034,0.30827,0.05919,1882562304.0,"[{'text': '매집 구간', 'cls': 'positive'}, {'text': '⚠️ MACD 하향', 'cls': 'negative'}, {'text': '📊 VWAP 상회 주의', 'cls': 'neutral'}]","{'mfc': 58, 'wyckoff': 100, 'stochastic': 47.34268222424305, 'obv': 25, 'bollinger': 0, 'momentum_quality': 80.9, 'regime_score': 50, 'rr_score': 78.1, 'base_tech': np.float64(59.0)}","{'base_tech_score': np.float64(59.0), 'insider_bonus': 0.0, 'deviation_penalty': 0.0, 'blowoff_penalty': 0.0, 'short_excessive_penalty': 0.0, 'weekly_penalty': 0.0, 'resistance_penalty': 0.0, 'rr_penalty': 0.0, 'cmf_confluence_val': 0.0, 'penny_penalty': 0.0, 'penny_non_acc_penalty': 0.0, 'scalping_bonus': 0.0, 'fund_penalty': 0.0, 'macd_reversal_bonus': -3.0, 'sector_rs_bonus': 0.0, 'confluence_bonus': 0.0, 'short_squeeze_bonus': 0.0, 'ai_momentum_bonus': 0.0}",N/A,,,,,-0.67,0.52,0.52,False,False
ZIP,"ZipRecruiter, Inc.",$5.14,5.139999866485596,Communication Services,Internet Content & Information,9.83,43.9,77.3,0.044770002,False,False,False,71.9,Markup,"{'trend': 100, 'momentum': 97.1, 'flow': 100, 'volatility': 23, 'structure': 55.0, 'momentum_quality': 98.2, 'insider': 50.0}",0.0,4.622751230656399,0.0618,Tactical Overweight,매수 우위 (강력 매수 - 다중지표 강세 컨플루언스 확인),True,상승,상단 돌파,정배열,23.7,10.0,상승,11300779.590481112,,0.052,0.89118,0.03505,8624875.0,"[{'text': '상승 추세', 'cls': 'positive'}, {'text': '🚨 상단 클라이맥스', 'cls': 'negative'}, {'text': '🔥 Accumulation Confluence (CMF+ADL)', 'cls': 'positive'}, {'text': 'Stoch 골든크로스', 'cls': 'positive'}, {'text': 'OBV 상승', 'cls': 'positive'}]","{'mfc': 77, 'wyckoff': 80, 'stochastic': 59.92740842492399, 'obv': 75, 'bollinger': 0, 'momentum_quality': 98.2, 'regime_score': 50, 'rr_score': 65.5, 'base_tech': np.float64(72.4)}","{'base_tech_score': np.float64(72.4), 'insider_bonus': 0.0, 'deviation_penalty': 0.0, 'blowoff_penalty': 30, 'short_excessive_penalty': 0.0, 'weekly_penalty': 0.0, 'resistance_penalty': 0.0, 'rr_penalty': 0.0, 'cmf_confluence_val': 0.0, 'penny_penalty': 0.0, 'penny_non_acc_penalty': 0.0, 'scalping_bonus': 10.0, 'fund_penalty': 0.0, 'macd_reversal_bonus': 0.0, 'sector_rs_bonus': 0.0, 'confluence_bonus': 0.0, 'short_squeeze_bonus': 0.0, 'ai_momentum_bonus': 0.0}",N/A,,,,,9.83,2.38,2.38,False,False
KRMN,Karman Holdings Inc.,$58.23,58.22999954223633,Industrials,Aerospace & Defense,5.6,43.8,68.3,0.06755,False,False,False,64.4,Markup,"{'trend': 76.0, 'momentum': 99.4, 'flow': 83.0, 'volatility': 23, 'structure': 80.0, 'momentum_quality': 78.0, 'insider': 50.0}",-8.0,29.03992969407177,0.089499995,Tactical Overweight,매수 우위 (강력 매수 - 다중지표 강세 컨플루언스 확인),False,상승,상단 돌파,골든크로스 진행,18.4,10.0,상승,-30052389.319159918,1.061,0.582,0.41667998,0.19129999,,"[{'text': '상승 추세', 'cls': 'positive'}, {'text': '🚨 강력한 하방 압력(공매도 급증 +29.0%)', 'cls': 'negative'}, {'text': '⚠️ 주봉 역배열(하락추세)', 'cls': 'negative'}, {'text': 'OBV 상승', 'cls': 'positive'}, {'text': '📈 EPS 반등/턴어라운드', 'cls': 'positive'}, {'text': '🚀 매출 고성장', 'cls': 'positive'}]","{'mfc': 68, 'wyckoff': 80, 'stochastic': 47.65968761064727, 'obv': 75, 'bollinger': 0, 'momentum_quality': 78.0, 'regime_score': 50, 'rr_score': 100, 'base_tech': np.float64(64.7)}","{'base_tech_score': np.float64(64.7), 'insider_bonus': 0.0, 'deviation_penalty': 0.0, 'blowoff_penalty': 0.0, 'short_excessive_penalty': 25, 'weekly_penalty': 10, 'resistance_penalty': 0.0, 'rr_penalty': 0.0, 'cmf_confluence_val': 0.0, 'penny_penalty': 0.0, 'penny_non_acc_penalty': 0.0, 'scalping_bonus': 10.0, 'fund_penalty': -25.0, 'macd_reversal_bonus': 0.0, 'sector_rs_bonus': 0.0, 'confluence_bonus': 0.0, 'short_squeeze_bonus': 0.0, 'ai_momentum_bonus': 0.0}",N/A,,,,,5.6,1.39,1.39,False,False
CELH,"Celsius Holdings, Inc.",$27.77,27.770000457763672,Consumer Defensive,Beverages - Non-Alcoholic,16.83,43.7,34.2,0.28884,False,False,False,46.7,Markdown,"{'trend': 5, 'momentum': 46.4, 'flow': 43.0, 'volatility': 43, 'structure': 15.0, 'momentum_quality': 16.1, 'insider': 50.0}",-3.5,5.821294592020946,0.15890001,Avoid / Sell-off,매도 우위 (전면 회피 - 다중지표 약세 컨플루언스 확인),False,하락,하단,역배열,-3.2,-2.0,하락,-134150723.15176971,-0.446,0.106,0.49472,0.19087,371807936.0,"[{'text': '하락 추세', 'cls': 'negative'}, {'text': '🚨 상단 클라이맥스', 'cls': 'negative'}, {'text': '⚠️ 주봉 역배열(하락추세)', 'cls': 'negative'}, {'text': '⚠️ EPS 감소(-45%)', 'cls': 'negative'}, {'text': '🚨 공매도 비중 주의 (15.89%)', 'cls': 'negative'}, {'text': '📉 AI 예상: +0.0%', 'cls': 'negative'}]","{'mfc': 34, 'wyckoff': 10, 'stochastic': 36.746117629964644, 'obv': 25, 'bollinger': 100, 'momentum_quality': 16.1, 'regime_score': 50, 'rr_score': 94.5, 'base_tech': np.float64(31.6)}","{'base_tech_score': np.float64(31.6), 'insider_bonus': 0.0, 'deviation_penalty': 0.0, 'blowoff_penalty': 30, 'short_excessive_penalty': 0.0, 'weekly_penalty': 10, 'resistance_penalty': 0.0, 'rr_penalty': 0.0, 'cmf_confluence_val': 0.0, 'penny_penalty': 0.0, 'penny_non_acc_penalty': 0.0, 'scalping_bonus': -2.0, 'fund_penalty': 9.0, 'macd_reversal_bonus': 0.0, 'sector_rs_bonus': 0.0, 'confluence_bonus': 0.0, 'short_squeeze_bonus': 0.0, 'ai_momentum_bonus': 0.0}",+0.00%,43.7,HOLD,+0.00%,0.5,16.83,3.31,3.31,False,False
AVNT,Avient Corporation,$45.69,45.689998626708984,Basic Materials,Specialty Chemicals,7.13,43.7,71.8,0.00851,False,False,False,75.3,Markup,"{'trend': 65.0, 'momentum': 92.6, 'flow': 100, 'volatility': 33, 'structure': 80.0, 'momentum_quality': 98.2, 'insider': 50.0}",-8.0,50.87750641276544,0.0612,Core Holding,매수 우위 (안정적 상승 추세 안착),True,상승,상단 돌파,혼합,21.6,16.0,상승,2251460.987887848,0.232,0.058,0.32985002,0.13272001,253850000.0,"[{'text': '상승 추세', 'cls': 'positive'}, {'text': '🚨 강력한 하방 압력(공매도 급증 +50.9%)', 'cls': 'negative'}, {'text': 'Stoch 골든크로스', 'cls': 'positive'}, {'text': 'OBV 상승', 'cls': 'positive'}]","{'mfc': 72, 'wyckoff': 80, 'stochastic': 52.78254908760893, 'obv': 75, 'bollinger': 0, 'momentum_quality': 98.2, 'regime_score': 50, 'rr_score': 69.3, 'base_tech': np.float64(69.6)}","{'base_tech_score': np.float64(69.6), 'insider_bonus': 0.0, 'deviation_penalty': 0.0, 'blowoff_penalty': 0.0, 'short_excessive_penalty': 25, 'weekly_penalty': 0.0, 'resistance_penalty': 0.0, 'rr_penalty': 0.0, 'cmf_confluence_val': 0.0, 'penny_penalty': 0.0, 'penny_non_acc_penalty': 0.0, 'scalping_bonus': 16.0, 'fund_penalty': -5.0, 'macd_reversal_bonus': 0.0, 'sector_rs_bonus': 0.0, 'confluence_bonus': 0.0, 'short_squeeze_bonus': 0.0, 'ai_momentum_bonus': 0.0}",N/A,,,,,7.13,1.54,1.54,True,False
SNDK,Sandisk Corporation,$1212.21,1212.2099609375,Technology,Computer Hardware,-3.68,43.6,36.8,0.01176,False,False,False,41.8,Markdown,"{'trend': 40.0, 'momentum': 33.8, 'flow': 29.0, 'volatility': 23, 'structure': 15.0, 'momentum_quality': 0, 'insider': 50.0}",8.0,-27.985797483820914,0.0828,Avoid / Sell-off,매도 우위 (전면 회피 - 다중지표 약세 컨플루언스 확인),False,하락,하단,혼합,-13.0,5.0,상승,128939506.74065733,,3.716,0.71474,0.78494,7744875008.0,"[{'text': '하락 추세', 'cls': 'negative'}, {'text': '⚠️ MACD 하향', 'cls': 'negative'}, {'text': '🚀 매출 고성장', 'cls': 'positive'}, {'text': '🔥 숏커버 (-28.0%)', 'cls': 'positive'}]","{'mfc': 37, 'wyckoff': 10, 'stochastic': 32.210106022563245, 'obv': 25, 'bollinger': 100, 'momentum_quality': 0, 'regime_score': 50, 'rr_score': 100, 'base_tech': np.float64(29.5)}","{'base_tech_score': np.float64(29.5), 'insider_bonus': 0.0, 'deviation_penalty': 0.0, 'blowoff_penalty': 0.0, 'short_excessive_penalty': 0.0, 'weekly_penalty': 0.0, 'resistance_penalty': 0.0, 'rr_penalty': 0.0, 'cmf_confluence_val': 0.0, 'penny_penalty': 0.0, 'penny_non_acc_penalty': 0.0, 'scalping_bonus': 5.0, 'fund_penalty': -10.0, 'macd_reversal_bonus': -3.0, 'sector_rs_bonus': 0.0, 'confluence_bonus': 0.0, 'short_squeeze_bonus': 0.0, 'ai_momentum_bonus': 0.0}",N/A,,,,,-3.68,1.03,1.03,False,False
TSM,Taiwan Semiconductor Manufactur,$420.04,420.0400085449219,Technology,Semiconductors,0.44,43.6,63.0,0.00042,False,False,False,52.2,Accumulation,"{'trend': 60.0, 'momentum': 73.2, 'flow': 69.0, 'volatility': 53, 'structure': 75.0, 'momentum_quality': 39.1, 'insider': 50.0}",-6.0,35.65264977923862,0.0069,Aggressive Buy,매수 우위 (분할 매수 - 바닥 확인 후 모멘텀 턴어라운드),True,상승,상단,골든크로스 진행,2.6,0.0,상승,48967788.81476161,0.774,0.36,0.6423,0.60344005,739057991680.0,"[{'text': '매집 구간', 'cls': 'positive'}, {'text': '🚨 강력한 하방 압력(공매도 급증 +35.7%)', 'cls': 'negative'}, {'text': '📊 VWAP 상회 주의', 'cls': 'neutral'}, {'text': 'Stoch 골든크로스', 'cls': 'positive'}, {'text': 'OBV 상승', 'cls': 'positive'}, {'text': '📈 EPS 반등/턴어라운드', 'cls': 'positive'}, {'text': '🚀 매출 고성장', 'cls': 'positive'}]","{'mfc': 63, 'wyckoff': 100, 'stochastic': 59.25452441913354, 'obv': 75, 'bollinger': 0, 'momentum_quality': 39.1, 'regime_score': 50, 'rr_score': 97.6, 'base_tech': np.float64(62.0)}","{'base_tech_score': np.float64(62.0), 'insider_bonus': 0.0, 'deviation_penalty': 0.0, 'blowoff_penalty': 0.0, 'short_excessive_penalty': 25, 'weekly_penalty': 0.0, 'resistance_penalty': 0.0, 'rr_penalty': 0.0, 'cmf_confluence_val': 0.0, 'penny_penalty': 0.0, 'penny_non_acc_penalty': 0.0, 'scalping_bonus': 0.0, 'fund_penalty': -25.0, 'macd_reversal_bonus': 0.0, 'sector_rs_bonus': 0.0, 'confluence_bonus': 0.0, 'short_squeeze_bonus': 0.0, 'ai_momentum_bonus': 0.0}",N/A,,,,,0.44,0.65,0.65,False,False
COHR,Coherent Corp.,$379.13,379.1300048828125,Technology,Scientific & Technical Instruments,13.44,43.4,69.0,0.045110002,False,False,False,63.6,Markup,"{'trend': 73.0, 'momentum': 100, 'flow': 86.0, 'volatility': 3, 'structure': 80.0, 'momentum_quality': 98.2, 'insider': 50.0}",0.0,-2.806416147605918,0.0521,Tactical Overweight,매수 우위 (강력 매수 - 다중지표 강세 컨플루언스 확인),True,상승,상단 돌파,골든크로스 진행,28.9,10.0,상승,29622198.977509547,11.183,0.205,0.36990002,0.13572,-197631744.0,"[{'text': '상승 추세', 'cls': 'positive'}, {'text': '⚠️ 이격도 과다', 'cls': 'negative'}, {'text': '⚠️ 장기 매물대(저항선) 충돌 위험', 'cls': 'negative'}, {'text': 'Stoch 골든크로스', 'cls': 'positive'}, {'text': 'OBV 상승', 'cls': 'positive'}, {'text': '📈 EPS 반등/턴어라운드', 'cls': 'positive'}]","{'mfc': 69, 'wyckoff': 80, 'stochastic': 58.15853915340373, 'obv': 75, 'bollinger': 0, 'momentum_quality': 98.2, 'regime_score': 50, 'rr_score': 76.4, 'base_tech': np.float64(69.3)}","{'base_tech_score': np.float64(69.3), 'insider_bonus': 0.0, 'deviation_penalty': 20, 'blowoff_penalty': 0.0, 'short_excessive_penalty': 0.0, 'weekly_penalty': 0.0, 'resistance_penalty': 15, 'rr_penalty': 0.0, 'cmf_confluence_val': 0.0, 'penny_penalty': 0.0, 'penny_non_acc_penalty': 0.0, 'scalping_bonus': 10.0, 'fund_penalty': -13.0, 'macd_reversal_bonus': 0.0, 'sector_rs_bonus': 0.0, 'confluence_bonus': 0.0, 'short_squeeze_bonus': 0.0, 'ai_momentum_bonus': 0.0}",N/A,,,,,13.44,1.74,1.74,False,False
MUX,McEwen Inc.,$19.19,19.190000534057617,Basic Materials,Other Precious Metals & Mining,5.09,43.2,66.6,0.16524,False,True,False,56.4,Markup,"{'trend': 68.0, 'momentum': 80.8, 'flow': 70.0, 'volatility': 53, 'structure': 80.0, 'momentum_quality': 70.0, 'insider': 50.0}",-8.0,22.01317125033359,0.2387,Tactical Overweight,매수 우위 (강력 매수 - 다중지표 강세 컨플루언스 확인),False,상승,상단,골든크로스 진행,8.8,10.0,하락,434975.24391741503,2.16,0.268,0.37315,-0.05921,-18615500.0,"[{'text': '상승 추세', 'cls': 'positive'}, {'text': '🚨 강력한 하방 압력(공매도 급증 +22.0%)', 'cls': 'negative'}, {'text': '⚠️ 주봉 역배열(하락추세)', 'cls': 'negative'}, {'text': '🚀 숏스퀴즈 가능성', 'cls': 'positive'}, {'text': 'OBV 상승', 'cls': 'positive'}, {'text': '📈 EPS 반등/턴어라운드', 'cls': 'positive'}, {'text': '🚀 매출 고성장', 'cls': 'positive'}, {'text': '🚨 공매도 비중 주의 (23.87%)', 'cls': 'negative'}]","{'mfc': 67, 'wyckoff': 80, 'stochastic': 35.68929918680638, 'obv': 75, 'bollinger': 0, 'momentum_quality': 70.0, 'regime_score': 50, 'rr_score': 100, 'base_tech': np.float64(61.5)}","{'base_tech_score': np.float64(61.5), 'insider_bonus': 0.0, 'deviation_penalty': 0.0, 'blowoff_penalty': 0.0, 'short_excessive_penalty': 25, 'weekly_penalty': 10, 'resistance_penalty': 0.0, 'rr_penalty': 0.0, 'cmf_confluence_val': 0.0, 'penny_penalty': 0.0, 'penny_non_acc_penalty': 0.0, 'scalping_bonus': 10.0, 'fund_penalty': -12.0, 'macd_reversal_bonus': 0.0, 'sector_rs_bonus': 0.0, 'confluence_bonus': 0.0, 'short_squeeze_bonus': 15.0, 'ai_momentum_bonus': 0.0}",N/A,,,,,5.09,1.06,1.06,False,False
SAIL,"SailPoint, Inc.",$18.66,18.65999984741211,Technology,Software - Infrastructure,5.54,42.8,75.0,0.0191,False,True,False,72.3,Markup,"{'trend': 100, 'momentum': 88.1, 'flow': 92.0, 'volatility': 13, 'structure': 80.0, 'momentum_quality': 100, 'insider': 50.0}",-8.0,29.93830885771795,0.2758,Tactical Overweight,매수 우위 (강력 매수 - 다중지표 강세 컨플루언스 확인),True,상승,상단 돌파,정배열,17.1,10.0,상승,-10114849.261134494,,0.216,0.66350996,-0.28495002,322153376.0,"[{'text': '상승 추세', 'cls': 'positive'}, {'text': '🚨 강력한 하방 압력(공매도 급증 +29.9%)', 'cls': 'negative'}, {'text': '📊 VWAP 상회 주의', 'cls': 'neutral'}, {'text': '🔥 Accumulation Confluence (CMF+ADL)', 'cls': 'positive'}, {'text': '🚀 숏스퀴즈 가능성', 'cls': 'positive'}, {'text': 'Stoch 골든크로스', 'cls': 'positive'}, {'text': 'OBV 상승', 'cls': 'positive'}, {'text': '🔴 영업손실(-28%)', 'cls': 'negative'}, {'text': '🚨 공매도 비중 주의 (27.58%)', 'cls': 'negative'}]","{'mfc': 75, 'wyckoff': 80, 'stochastic': 53.41729942943587, 'obv': 75, 'bollinger': 0, 'momentum_quality': 100, 'regime_score': 50, 'rr_score': 89.5, 'base_tech': np.float64(71.1)}","{'base_tech_score': np.float64(71.1), 'insider_bonus': 0.0, 'deviation_penalty': 0.0, 'blowoff_penalty': 0.0, 'short_excessive_penalty': 25, 'weekly_penalty': 0.0, 'resistance_penalty': 0.0, 'rr_penalty': 0.0, 'cmf_confluence_val': 0.0, 'penny_penalty': 0.0, 'penny_non_acc_penalty': 0.0, 'scalping_bonus': 10.0, 'fund_penalty': 12.0, 'macd_reversal_bonus': 0.0, 'sector_rs_bonus': 0.0, 'confluence_bonus': 0.0, 'short_squeeze_bonus': 15.0, 'ai_momentum_bonus': 0.0}",N/A,,,,,5.54,0.69,0.69,False,False
SVM,Silvercorp Metals Inc.,$11.45,11.449999809265137,Basic Materials,Silver,6.12,42.5,74.4,0.03714,False,False,False,64.8,Markup,"{'trend': 68.0, 'momentum': 100, 'flow': 100, 'volatility': 33, 'structure': 80.0, 'momentum_quality': 98.2, 'insider': 50.0}",-5.0,11.91308006591533,0.1275,Tactical Overweight,매수 우위 (강력 매수 - 다중지표 강세 컨플루언스 확인),True,상승,상단 돌파,골든크로스 진행,18.4,10.0,상승,44816640.77644686,,0.962,0.73292,0.62558997,90223128.0,"[{'text': '상승 추세', 'cls': 'positive'}, {'text': '🚨 강력한 하방 압력(공매도 급증 +11.9%)', 'cls': 'negative'}, {'text': '⚠️ 주봉 역배열(하락추세)', 'cls': 'negative'}, {'text': '🔥 Accumulation Confluence (CMF+ADL)', 'cls': 'positive'}, {'text': 'Stoch 골든크로스', 'cls': 'positive'}, {'text': 'OBV 상승', 'cls': 'positive'}, {'text': '🚀 매출 고성장', 'cls': 'positive'}, {'text': '🚨 공매도 비중 주의 (12.75%)', 'cls': 'negative'}]","{'mfc': 74, 'wyckoff': 80, 'stochastic': 53.95451630395087, 'obv': 75, 'bollinger': 0, 'momentum_quality': 98.2, 'regime_score': 50, 'rr_score': 100, 'base_tech': np.float64(70.6)}","{'base_tech_score': np.float64(70.6), 'insider_bonus': 0.0, 'deviation_penalty': 0.0, 'blowoff_penalty': 0.0, 'short_excessive_penalty': 25, 'weekly_penalty': 10, 'resistance_penalty': 0.0, 'rr_penalty': 0.0, 'cmf_confluence_val': 0.0, 'penny_penalty': 0.0, 'penny_non_acc_penalty': 0.0, 'scalping_bonus': 10.0, 'fund_penalty': -10.0, 'macd_reversal_bonus': 0.0, 'sector_rs_bonus': 0.0, 'confluence_bonus': 0.0, 'short_squeeze_bonus': 0.0, 'ai_momentum_bonus': 0.0}",N/A,,,,,6.12,0.87,0.87,False,False
CSCO,"Cisco Systems, Inc.",$121.43,121.43000030517578,Technology,Communication Equipment,0.45,42.3,69.3,0.00052,False,False,False,61.1,Markup,"{'trend': 85.0, 'momentum': 77.4, 'flow': 49.0, 'volatility': 73, 'structure': 80.0, 'momentum_quality': 87.2, 'insider': 50.0}",2.0,4.920154944420748,0.0164,Core Holding,매수 우위 (안정적 상승 추세 안착),False,하락,상단,골든크로스 진행,5.3,0.0,상승,312074520.5450741,0.354,0.12,0.64296997,0.24992001,9288375296.0,"[{'text': '상승 추세', 'cls': 'positive'}, {'text': '⚠️ 장기 매물대(저항선) 충돌 위험', 'cls': 'negative'}, {'text': '📊 VWAP 상회 주의', 'cls': 'neutral'}]","{'mfc': 69, 'wyckoff': 80, 'stochastic': 36.73646015995839, 'obv': 25, 'bollinger': 0, 'momentum_quality': 87.2, 'regime_score': 50, 'rr_score': 88.2, 'base_tech': np.float64(59.1)}","{'base_tech_score': np.float64(59.1), 'insider_bonus': 0.0, 'deviation_penalty': 0.0, 'blowoff_penalty': 0.0, 'short_excessive_penalty': 0.0, 'weekly_penalty': 0.0, 'resistance_penalty': 15, 'rr_penalty': 0.0, 'cmf_confluence_val': 0.0, 'penny_penalty': 0.0, 'penny_non_acc_penalty': 0.0, 'scalping_bonus': 0.0, 'fund_penalty': -8.0, 'macd_reversal_bonus': 0.0, 'sector_rs_bonus': 0.0, 'confluence_bonus': 0.0, 'short_squeeze_bonus': 0.0, 'ai_momentum_bonus': 0.0}",N/A,,,,,0.45,0.63,0.63,False,False
EXPE,"Expedia Group, Inc.",$310.68,310.67999267578125,Consumer Cyclical,Travel Services,1.34,42.3,72.4,0.0061500003,False,False,False,66.1,Markup,"{'trend': 100, 'momentum': 83.7, 'flow': 57.0, 'volatility': 53, 'structure': 65.0, 'momentum_quality': 100, 'insider': 50.0}",-5.0,13.639268644358385,0.091000006,Tactical Overweight,매수 우위 (강력 매수 - 다중지표 강세 컨플루언스 확인),False,상승,상단,정배열,9.8,0.0,하락,13465740.711590229,1.661,0.14,0.90433,0.1898,3434374912.0,"[{'text': '상승 추세', 'cls': 'positive'}, {'text': '🚨 강력한 하방 압력(공매도 급증 +13.6%)', 'cls': 'negative'}, {'text': 'OBV 상승', 'cls': 'positive'}, {'text': '📈 EPS 반등/턴어라운드', 'cls': 'positive'}]","{'mfc': 72, 'wyckoff': 80, 'stochastic': 34.2734400390092, 'obv': 75, 'bollinger': 0, 'momentum_quality': 100, 'regime_score': 50, 'rr_score': 90.1, 'base_tech': np.float64(67.9)}","{'base_tech_score': np.float64(67.9), 'insider_bonus': 0.0, 'deviation_penalty': 0.0, 'blowoff_penalty': 0.0, 'short_excessive_penalty': 25, 'weekly_penalty': 0.0, 'resistance_penalty': 0.0, 'rr_penalty': 0.0, 'cmf_confluence_val': 0.0, 'penny_penalty': 0.0, 'penny_non_acc_penalty': 0.0, 'scalping_bonus': 0.0, 'fund_penalty': -18.0, 'macd_reversal_bonus': 0.0, 'sector_rs_bonus': 0.0, 'confluence_bonus': 0.0, 'short_squeeze_bonus': 0.0, 'ai_momentum_bonus': 0.0}",N/A,,,,,1.34,0.98,0.98,False,False
KHC,The Kraft Heinz Company,$25.32,25.31999969482422,Consumer Defensive,Packaged Foods,1.44,42.0,51.1,0.27777,False,False,False,48.5,Accumulation,"{'trend': 50.0, 'momentum': 45.6, 'flow': 41.0, 'volatility': 68, 'structure': 65.0, 'momentum_quality': 20.6, 'insider': 50.0}",0.0,2.572783360773861,0.1076,Tactical Hold,매도 우위 (하방 경계 - 바닥 탐색 진행 중),False,하락,하단,데드크로스 진행,-2.4,0.0,상승,-64801712.292211615,,-0.014,0.33498,0.1549,3250500096.0,"[{'text': '매집 구간', 'cls': 'positive'}, {'text': '🚨 공매도 비중 주의 (10.76%)', 'cls': 'negative'}]","{'mfc': 51, 'wyckoff': 100, 'stochastic': 21.521556488501624, 'obv': 25, 'bollinger': 100, 'momentum_quality': 20.6, 'regime_score': 50, 'rr_score': 100, 'base_tech': np.float64(52.6)}","{'base_tech_score': np.float64(52.6), 'insider_bonus': 0.0, 'deviation_penalty': 0.0, 'blowoff_penalty': 0.0, 'short_excessive_penalty': 0.0, 'weekly_penalty': 0.0, 'resistance_penalty': 0.0, 'rr_penalty': 0.0, 'cmf_confluence_val': 0.0, 'penny_penalty': 0.0, 'penny_non_acc_penalty': 0.0, 'scalping_bonus': 0.0, 'fund_penalty': 0.0, 'macd_reversal_bonus': 0.0, 'sector_rs_bonus': 0.0, 'confluence_bonus': 0.0, 'short_squeeze_bonus': 0.0, 'ai_momentum_bonus': 0.0}",N/A,,,,,1.44,1.0,1.0,False,False
ADPT,Adaptive Biotechnologies Corpor,$24.93,24.93000030517578,Healthcare,Diagnostics & Research,5.64,41.9,75.5,0.01387,False,False,False,63.6,Markup,"{'trend': 100, 'momentum': 94.6, 'flow': 97.0, 'volatility': 33, 'structure': 80.0, 'momentum_quality': 100, 'insider': 50.0}",-8.0,49.066944036524085,0.09060001,Tactical Overweight,매수 우위 (강력 매수 - 다중지표 강세 컨플루언스 확인),True,상승,상단 돌파,정배열,9.2,16.0,상승,35261689.322375104,,0.215,0.46942002,-0.2204,18976624.0,"[{'text': '상승 추세', 'cls': 'positive'}, {'text': '🚨 강력한 하방 압력(공매도 급증 +49.1%)', 'cls': 'negative'}, {'text': '🔄 MACD 반전', 'cls': 'positive'}, {'text': '🔥 Accumulation Confluence (CMF+ADL)', 'cls': 'positive'}, {'text': '🎯 시그널 컨플루언스 (3)', 'cls': 'positive'}, {'text': 'Stoch 골든크로스', 'cls': 'positive'}, {'text': 'OBV 상승', 'cls': 'positive'}, {'text': '🔴 영업손실(-22%)', 'cls': 'negative'}, {'text': '🔴 적자기업(PER<0)', 'cls': 'negative'}]","{'mfc': 76, 'wyckoff': 80, 'stochastic': 52.371505044115914, 'obv': 75, 'bollinger': 0, 'momentum_quality': 100, 'regime_score': 50, 'rr_score': 67.3, 'base_tech': np.float64(71.1)}","{'base_tech_score': np.float64(71.1), 'insider_bonus': 0.0, 'deviation_penalty': 0.0, 'blowoff_penalty': 0.0, 'short_excessive_penalty': 25, 'weekly_penalty': 0.0, 'resistance_penalty': 0.0, 'rr_penalty': 0.0, 'cmf_confluence_val': 0.0, 'penny_penalty': 0.0, 'penny_non_acc_penalty': 0.0, 'scalping_bonus': 16.0, 'fund_penalty': 17.0, 'macd_reversal_bonus': 5.0, 'sector_rs_bonus': 0.0, 'confluence_bonus': 8.0, 'short_squeeze_bonus': 0.0, 'ai_momentum_bonus': 0.0}",N/A,,,,,5.64,0.87,0.87,True,False
BMY,Bristol-Myers Squibb Company,$64.72,64.72000122070312,Healthcare,Drug Manufacturers - General,0.89,41.7,74.1,0.00098,False,False,False,63.6,Markup,"{'trend': 100, 'momentum': 77.2, 'flow': 73.0, 'volatility': 63, 'structure': 65.0, 'momentum_quality': 100, 'insider': 50.0}",-3.0,13.486582804204982,0.022,Tactical Overweight,매수 우위 (강력 매수 - 다중지표 강세 컨플루언스 확인),False,상승,상단,정배열,4.0,0.0,상승,-13960736.787726635,1.532,0.057,0.71661,0.34418,8114375168.0,"[{'text': '상승 추세', 'cls': 'positive'}, {'text': '🚨 강력한 하방 압력(공매도 급증 +13.5%)', 'cls': 'negative'}, {'text': '📊 VWAP 상회 주의', 'cls': 'neutral'}, {'text': 'OBV 상승', 'cls': 'positive'}, {'text': '📈 EPS 반등/턴어라운드', 'cls': 'positive'}]","{'mfc': 74, 'wyckoff': 80, 'stochastic': 33.645319978236046, 'obv': 75, 'bollinger': 0, 'momentum_quality': 100, 'regime_score': 50, 'rr_score': 86.1, 'base_tech': np.float64(68.4)}","{'base_tech_score': np.float64(68.4), 'insider_bonus': 0.0, 'deviation_penalty': 0.0, 'blowoff_penalty': 0.0, 'short_excessive_penalty': 25, 'weekly_penalty': 0.0, 'resistance_penalty': 0.0, 'rr_penalty': 0.0, 'cmf_confluence_val': 0.0, 'penny_penalty': 0.0, 'penny_non_acc_penalty': 0.0, 'scalping_bonus': 0.0, 'fund_penalty': -15.0, 'macd_reversal_bonus': 0.0, 'sector_rs_bonus': 0.0, 'confluence_bonus': 0.0, 'short_squeeze_bonus': 0.0, 'ai_momentum_bonus': 0.0}",N/A,,,,,0.89,0.57,0.57,False,False
OVV,Ovintiv Inc. (DE),$59.36,59.36000061035156,Energy,Oil & Gas E&P,-0.84,41.5,63.4,0.00466,False,False,False,51.9,Accumulation,"{'trend': 100, 'momentum': 48.3, 'flow': 45.0, 'volatility': 73, 'structure': 75.0, 'momentum_quality': 27.6, 'insider': 50.0}",-5.0,10.172538886927146,0.057600003,Aggressive Buy,매수 우위 (분할 매수 - 바닥 확인 후 모멘텀 턴어라운드),False,하락,하단,정배열,-0.2,0.0,상승,62497461.08215652,0.485,0.297,0.53859,0.36176997,1230499968.0,"[{'text': '매집 구간', 'cls': 'positive'}, {'text': '🚨 강력한 하방 압력(공매도 급증 +10.2%)', 'cls': 'negative'}, {'text': '📈 EPS 반등/턴어라운드', 'cls': 'positive'}, {'text': '🚀 매출 고성장', 'cls': 'positive'}]","{'mfc': 63, 'wyckoff': 100, 'stochastic': 22.955462070881694, 'obv': 25, 'bollinger': 100, 'momentum_quality': 27.6, 'regime_score': 50, 'rr_score': 87.4, 'base_tech': np.float64(58.1)}","{'base_tech_score': np.float64(58.1), 'insider_bonus': 0.0, 'deviation_penalty': 0.0, 'blowoff_penalty': 0.0, 'short_excessive_penalty': 25, 'weekly_penalty': 0.0, 'resistance_penalty': 0.0, 'rr_penalty': 0.0, 'cmf_confluence_val': 0.0, 'penny_penalty': 0.0, 'penny_non_acc_penalty': 0.0, 'scalping_bonus': 0.0, 'fund_penalty': -25.0, 'macd_reversal_bonus': 0.0, 'sector_rs_bonus': 0.0, 'confluence_bonus': 0.0, 'short_squeeze_bonus': 0.0, 'ai_momentum_bonus': 0.0}",N/A,,,,,-0.84,0.65,0.65,False,False
WMT,Walmart Inc.,$111.85,111.8499984741211,Consumer Defensive,Discount Stores,-0.2,41.1,44.1,0.44849998,False,False,False,46.8,Distribution,"{'trend': 5, 'momentum': 74.7, 'flow': 37.0, 'volatility': 93, 'structure': 20.0, 'momentum_quality': 63.4, 'insider': 50.0}",7.0,-11.046863601223203,0.0168,Underweight,매도 우위 (투매 경고 - 강한 하방 압력),True,하락,하단,역배열,-0.1,0.0,상승,-134720852.99057126,0.188,0.073,0.24976,0.042150002,6862249984.0,"[{'text': '분산 경고', 'cls': 'negative'}, {'text': '⚠️ 주봉 역배열(하락추세)', 'cls': 'negative'}, {'text': 'Stoch 골든크로스', 'cls': 'positive'}, {'text': 'Squeeze 대기', 'cls': 'neutral'}, {'text': '🔥 숏커버 (-11.0%)', 'cls': 'positive'}]","{'mfc': 44, 'wyckoff': 30, 'stochastic': 63.25792118304932, 'obv': 25, 'bollinger': 100, 'momentum_quality': 63.4, 'regime_score': 50, 'rr_score': 100, 'base_tech': np.float64(48.9)}","{'base_tech_score': np.float64(48.9), 'insider_bonus': 0.0, 'deviation_penalty': 0.0, 'blowoff_penalty': 0.0, 'short_excessive_penalty': 0.0, 'weekly_penalty': 10, 'resistance_penalty': 0.0, 'rr_penalty': 0.0, 'cmf_confluence_val': 0.0, 'penny_penalty': 0.0, 'penny_non_acc_penalty': 0.0, 'scalping_bonus': 0.0, 'fund_penalty': -5.0, 'macd_reversal_bonus': 0.0, 'sector_rs_bonus': 0.0, 'confluence_bonus': 0.0, 'short_squeeze_bonus': 0.0, 'ai_momentum_bonus': 0.0}",N/A,,,,,-0.2,0.79,0.79,False,False
ASAN,"Asana, Inc.",$9.26,9.260000228881836,Technology,Software - Application,6.68,40.7,75.7,0.44357,False,True,False,67.2,Markup,"{'trend': 100, 'momentum': 97.8, 'flow': 90.0, 'volatility': 3, 'structure': 80.0, 'momentum_quality': 98.2, 'insider': 50.0}",-8.0,12.579892796965774,0.38810003,Tactical Overweight,매수 우위 (강력 매수 - 다중지표 강세 컨플루언스 확인),True,상승,상단,정배열,17.1,10.0,상승,-19293617.740660362,,0.095,0.88505995,-0.074310005,189131632.0,"[{'text': '상승 추세', 'cls': 'positive'}, {'text': '🚨 강력한 하방 압력(공매도 급증 +12.6%)', 'cls': 'negative'}, {'text': '🚀 숏스퀴즈 가능성', 'cls': 'positive'}, {'text': 'Stoch 골든크로스', 'cls': 'positive'}, {'text': 'OBV 상승', 'cls': 'positive'}, {'text': '🚨 공매도 비중 주의 (38.81%)', 'cls': 'negative'}]","{'mfc': 76, 'wyckoff': 80, 'stochastic': 51.624288152179254, 'obv': 75, 'bollinger': 0, 'momentum_quality': 98.2, 'regime_score': 50, 'rr_score': 55.3, 'base_tech': np.float64(70.8)}","{'base_tech_score': np.float64(70.8), 'insider_bonus': 0.0, 'deviation_penalty': 0.0, 'blowoff_penalty': 0.0, 'short_excessive_penalty': 25, 'weekly_penalty': 0.0, 'resistance_penalty': 0.0, 'rr_penalty': 0.0, 'cmf_confluence_val': 0.0, 'penny_penalty': 0.0, 'penny_non_acc_penalty': 0.0, 'scalping_bonus': 10.0, 'fund_penalty': 8.0, 'macd_reversal_bonus': 0.0, 'sector_rs_bonus': 0.0, 'confluence_bonus': 0.0, 'short_squeeze_bonus': 15.0, 'ai_momentum_bonus': 0.0}",N/A,,,,,6.68,0.91,0.91,False,False
NOG,"Northern Oil and Gas, Inc.",$21.60,21.600000381469727,Energy,Oil & Gas E&P,6.51,40.6,51.3,0.02894,False,True,False,57.5,Accumulation,"{'trend': 28.0, 'momentum': 61.9, 'flow': 58.0, 'volatility': 73, 'structure': 65.0, 'momentum_quality': 28.2, 'insider': 50.0}",-3.5,9.902164819586252,0.21069999,Tactical Hold,"중립 대기 (방향성 탐색 중, 뚜렷한 주도력 부재)",True,하락,상단,데드크로스 진행,3.7,10.0,상승,-1221599.2290096837,1.376,0.16,0.75398004,0.57238996,,"[{'text': '매집 구간', 'cls': 'positive'}, {'text': '🚨 강력한 하방 압력(공매도 급증 +9.9%)', 'cls': 'negative'}, {'text': '⚠️ 장기 매물대(저항선) 충돌 위험', 'cls': 'negative'}, {'text': '🚀 숏스퀴즈 가능성', 'cls': 'positive'}, {'text': 'Stoch 골든크로스', 'cls': 'positive'}, {'text': '📈 EPS 반등/턴어라운드', 'cls': 'positive'}, {'text': '🚨 공매도 비중 주의 (21.07%)', 'cls': 'negative'}]","{'mfc': 51, 'wyckoff': 100, 'stochastic': 67.79938779537316, 'obv': 25, 'bollinger': 0, 'momentum_quality': 28.2, 'regime_score': 50, 'rr_score': 100, 'base_tech': np.float64(51.3)}","{'base_tech_score': np.float64(51.3), 'insider_bonus': 0.0, 'deviation_penalty': 0.0, 'blowoff_penalty': 0.0, 'short_excessive_penalty': 25, 'weekly_penalty': 0.0, 'resistance_penalty': 15, 'rr_penalty': 0.0, 'cmf_confluence_val': 0.0, 'penny_penalty': 0.0, 'penny_non_acc_penalty': 0.0, 'scalping_bonus': 10.0, 'fund_penalty': -18.0, 'macd_reversal_bonus': 0.0, 'sector_rs_bonus': 0.0, 'confluence_bonus': 0.0, 'short_squeeze_bonus': 15.0, 'ai_momentum_bonus': 0.0}",N/A,,,,,6.51,0.93,0.93,False,False
NCLH,Norwegian Cruise Line Holdings ,$19.25,19.25,Consumer Cyclical,Travel Services,-0.62,40.5,56.3,0.00546,False,False,False,47.5,Accumulation,"{'trend': 53.0, 'momentum': 47.2, 'flow': 68.0, 'volatility': 73, 'structure': 65.0, 'momentum_quality': 22.7, 'insider': 50.0}",-1.5,-1.8810294283375322,0.2017,Tactical Hold,"중립 대기 (방향성 탐색 중, 뚜렷한 주도력 부재)",False,상승,하단,혼합,-1.8,0.0,상승,-229343229.55389634,6.42,0.049,0.42457,0.14042,-1680301312.0,"[{'text': '매집 구간', 'cls': 'positive'}, {'text': '⚠️ 장기 매물대(저항선) 충돌 위험', 'cls': 'negative'}, {'text': 'OBV 상승', 'cls': 'positive'}, {'text': '📈 EPS 반등/턴어라운드', 'cls': 'positive'}, {'text': '🚨 공매도 비중 주의 (20.17%)', 'cls': 'negative'}]","{'mfc': 56, 'wyckoff': 100, 'stochastic': 30.949717538515884, 'obv': 75, 'bollinger': 100, 'momentum_quality': 22.7, 'regime_score': 50, 'rr_score': 100, 'base_tech': np.float64(61.8)}","{'base_tech_score': np.float64(61.8), 'insider_bonus': 0.0, 'deviation_penalty': 0.0, 'blowoff_penalty': 0.0, 'short_excessive_penalty': 0.0, 'weekly_penalty': 0.0, 'resistance_penalty': 15, 'rr_penalty': 0.0, 'cmf_confluence_val': 0.0, 'penny_penalty': 0.0, 'penny_non_acc_penalty': 0.0, 'scalping_bonus': 0.0, 'fund_penalty': -7.5, 'macd_reversal_bonus': 0.0, 'sector_rs_bonus': 0.0, 'confluence_bonus': 0.0, 'short_squeeze_bonus': 0.0, 'ai_momentum_bonus': 0.0}",N/A,,,,,-0.62,0.69,0.69,False,False
CNQ,Canadian Natural Resources Limi,$45.51,45.5099983215332,Energy,Oil & Gas E&P,0.13,40.5,49.4,0.02173,False,False,False,54.0,Markdown,"{'trend': 65.0, 'momentum': 50.4, 'flow': 29.0, 'volatility': 83, 'structure': 15.0, 'momentum_quality': 27.5, 'insider': 50.0}",7.0,-15.126490709719276,0.0,Tactical Hold,매도 우위 (비중 축소 - 지지선 단기 이탈 및 추세 악화),False,하락,상단,혼합,0.9,0.0,하락,74013148.06165299,0.831,0.695,0.51576,0.43091,7420125184.0,"[{'text': '하락 추세', 'cls': 'negative'}, {'text': '⚠️ 장기 매물대(저항선) 충돌 위험', 'cls': 'negative'}, {'text': '📊 VWAP 상회 주의', 'cls': 'neutral'}, {'text': '📈 EPS 반등/턴어라운드', 'cls': 'positive'}, {'text': '🚀 매출 고성장', 'cls': 'positive'}, {'text': '🔥 숏커버 (-15.1%)', 'cls': 'positive'}]","{'mfc': 49, 'wyckoff': 10, 'stochastic': 25.921577521835673, 'obv': 25, 'bollinger': 0, 'momentum_quality': 27.5, 'regime_score': 50, 'rr_score': 100, 'base_tech': np.float64(29.3)}","{'base_tech_score': np.float64(29.3), 'insider_bonus': 0.0, 'deviation_penalty': 0.0, 'blowoff_penalty': 0.0, 'short_excessive_penalty': 0.0, 'weekly_penalty': 0.0, 'resistance_penalty': 15, 'rr_penalty': 0.0, 'cmf_confluence_val': 0.0, 'penny_penalty': 0.0, 'penny_non_acc_penalty': 0.0, 'scalping_bonus': 0.0, 'fund_penalty': -25.0, 'macd_reversal_bonus': 0.0, 'sector_rs_bonus': 0.0, 'confluence_bonus': 0.0, 'short_squeeze_bonus': 0.0, 'ai_momentum_bonus': 0.0}",N/A,,,,,0.13,0.59,0.59,False,False
APA,APA Corporation,$37.63,37.630001068115234,Energy,Oil & Gas E&P,3.01,40.3,72.9,0.00442,False,False,False,59.4,Markup,"{'trend': 95.0, 'momentum': 83.7, 'flow': 63.0, 'volatility': 53, 'structure': 80.0, 'momentum_quality': 68.8, 'insider': 50.0}",-5.0,15.873093522422204,0.12,Core Holding,매수 우위 (안정적 상승 추세 안착),True,하락,상단,골든크로스 진행,5.7,10.0,상승,143070291.89416173,0.239,0.092,0.78255,0.56331,2146749952.0,"[{'text': '상승 추세', 'cls': 'positive'}, {'text': '🚨 강력한 하방 압력(공매도 급증 +15.9%)', 'cls': 'negative'}, {'text': '🔥 Accumulation Confluence (CMF+ADL)', 'cls': 'positive'}, {'text': 'Stoch 골든크로스', 'cls': 'positive'}, {'text': '🚨 공매도 비중 주의 (12.00%)', 'cls': 'negative'}]","{'mfc': 73, 'wyckoff': 80, 'stochastic': 69.6604589727153, 'obv': 25, 'bollinger': 0, 'momentum_quality': 68.8, 'regime_score': 50, 'rr_score': 89.6, 'base_tech': np.float64(61.6)}","{'base_tech_score': np.float64(61.6), 'insider_bonus': 0.0, 'deviation_penalty': 0.0, 'blowoff_penalty': 0.0, 'short_excessive_penalty': 25, 'weekly_penalty': 0.0, 'resistance_penalty': 0.0, 'rr_penalty': 0.0, 'cmf_confluence_val': 0.0, 'penny_penalty': 0.0, 'penny_non_acc_penalty': 0.0, 'scalping_bonus': 10.0, 'fund_penalty': -5.0, 'macd_reversal_bonus': 0.0, 'sector_rs_bonus': 0.0, 'confluence_bonus': 0.0, 'short_squeeze_bonus': 0.0, 'ai_momentum_bonus': 0.0}",N/A,,,,,3.01,1.01,1.01,False,False
DVN,Devon Energy Corporation,$42.98,42.97999954223633,Energy,Oil & Gas E&P,-0.3,40.0,38.3,0.00704,False,False,False,46.9,Markdown,"{'trend': 8.0, 'momentum': 44.4, 'flow': 43.0, 'volatility': 83, 'structure': 15.0, 'momentum_quality': 10.5, 'insider': 50.0}",0.0,6.69213829089075,0.0286,Avoid / Sell-off,매도 우위 (전면 회피 - 다중지표 약세 컨플루언스 확인),False,하락,하단,역배열,-1.9,0.0,상승,73773389.25662053,1.126,0.642,0.50349,0.41077,782625024.0,"[{'text': '하락 추세', 'cls': 'negative'}, {'text': '⚠️ 주봉 역배열(하락추세)', 'cls': 'negative'}, {'text': 'Squeeze 대기', 'cls': 'neutral'}, {'text': '📈 EPS 반등/턴어라운드', 'cls': 'positive'}, {'text': '🚀 매출 고성장', 'cls': 'positive'}]","{'mfc': 38, 'wyckoff': 10, 'stochastic': 29.257040551294313, 'obv': 25, 'bollinger': 100, 'momentum_quality': 10.5, 'regime_score': 50, 'rr_score': 100, 'base_tech': np.float64(31.3)}","{'base_tech_score': np.float64(31.3), 'insider_bonus': 0.0, 'deviation_penalty': 0.0, 'blowoff_penalty': 0.0, 'short_excessive_penalty': 0.0, 'weekly_penalty': 10, 'resistance_penalty': 0.0, 'rr_penalty': 0.0, 'cmf_confluence_val': 0.0, 'penny_penalty': 0.0, 'penny_non_acc_penalty': 0.0, 'scalping_bonus': 0.0, 'fund_penalty': -25.0, 'macd_reversal_bonus': 0.0, 'sector_rs_bonus': 0.0, 'confluence_bonus': 0.0, 'short_squeeze_bonus': 0.0, 'ai_momentum_bonus': 0.0}",N/A,,,,,-0.3,0.54,0.54,False,False
FSLR,"First Solar, Inc.",$250.05,250.0500030517578,Technology,Solar,2.42,39.9,70.9,0.05353,False,False,False,64.0,Markup,"{'trend': 73.0, 'momentum': 98.7, 'flow': 54.0, 'volatility': 53, 'structure': 80.0, 'momentum_quality': 100, 'insider': 50.0}",-5.0,15.849879105929723,0.120299995,Tactical Overweight,매수 우위 (강력 매수 - 다중지표 강세 컨플루언스 확인),False,상승,상단 돌파,골든크로스 진행,15.0,10.0,하락,4885028.144085325,0.236,-0.037,0.44015998,0.42641997,1598684800.0,"[{'text': '상승 추세', 'cls': 'positive'}, {'text': '🚨 강력한 하방 압력(공매도 급증 +15.8%)', 'cls': 'negative'}, {'text': 'OBV 상승', 'cls': 'positive'}, {'text': '🚨 공매도 비중 주의 (12.03%)', 'cls': 'negative'}]","{'mfc': 71, 'wyckoff': 80, 'stochastic': 45.001362097827915, 'obv': 75, 'bollinger': 0, 'momentum_quality': 100, 'regime_score': 50, 'rr_score': 100, 'base_tech': np.float64(68.6)}","{'base_tech_score': np.float64(68.6), 'insider_bonus': 0.0, 'deviation_penalty': 0.0, 'blowoff_penalty': 0.0, 'short_excessive_penalty': 25, 'weekly_penalty': 0.0, 'resistance_penalty': 0.0, 'rr_penalty': 0.0, 'cmf_confluence_val': 0.0, 'penny_penalty': 0.0, 'penny_non_acc_penalty': 0.0, 'scalping_bonus': 10.0, 'fund_penalty': -5.0, 'macd_reversal_bonus': 0.0, 'sector_rs_bonus': 0.0, 'confluence_bonus': 0.0, 'short_squeeze_bonus': 0.0, 'ai_momentum_bonus': 0.0}",N/A,,,,,2.42,2.07,2.07,False,False
DNOW,DNOW Inc.,$16.52,16.520000457763672,Industrials,Industrial Distribution,7.34,39.8,78.6,0.01721,False,False,False,77.1,Markup,"{'trend': 100, 'momentum': 90.5, 'flow': 100, 'volatility': 33, 'structure': 80.0, 'momentum_quality': 100, 'insider': 50.0}",-8.0,23.64269112609707,0.1313,Tactical Overweight,매수 우위 (강력 매수 - 다중지표 강세 컨플루언스 확인),True,상승,상단 돌파,정배열,16.8,10.0,상승,-5065122.541396037,,1.081,0.2023,0.01071,-533750016.0,"[{'text': '상승 추세', 'cls': 'positive'}, {'text': '🚨 강력한 하방 압력(공매도 급증 +23.6%)', 'cls': 'negative'}, {'text': 'Stoch 골든크로스', 'cls': 'positive'}, {'text': 'OBV 상승', 'cls': 'positive'}, {'text': '🚀 매출 고성장', 'cls': 'positive'}, {'text': '🚨 공매도 비중 주의 (13.13%)', 'cls': 'negative'}]","{'mfc': 79, 'wyckoff': 80, 'stochastic': 52.40137128703623, 'obv': 75, 'bollinger': 0, 'momentum_quality': 100, 'regime_score': 50, 'rr_score': 61.3, 'base_tech': np.float64(72.2)}","{'base_tech_score': np.float64(72.2), 'insider_bonus': 0.0, 'deviation_penalty': 0.0, 'blowoff_penalty': 0.0, 'short_excessive_penalty': 25, 'weekly_penalty': 0.0, 'resistance_penalty': 0.0, 'rr_penalty': 0.0, 'cmf_confluence_val': 0.0, 'penny_penalty': 0.0, 'penny_non_acc_penalty': 0.0, 'scalping_bonus': 10.0, 'fund_penalty': -5.0, 'macd_reversal_bonus': 0.0, 'sector_rs_bonus': 0.0, 'confluence_bonus': 0.0, 'short_squeeze_bonus': 0.0, 'ai_momentum_bonus': 0.0}",N/A,,,,,7.34,1.41,1.41,False,False
MMED,"MiniMed Group, Inc.",$19.60,19.600000381469727,Healthcare,Medical Instruments & Supplies,6.41,39.7,69.6,0.90724,False,True,False,71.8,Markup,"{'trend': 100, 'momentum': 76.6, 'flow': 50.0, 'volatility': 33, 'structure': 80.0, 'momentum_quality': 100, 'insider': 50.0}",-8.0,39.00905116345501,0.22639999,Core Holding,매수 우위 (안정적 상승 추세 안착),False,하락,상단,정배열,12.9,10.0,상승,-18641608.486968394,,0.156,0.57060003,0.083629996,-71750000.0,"[{'text': '상승 추세', 'cls': 'positive'}, {'text': '🚨 강력한 하방 압력(공매도 급증 +39.0%)', 'cls': 'negative'}, {'text': '🚀 숏스퀴즈 가능성', 'cls': 'positive'}, {'text': '🚨 공매도 비중 주의 (22.64%)', 'cls': 'negative'}]","{'mfc': 70, 'wyckoff': 80, 'stochastic': 45.00582310296551, 'obv': 25, 'bollinger': 0, 'momentum_quality': 100, 'regime_score': 50, 'rr_score': 75.5, 'base_tech': np.float64(62.2)}","{'base_tech_score': np.float64(62.2), 'insider_bonus': 0.0, 'deviation_penalty': 0.0, 'blowoff_penalty': 0.0, 'short_excessive_penalty': 25, 'weekly_penalty': 0.0, 'resistance_penalty': 0.0, 'rr_penalty': 0.0, 'cmf_confluence_val': 0.0, 'penny_penalty': 0.0, 'penny_non_acc_penalty': 0.0, 'scalping_bonus': 10.0, 'fund_penalty': 2.0, 'macd_reversal_bonus': 0.0, 'sector_rs_bonus': 0.0, 'confluence_bonus': 0.0, 'short_squeeze_bonus': 15.0, 'ai_momentum_bonus': 0.0}",N/A,,,,,6.41,1.52,1.52,False,False
DIS,Walt Disney Company (The),$104.91,104.91000366210938,Communication Services,Entertainment,0.22,39.5,73.9,0.00062,False,False,False,66.6,Markup,"{'trend': 80.0, 'momentum': 89.4, 'flow': 77.0, 'volatility': 63, 'structure': 80.0, 'momentum_quality': 96.6, 'insider': 50.0}",4.0,-6.232232571295344,0.012999999,Tactical Overweight,매수 우위 (강력 매수 - 다중지표 강세 컨플루언스 확인),True,상승,상단 돌파,골든크로스 진행,7.2,0.0,상승,-95801572.57365994,-0.499,0.068,0.37595,0.19301,4860375040.0,"[{'text': '상승 추세', 'cls': 'positive'}, {'text': '⚠️ 주봉 역배열(하락추세)', 'cls': 'negative'}, {'text': 'Stoch 골든크로스', 'cls': 'positive'}, {'text': 'OBV 상승', 'cls': 'positive'}, {'text': '⚠️ EPS 감소(-50%)', 'cls': 'negative'}]","{'mfc': 74, 'wyckoff': 80, 'stochastic': 67.46567937617691, 'obv': 75, 'bollinger': 0, 'momentum_quality': 96.6, 'regime_score': 50, 'rr_score': 46.0, 'base_tech': np.float64(71.9)}","{'base_tech_score': np.float64(71.9), 'insider_bonus': 0.0, 'deviation_penalty': 0.0, 'blowoff_penalty': 0.0, 'short_excessive_penalty': 0.0, 'weekly_penalty': 10, 'resistance_penalty': 0.0, 'rr_penalty': 0.0, 'cmf_confluence_val': 0.0, 'penny_penalty': 0.0, 'penny_non_acc_penalty': 0.0, 'scalping_bonus': 0.0, 'fund_penalty': 12.0, 'macd_reversal_bonus': 0.0, 'sector_rs_bonus': 0.0, 'confluence_bonus': 0.0, 'short_squeeze_bonus': 0.0, 'ai_momentum_bonus': 0.0}",N/A,,,,,0.22,0.86,0.86,False,False
NEE,"NextEra Energy, Inc.",$84.65,84.6500015258789,Utilities,Utilities - Regulated Electric,0.06,38.6,36.1,0.00116,False,False,False,35.1,Markdown,"{'trend': 10.0, 'momentum': 34.8, 'flow': 33.0, 'volatility': 88, 'structure': 15.0, 'momentum_quality': 28.8, 'insider': 50.0}",8.0,-42.782600011651034,0.0,Avoid / Sell-off,매도 우위 (전면 회피 - 다중지표 약세 컨플루언스 확인),False,하락,하단 이탈,데드크로스 진행,-3.8,0.0,상승,2147400.809162281,0.55,0.124,0.61024,0.31524,-17766875136.0,"[{'text': '하락 추세', 'cls': 'negative'}, {'text': '⚠️ 주봉 역배열(하락추세)', 'cls': 'negative'}, {'text': 'Squeeze 대기', 'cls': 'neutral'}, {'text': '📈 EPS 반등/턴어라운드', 'cls': 'positive'}, {'text': '🔥 숏커버 (-42.8%)', 'cls': 'positive'}]","{'mfc': 36, 'wyckoff': 10, 'stochastic': 39.43170601464864, 'obv': 25, 'bollinger': 100, 'momentum_quality': 28.8, 'regime_score': 50, 'rr_score': 100, 'base_tech': np.float64(34.5)}","{'base_tech_score': np.float64(34.5), 'insider_bonus': 0.0, 'deviation_penalty': 0.0, 'blowoff_penalty': 0.0, 'short_excessive_penalty': 0.0, 'weekly_penalty': 10, 'resistance_penalty': 0.0, 'rr_penalty': 0.0, 'cmf_confluence_val': 0.0, 'penny_penalty': 0.0, 'penny_non_acc_penalty': 0.0, 'scalping_bonus': 0.0, 'fund_penalty': -13.0, 'macd_reversal_bonus': 0.0, 'sector_rs_bonus': 0.0, 'confluence_bonus': 0.0, 'short_squeeze_bonus': 0.0, 'ai_momentum_bonus': 0.0}",N/A,,,,,0.06,0.53,0.53,False,False
INTR,Inter & Co. Inc.,$5.27,5.269999980926514,Financial Services,Banks - Regional,-7.87,38.4,53.6,0.2366,False,False,False,40.2,Markdown,"{'trend': 55.0, 'momentum': 50.2, 'flow': 70.0, 'volatility': 68, 'structure': 15.0, 'momentum_quality': 26.4, 'insider': 50.0}",2.0,-8.464900150508747,0.0433,Tactical Hold,매도 우위 (비중 축소 - 지지선 단기 이탈 및 추세 악화),False,상승,하단 이탈,골든크로스 진행,-5.3,5.0,하락,-35496136.78696317,0.336,0.238,0.0,0.29732,,"[{'text': '하락 추세', 'cls': 'negative'}, {'text': '⚠️ 주봉 역배열(하락추세)', 'cls': 'negative'}, {'text': '📊 VWAP 하회 매수↗', 'cls': 'positive'}, {'text': 'OBV 상승', 'cls': 'positive'}]","{'mfc': 54, 'wyckoff': 10, 'stochastic': 2.2178712200972797, 'obv': 75, 'bollinger': 100, 'momentum_quality': 26.4, 'regime_score': 50, 'rr_score': 100, 'base_tech': np.float64(41.8)}","{'base_tech_score': np.float64(41.8), 'insider_bonus': 0.0, 'deviation_penalty': 0.0, 'blowoff_penalty': 0.0, 'short_excessive_penalty': 0.0, 'weekly_penalty': 10, 'resistance_penalty': 0.0, 'rr_penalty': 0.0, 'cmf_confluence_val': 0.0, 'penny_penalty': 0.0, 'penny_non_acc_penalty': 0.0, 'scalping_bonus': 5.0, 'fund_penalty': -8.0, 'macd_reversal_bonus': 0.0, 'sector_rs_bonus': 0.0, 'confluence_bonus': 0.0, 'short_squeeze_bonus': 0.0, 'ai_momentum_bonus': 0.0}",N/A,,,,,-7.87,1.74,1.74,False,False
ESTC,Elastic N.V.,$75.11,75.11000061035156,Technology,Software - Application,7.38,38.3,78.4,0.12319,False,False,False,75.7,Markup,"{'trend': 100, 'momentum': 79.9, 'flow': 100, 'volatility': 33, 'structure': 80.0, 'momentum_quality': 100, 'insider': 50.0}",-5.0,12.582403838482914,0.0779,Tactical Overweight,매수 우위 (강력 매수 - 다중지표 강세 컨플루언스 확인),False,상승,상단 돌파,정배열,17.3,10.0,상승,18662468.737397324,,0.16,0.76155,-0.03518,461714368.0,"[{'text': '상승 추세', 'cls': 'positive'}, {'text': '🚨 강력한 하방 압력(공매도 급증 +12.6%)', 'cls': 'negative'}, {'text': '🔥 Accumulation Confluence (CMF+ADL)', 'cls': 'positive'}, {'text': 'OBV 상승', 'cls': 'positive'}]","{'mfc': 78, 'wyckoff': 80, 'stochastic': 47.72190909283491, 'obv': 75, 'bollinger': 0, 'momentum_quality': 100, 'regime_score': 50, 'rr_score': 64.0, 'base_tech': np.float64(71.6)}","{'base_tech_score': np.float64(71.6), 'insider_bonus': 0.0, 'deviation_penalty': 0.0, 'blowoff_penalty': 0.0, 'short_excessive_penalty': 25, 'weekly_penalty': 0.0, 'resistance_penalty': 0.0, 'rr_penalty': 0.0, 'cmf_confluence_val': 0.0, 'penny_penalty': 0.0, 'penny_non_acc_penalty': 0.0, 'scalping_bonus': 10.0, 'fund_penalty': 5.0, 'macd_reversal_bonus': 0.0, 'sector_rs_bonus': 0.0, 'confluence_bonus': 0.0, 'short_squeeze_bonus': 0.0, 'ai_momentum_bonus': 0.0}",N/A,,,,,7.38,1.22,1.22,False,False
UAMY,United States Antimony Corporat,$6.85,6.849999904632568,Basic Materials,Other Industrial Metals & Mining,10.31,38.2,65.6,0.08582,False,True,False,57.9,Markup,"{'trend': 55.0, 'momentum': 100, 'flow': 98.0, 'volatility': 3, 'structure': 80.0, 'momentum_quality': 98.2, 'insider': 50.0}",-1.5,-1.5046304635028582,0.2167,Tactical Overweight,매수 우위 (강력 매수 - 다중지표 강세 컨플루언스 확인),True,상승,상단 돌파,골든크로스 진행,20.2,10.0,상승,-19671944.162367165,,-0.031,0.22057,-1.10835,-62349248.0,"[{'text': '상승 추세', 'cls': 'positive'}, {'text': '⚠️ 주봉 역배열(하락추세)', 'cls': 'negative'}, {'text': '🚀 숏스퀴즈 가능성', 'cls': 'positive'}, {'text': 'Stoch 골든크로스', 'cls': 'positive'}, {'text': 'OBV 상승', 'cls': 'positive'}, {'text': '🔴 영업손실(-111%)', 'cls': 'negative'}, {'text': '🔴 적자기업(PER<0)', 'cls': 'negative'}, {'text': '🚨 공매도 비중 주의 (21.67%)', 'cls': 'negative'}]","{'mfc': 66, 'wyckoff': 80, 'stochastic': 60.74396081423295, 'obv': 75, 'bollinger': 0, 'momentum_quality': 98.2, 'regime_score': 50, 'rr_score': 100, 'base_tech': np.float64(68.4)}","{'base_tech_score': np.float64(68.4), 'insider_bonus': 0.0, 'deviation_penalty': 0.0, 'blowoff_penalty': 0.0, 'short_excessive_penalty': 0.0, 'weekly_penalty': 10, 'resistance_penalty': 0.0, 'rr_penalty': 0.0, 'cmf_confluence_val': 0.0, 'penny_penalty': 0.0, 'penny_non_acc_penalty': 0.0, 'scalping_bonus': 10.0, 'fund_penalty': 30.0, 'macd_reversal_bonus': 0.0, 'sector_rs_bonus': 0.0, 'confluence_bonus': 0.0, 'short_squeeze_bonus': 15.0, 'ai_momentum_bonus': 0.0}",N/A,,,,,10.31,0.73,0.73,False,False
ASTS,"AST SpaceMobile, Inc.",$71.94,71.94000244140625,Technology,Communication Equipment,6.8,38.1,54.1,0.07814,False,False,False,54.9,Accumulation,"{'trend': 55.0, 'momentum': 56.6, 'flow': 73.0, 'volatility': 3, 'structure': 75.0, 'momentum_quality': 92.2, 'insider': 50.0}",0.5,-5.021987559938721,0.1993,Aggressive Buy,매수 우위 (분할 매수 - 바닥 확인 후 모멘텀 턴어라운드),False,상승,상단,골든크로스 진행,16.0,10.0,상승,-55133626.84256149,,19.522,0.44823003,-10.13994,-1412748416.0,"[{'text': '매집 구간', 'cls': 'positive'}, {'text': '⚠️ 주봉 역배열(하락추세)', 'cls': 'negative'}, {'text': '📊 VWAP 상회 주의', 'cls': 'neutral'}, {'text': 'OBV 상승', 'cls': 'positive'}, {'text': '🚀 매출 고성장', 'cls': 'positive'}, {'text': '🔴 영업손실(-1014%)', 'cls': 'negative'}, {'text': '🔴 적자기업(PER<0)', 'cls': 'negative'}, {'text': '🚨 공매도 비중 주의 (19.93%)', 'cls': 'negative'}]","{'mfc': 54, 'wyckoff': 100, 'stochastic': 49.368084913629104, 'obv': 75, 'bollinger': 0, 'momentum_quality': 92.2, 'regime_score': 50, 'rr_score': 100, 'base_tech': np.float64(65.7)}","{'base_tech_score': np.float64(65.7), 'insider_bonus': 0.0, 'deviation_penalty': 0.0, 'blowoff_penalty': 0.0, 'short_excessive_penalty': 0.0, 'weekly_penalty': 10, 'resistance_penalty': 0.0, 'rr_penalty': 0.0, 'cmf_confluence_val': 0.0, 'penny_penalty': 0.0, 'penny_non_acc_penalty': 0.0, 'scalping_bonus': 10.0, 'fund_penalty': 15.0, 'macd_reversal_bonus': 0.0, 'sector_rs_bonus': 0.0, 'confluence_bonus': 0.0, 'short_squeeze_bonus': 0.0, 'ai_momentum_bonus': 0.0}",N/A,,,,,6.8,0.66,0.66,False,False
PBR-A,Petroleo Brasileiro S.A. Petrob,$16.06,16.059999465942383,Energy,Oil & Gas Integrated,-2.55,37.4,45.2,0.0,False,False,False,47.7,Distribution,"{'trend': 53.0, 'momentum': 42.1, 'flow': 23.0, 'volatility': 78, 'structure': 30.0, 'momentum_quality': 13.9, 'insider': 45.0}",8.0,-41.44986031030633,0.0117999995,Underweight,매도 우위 (투매 경고 - 강한 하방 압력),False,하락,하단,혼합,-1.9,5.0,하락,85815537.78284708,-0.072,0.004,0.47359002,0.31947002,82932752384.0,"[{'text': '분산 경고', 'cls': 'negative'}, {'text': '⚠️ MACD 하향', 'cls': 'negative'}, {'text': '🔥 숏커버 (-41.4%)', 'cls': 'positive'}]","{'mfc': 45, 'wyckoff': 30, 'stochastic': 10.306047386817305, 'obv': 25, 'bollinger': 100, 'momentum_quality': 13.9, 'regime_score': 50, 'rr_score': 100, 'base_tech': np.float64(35.5)}","{'base_tech_score': np.float64(35.5), 'insider_bonus': 0.0, 'deviation_penalty': 0.0, 'blowoff_penalty': 0.0, 'short_excessive_penalty': 0.0, 'weekly_penalty': 0.0, 'resistance_penalty': 0.0, 'rr_penalty': 0.0, 'cmf_confluence_val': 0.0, 'penny_penalty': 0.0, 'penny_non_acc_penalty': 0.0, 'scalping_bonus': 5.0, 'fund_penalty': 0.0, 'macd_reversal_bonus': -3.0, 'sector_rs_bonus': 0.0, 'confluence_bonus': 0.0, 'short_squeeze_bonus': 0.0, 'ai_momentum_bonus': 0.0}",N/A,,,,,-2.55,1.14,1.14,False,False
CLMT,"Calumet, Inc",$39.48,39.47999954223633,Basic Materials,Specialty Chemicals,-5.73,37.2,41.4,0.20159,False,False,False,46.1,Distribution,"{'trend': 45.0, 'momentum': 41.5, 'flow': 38.0, 'volatility': 68, 'structure': 20.0, 'momentum_quality': 0, 'insider': 50.0}",2.0,-8.885266666749619,0.0533,Underweight,매도 우위 (투매 경고 - 강한 하방 압력),False,하락,하단,데드크로스 진행,-5.8,5.0,하락,11625604.354762986,,0.408,0.06921,-0.04567,172562496.0,"[{'text': '분산 경고', 'cls': 'negative'}, {'text': '📊 VWAP 하회 매수↗', 'cls': 'positive'}, {'text': '🚀 매출 고성장', 'cls': 'positive'}]","{'mfc': 41, 'wyckoff': 30, 'stochastic': 36.03049156984721, 'obv': 25, 'bollinger': 100, 'momentum_quality': 0, 'regime_score': 50, 'rr_score': 100, 'base_tech': np.float64(35.2)}","{'base_tech_score': np.float64(35.2), 'insider_bonus': 0.0, 'deviation_penalty': 0.0, 'blowoff_penalty': 0.0, 'short_excessive_penalty': 0.0, 'weekly_penalty': 0.0, 'resistance_penalty': 0.0, 'rr_penalty': 0.0, 'cmf_confluence_val': 0.0, 'penny_penalty': 0.0, 'penny_non_acc_penalty': 0.0, 'scalping_bonus': 5.0, 'fund_penalty': -2.0, 'macd_reversal_bonus': 0.0, 'sector_rs_bonus': 0.0, 'confluence_bonus': 0.0, 'short_squeeze_bonus': 0.0, 'ai_momentum_bonus': 0.0}",N/A,,,,,-5.73,2.26,2.26,False,False
VIRT,"Virtu Financial, Inc.",$55.85,55.849998474121094,Financial Services,Capital Markets,0.49,37.2,37.1,0.05232,False,False,False,41.4,Markdown,"{'trend': 33.0, 'momentum': 38.7, 'flow': 5.0, 'volatility': 73, 'structure': 15.0, 'momentum_quality': 30.6, 'insider': 50.0}",0.0,-2.439110165306948,0.0581,Avoid / Sell-off,매도 우위 (전면 회피 - 다중지표 약세 컨플루언스 확인),False,하락,하단,데드크로스 진행,-4.6,0.0,하락,17111592.301734537,-0.002,0.291,0.65787005,0.36321,,"[{'text': '하락 추세', 'cls': 'negative'}, {'text': '🚀 매출 고성장', 'cls': 'positive'}]","{'mfc': 37, 'wyckoff': 10, 'stochastic': 30.462417867565428, 'obv': 25, 'bollinger': 100, 'momentum_quality': 30.6, 'regime_score': 50, 'rr_score': 100, 'base_tech': np.float64(34.0)}","{'base_tech_score': np.float64(34.0), 'insider_bonus': 0.0, 'deviation_penalty': 0.0, 'blowoff_penalty': 0.0, 'short_excessive_penalty': 0.0, 'weekly_penalty': 0.0, 'resistance_penalty': 0.0, 'rr_penalty': 0.0, 'cmf_confluence_val': 0.0, 'penny_penalty': 0.0, 'penny_non_acc_penalty': 0.0, 'scalping_bonus': 0.0, 'fund_penalty': -10.0, 'macd_reversal_bonus': 0.0, 'sector_rs_bonus': 0.0, 'confluence_bonus': 0.0, 'short_squeeze_bonus': 0.0, 'ai_momentum_bonus': 0.0}",N/A,,,,,0.49,0.39,0.39,False,False
SSP,E.W. Scripps Company (The),$3.32,3.319999933242798,Communication Services,Broadcasting,12.54,37.0,45.2,0.31242,False,False,False,61.1,Accumulation,"{'trend': 8.0, 'momentum': 59.5, 'flow': 58.0, 'volatility': 43, 'structure': 65.0, 'momentum_quality': 83.0, 'insider': 50.0}",-2.0,7.277697044816524,0.0945,Aggressive Buy,매수 우위 (분할 매수 - 바닥 확인 후 모멘텀 턴어라운드),True,상승,상단 돌파,역배열,10.4,18.0,하락,-6250796.6875618445,,-0.092,0.40358,0.02743,92383376.0,"[{'text': '매집 구간', 'cls': 'positive'}, {'text': '⚠️ 주봉 역배열(하락추세)', 'cls': 'negative'}, {'text': '⚠️ 장기 매물대(저항선) 충돌 위험', 'cls': 'negative'}, {'text': '🔄 MACD 반전', 'cls': 'positive'}, {'text': '🎯 시그널 컨플루언스 (3)', 'cls': 'positive'}, {'text': 'Stoch 골든크로스', 'cls': 'positive'}, {'text': 'OBV 상승', 'cls': 'positive'}, {'text': '거래량 폭발', 'cls': 'neutral'}, {'text': '⚠️ 매출 감소(-9%)', 'cls': 'negative'}, {'text': '🔴 적자기업(PER<0)', 'cls': 'negative'}]","{'mfc': 45, 'wyckoff': 100, 'stochastic': 70.49664805743687, 'obv': 75, 'bollinger': 0, 'momentum_quality': 83.0, 'regime_score': 50, 'rr_score': 72.2, 'base_tech': np.float64(63.7)}","{'base_tech_score': np.float64(63.7), 'insider_bonus': 0.0, 'deviation_penalty': 0.0, 'blowoff_penalty': 0.0, 'short_excessive_penalty': 0.0, 'weekly_penalty': 10, 'resistance_penalty': 15, 'rr_penalty': 0.0, 'cmf_confluence_val': 0.0, 'penny_penalty': 0.0, 'penny_non_acc_penalty': 0.0, 'scalping_bonus': 18.0, 'fund_penalty': 18.0, 'macd_reversal_bonus': 5.0, 'sector_rs_bonus': 0.0, 'confluence_bonus': 8.0, 'short_squeeze_bonus': 0.0, 'ai_momentum_bonus': 0.0}",N/A,,,,,12.54,2.54,2.54,False,False
T,AT&T Inc.,$23.79,23.790000915527344,Communication Services,Telecom Services,0.34,37.0,73.1,0.00086000003,False,False,False,58.7,Markup,"{'trend': 68.0, 'momentum': 80.6, 'flow': 96.0, 'volatility': 63, 'structure': 80.0, 'momentum_quality': 88.3, 'insider': 50.0}",7.0,-14.147070859036862,0.015700001,Core Holding,매수 우위 (안정적 상승 추세 안착),True,상승,상단,혼합,3.6,0.0,상승,-82184110.49207722,0.028,0.023,0.59721,0.24786,10142000128.0,"[{'text': '상승 추세', 'cls': 'positive'}, {'text': '⚠️ 주봉 역배열(하락추세)', 'cls': 'negative'}, {'text': '⚠️ 장기 매물대(저항선) 충돌 위험', 'cls': 'negative'}, {'text': '📊 VWAP 상회 주의', 'cls': 'neutral'}, {'text': 'Stoch 골든크로스', 'cls': 'positive'}, {'text': 'OBV 상승', 'cls': 'positive'}, {'text': '🔥 숏커버 (-14.1%)', 'cls': 'positive'}]","{'mfc': 73, 'wyckoff': 80, 'stochastic': 54.70941233777495, 'obv': 75, 'bollinger': 0, 'momentum_quality': 88.3, 'regime_score': 50, 'rr_score': 89.3, 'base_tech': np.float64(68.8)}","{'base_tech_score': np.float64(68.8), 'insider_bonus': 0.0, 'deviation_penalty': 0.0, 'blowoff_penalty': 0.0, 'short_excessive_penalty': 0.0, 'weekly_penalty': 10, 'resistance_penalty': 15, 'rr_penalty': 0.0, 'cmf_confluence_val': 0.0, 'penny_penalty': 0.0, 'penny_non_acc_penalty': 0.0, 'scalping_bonus': 0.0, 'fund_penalty': 0.0, 'macd_reversal_bonus': 0.0, 'sector_rs_bonus': 0.0, 'confluence_bonus': 0.0, 'short_squeeze_bonus': 0.0, 'ai_momentum_bonus': 0.0}",N/A,,,,,0.34,0.54,0.54,False,False
ACGL,Arch Capital Group Ltd.,$98.48,98.4800033569336,Financial Services,Insurance - Diversified,-0.82,37.0,51.8,0.02683,False,False,False,45.6,Accumulation,"{'trend': 50.0, 'momentum': 47.0, 'flow': 29.0, 'volatility': 78, 'structure': 65.0, 'momentum_quality': 29.4, 'insider': 50.0}",0.0,-1.0300898207125848,0.0304,Tactical Hold,매도 우위 (하방 경계 - 바닥 탐색 진행 중),False,하락,하단,데드크로스 진행,-2.6,0.0,하락,-11741169.216804879,-0.146,-0.105,0.38758,0.26584998,4302125056.0,"[{'text': '매집 구간', 'cls': 'positive'}, {'text': '⚠️ 매출 감소(-10%)', 'cls': 'negative'}]","{'mfc': 52, 'wyckoff': 100, 'stochastic': 39.36033242454823, 'obv': 25, 'bollinger': 100, 'momentum_quality': 29.4, 'regime_score': 50, 'rr_score': 100, 'base_tech': np.float64(56.3)}","{'base_tech_score': np.float64(56.3), 'insider_bonus': 0.0, 'deviation_penalty': 0.0, 'blowoff_penalty': 0.0, 'short_excessive_penalty': 0.0, 'weekly_penalty': 0.0, 'resistance_penalty': 0.0, 'rr_penalty': 0.0, 'cmf_confluence_val': 0.0, 'penny_penalty': 0.0, 'penny_non_acc_penalty': 0.0, 'scalping_bonus': 0.0, 'fund_penalty': 8.0, 'macd_reversal_bonus': 0.0, 'sector_rs_bonus': 0.0, 'confluence_bonus': 0.0, 'short_squeeze_bonus': 0.0, 'ai_momentum_bonus': 0.0}",N/A,,,,,-0.82,0.51,0.51,False,False
TDOC,"Teladoc Health, Inc.",$7.13,7.130000114440918,Healthcare,Health Information Services,6.74,36.7,44.2,0.00701,False,False,False,40.1,Accumulation,"{'trend': 20.0, 'momentum': 43.2, 'flow': 85.0, 'volatility': 23, 'structure': 65.0, 'momentum_quality': 3.5, 'insider': 50.0}",-1.5,-4.6848726515284635,0.1552,Tactical Hold,매도 우위 (하방 경계 - 바닥 탐색 진행 중),True,상승,하단,데드크로스 진행,-15.2,10.0,상승,45078773.541447714,,-0.04,0.68966,-0.05684,191039504.0,"[{'text': '매집 구간', 'cls': 'positive'}, {'text': 'Stoch 골든크로스', 'cls': 'positive'}, {'text': 'OBV 상승', 'cls': 'positive'}, {'text': '🔴 적자기업(PER<0)', 'cls': 'negative'}, {'text': '🚨 공매도 비중 주의 (15.52%)', 'cls': 'negative'}]","{'mfc': 44, 'wyckoff': 100, 'stochastic': 56.71110800531953, 'obv': 75, 'bollinger': 100, 'momentum_quality': 3.5, 'regime_score': 50, 'rr_score': 100, 'base_tech': np.float64(57.8)}","{'base_tech_score': np.float64(57.8), 'insider_bonus': 0.0, 'deviation_penalty': 0.0, 'blowoff_penalty': 0.0, 'short_excessive_penalty': 0.0, 'weekly_penalty': 0.0, 'resistance_penalty': 0.0, 'rr_penalty': 0.0, 'cmf_confluence_val': 0.0, 'penny_penalty': 0.0, 'penny_non_acc_penalty': 0.0, 'scalping_bonus': 10.0, 'fund_penalty': 18.0, 'macd_reversal_bonus': 0.0, 'sector_rs_bonus': 0.0, 'confluence_bonus': 0.0, 'short_squeeze_bonus': 0.0, 'ai_momentum_bonus': 0.0}",N/A,,,,,6.74,0.85,0.85,False,False
HMY,Harmony Gold Mining Company Lim,$19.70,19.700000762939453,Basic Materials,Gold,9.14,36.6,68.7,0.0,False,False,False,74.3,Accumulation,"{'trend': 80.0, 'momentum': 88.8, 'flow': 66.0, 'volatility': 13, 'structure': 75.0, 'momentum_quality': 92.2, 'insider': 50.0}",-3.0,16.418051647775165,0.0221,Aggressive Buy,매수 우위 (분할 매수 - 바닥 확인 후 모멘텀 턴어라운드),False,상승,상단 돌파,골든크로스 진행,23.2,10.0,하락,-32420517.549112905,0.241,0.195,0.43502,0.3334,15133625344.0,"[{'text': '매집 구간', 'cls': 'positive'}, {'text': '🚨 강력한 하방 압력(공매도 급증 +16.4%)', 'cls': 'negative'}, {'text': '⚠️ 주봉 역배열(하락추세)', 'cls': 'negative'}, {'text': 'OBV 상승', 'cls': 'positive'}]","{'mfc': 69, 'wyckoff': 100, 'stochastic': 49.06117254860085, 'obv': 75, 'bollinger': 0, 'momentum_quality': 92.2, 'regime_score': 50, 'rr_score': 63.2, 'base_tech': np.float64(70.8)}","{'base_tech_score': np.float64(70.8), 'insider_bonus': 0.0, 'deviation_penalty': 0.0, 'blowoff_penalty': 0.0, 'short_excessive_penalty': 25, 'weekly_penalty': 10, 'resistance_penalty': 0.0, 'rr_penalty': 0.0, 'cmf_confluence_val': 0.0, 'penny_penalty': 0.0, 'penny_non_acc_penalty': 0.0, 'scalping_bonus': 10.0, 'fund_penalty': -8.0, 'macd_reversal_bonus': 0.0, 'sector_rs_bonus': 0.0, 'confluence_bonus': 0.0, 'short_squeeze_bonus': 0.0, 'ai_momentum_bonus': 0.0}",N/A,,,,,9.14,1.42,1.42,False,False
VOYG,"Voyager Technologies, Inc.",$41.85,41.849998474121094,Industrials,Aerospace & Defense,9.24,36.4,70.3,0.048460003,False,True,False,70.7,Markup,"{'trend': 98.0, 'momentum': 99.5, 'flow': 74.0, 'volatility': 3, 'structure': 80.0, 'momentum_quality': 100, 'insider': 50.0}",-3.5,7.16366304677319,0.2165,Tactical Overweight,매수 우위 (강력 매수 - 다중지표 강세 컨플루언스 확인),True,상승,상단 돌파,골든크로스 진행,47.8,10.0,상승,-3709771.242265215,,0.155,0.109,-0.97463,-266253376.0,"[{'text': '상승 추세', 'cls': 'positive'}, {'text': '⚠️ 이격도 과다', 'cls': 'negative'}, {'text': '🚀 숏스퀴즈 가능성', 'cls': 'positive'}, {'text': 'Stoch 골든크로스', 'cls': 'positive'}, {'text': 'OBV 상승', 'cls': 'positive'}, {'text': '🔴 영업손실(-97%)', 'cls': 'negative'}, {'text': '🔴 적자기업(PER<0)', 'cls': 'negative'}, {'text': '🚨 공매도 비중 주의 (21.65%)', 'cls': 'negative'}]","{'mfc': 70, 'wyckoff': 80, 'stochastic': 67.68493441429354, 'obv': 75, 'bollinger': 0, 'momentum_quality': 100, 'regime_score': 50, 'rr_score': 100, 'base_tech': np.float64(71.1)}","{'base_tech_score': np.float64(71.1), 'insider_bonus': 0.0, 'deviation_penalty': 20, 'blowoff_penalty': 0.0, 'short_excessive_penalty': 0.0, 'weekly_penalty': 0.0, 'resistance_penalty': 0.0, 'rr_penalty': 0.0, 'cmf_confluence_val': 0.0, 'penny_penalty': 0.0, 'penny_non_acc_penalty': 0.0, 'scalping_bonus': 10.0, 'fund_penalty': 22.0, 'macd_reversal_bonus': 0.0, 'sector_rs_bonus': 0.0, 'confluence_bonus': 0.0, 'short_squeeze_bonus': 15.0, 'ai_momentum_bonus': 0.0}",N/A,,,,,9.24,0.81,0.81,False,False
LNC,Lincoln National Corporation,$46.03,46.029998779296875,Financial Services,Insurance - Life,-1.37,36.4,71.1,0.00343,False,False,False,67.6,Markup,"{'trend': 100, 'momentum': 81.6, 'flow': 41.0, 'volatility': 63, 'structure': 65.0, 'momentum_quality': 100, 'insider': 50.0}",-6.0,624.618514750763,0.0005,Tactical Overweight,매수 우위 (강력 매수 - 다중지표 강세 컨플루언스 확인),False,하락,상단,정배열,6.5,0.0,상승,-3654200.672921636,0.906,0.126,0.27076998,0.046079997,2069374976.0,"[{'text': '상승 추세', 'cls': 'positive'}, {'text': '🚨 강력한 하방 압력(공매도 급증 +624.6%)', 'cls': 'negative'}, {'text': '📊 VWAP 상회 주의', 'cls': 'neutral'}, {'text': '📈 EPS 반등/턴어라운드', 'cls': 'positive'}]","{'mfc': 71, 'wyckoff': 80, 'stochastic': 37.49822182976949, 'obv': 25, 'bollinger': 0, 'momentum_quality': 100, 'regime_score': 50, 'rr_score': 90.6, 'base_tech': np.float64(61.8)}","{'base_tech_score': np.float64(61.8), 'insider_bonus': 0.0, 'deviation_penalty': 0.0, 'blowoff_penalty': 0.0, 'short_excessive_penalty': 25, 'weekly_penalty': 0.0, 'resistance_penalty': 0.0, 'rr_penalty': 0.0, 'cmf_confluence_val': 0.0, 'penny_penalty': 0.0, 'penny_non_acc_penalty': 0.0, 'scalping_bonus': 0.0, 'fund_penalty': -18.0, 'macd_reversal_bonus': 0.0, 'sector_rs_bonus': 0.0, 'confluence_bonus': 0.0, 'short_squeeze_bonus': 0.0, 'ai_momentum_bonus': 0.0}",N/A,,,,,-1.37,0.62,0.62,False,False
LEGN,Legend Biotech Corporation,$20.75,20.75,Healthcare,Biotechnology,7.62,36.2,51.9,0.01254,False,False,False,40.0,Accumulation,"{'trend': 55.0, 'momentum': 57.4, 'flow': 45.0, 'volatility': 23, 'structure': 80.0, 'momentum_quality': 14.2, 'insider': 50.0}",-3.5,8.38119967335756,0.1734,Aggressive Buy,매수 우위 (분할 매수 - 바닥 확인 후 모멘텀 턴어라운드),True,상승,하단,혼합,-2.9,10.0,하락,-3012009.9212319143,,0.565,0.54987,-0.16323,-55770000.0,"[{'text': '매집 구간', 'cls': 'positive'}, {'text': '🚨 강력한 하방 압력(공매도 급증 +8.4%)', 'cls': 'negative'}, {'text': '🔄 MACD 반전', 'cls': 'positive'}, {'text': '🎯 시그널 컨플루언스 (4)', 'cls': 'positive'}, {'text': 'Stoch 골든크로스', 'cls': 'positive'}, {'text': 'OBV 상승', 'cls': 'positive'}, {'text': 'RSI 상승 다이버전스', 'cls': 'positive'}, {'text': '🚀 매출 고성장', 'cls': 'positive'}, {'text': '🚨 공매도 비중 주의 (17.34%)', 'cls': 'negative'}]","{'mfc': 52, 'wyckoff': 100, 'stochastic': 67.80204867311386, 'obv': 75, 'bollinger': 100, 'momentum_quality': 14.2, 'regime_score': 50, 'rr_score': 100, 'base_tech': np.float64(63.4)}","{'base_tech_score': np.float64(63.4), 'insider_bonus': 0.0, 'deviation_penalty': 0.0, 'blowoff_penalty': 0.0, 'short_excessive_penalty': 25, 'weekly_penalty': 0.0, 'resistance_penalty': 0.0, 'rr_penalty': 0.0, 'cmf_confluence_val': -6, 'penny_penalty': 0.0, 'penny_non_acc_penalty': 0.0, 'scalping_bonus': 10.0, 'fund_penalty': 3.0, 'macd_reversal_bonus': 5.0, 'sector_rs_bonus': 0.0, 'confluence_bonus': 8.0, 'short_squeeze_bonus': 0.0, 'ai_momentum_bonus': 0.0}",N/A,,,,,7.62,0.96,0.96,False,False
ORCL,Oracle Corporation,$147.02,147.02000427246094,Technology,Software - Infrastructure,2.47,35.8,65.6,0.40497002,False,False,False,56.7,Markup,"{'trend': 73.0, 'momentum': 88.5, 'flow': 57.0, 'volatility': 13, 'structure': 80.0, 'momentum_quality': 100, 'insider': 50.0}",-6.0,32.87237213277345,0.0291,Tactical Overweight,매수 우위 (강력 매수 - 다중지표 강세 컨플루언스 확인),False,상승,상단,골든크로스 진행,13.6,10.0,상승,-209837803.3156557,0.256,0.206,0.65822,0.36202,-24536750080.0,"[{'text': '상승 추세', 'cls': 'positive'}, {'text': '🚨 강력한 하방 압력(공매도 급증 +32.9%)', 'cls': 'negative'}, {'text': '📊 VWAP 상회 주의', 'cls': 'neutral'}, {'text': 'OBV 상승', 'cls': 'positive'}]","{'mfc': 66, 'wyckoff': 80, 'stochastic': 49.01755661169336, 'obv': 75, 'bollinger': 0, 'momentum_quality': 100, 'regime_score': 50, 'rr_score': 100, 'base_tech': np.float64(67.2)}","{'base_tech_score': np.float64(67.2), 'insider_bonus': 0.0, 'deviation_penalty': 0.0, 'blowoff_penalty': 0.0, 'short_excessive_penalty': 25, 'weekly_penalty': 0.0, 'resistance_penalty': 0.0, 'rr_penalty': 0.0, 'cmf_confluence_val': 0.0, 'penny_penalty': 0.0, 'penny_non_acc_penalty': 0.0, 'scalping_bonus': 10.0, 'fund_penalty': -3.0, 'macd_reversal_bonus': 0.0, 'sector_rs_bonus': 0.0, 'confluence_bonus': 0.0, 'short_squeeze_bonus': 0.0, 'ai_momentum_bonus': 0.0}",N/A,,,,,2.47,0.56,0.56,False,False
NU,Nu Holdings Ltd.,$13.84,13.84000015258789,Financial Services,Banks - Regional,-1.98,35.7,45.6,0.018480001,False,False,False,48.1,Markdown,"{'trend': 73.0, 'momentum': 42.0, 'flow': 12.0, 'volatility': 68, 'structure': 15.0, 'momentum_quality': 15.7, 'insider': 50.0}",0.0,-1.1041397047459098,0.041100003,Tactical Hold,매도 우위 (비중 축소 - 지지선 단기 이탈 및 추세 악화),False,하락,하단,혼합,-2.3,0.0,하락,-530995826.3260176,0.565,0.437,0.0,0.48231,,"[{'text': '하락 추세', 'cls': 'negative'}, {'text': '⚠️ 장기 매물대(저항선) 충돌 위험', 'cls': 'negative'}, {'text': '📈 EPS 반등/턴어라운드', 'cls': 'positive'}, {'text': '🚀 매출 고성장', 'cls': 'positive'}]","{'mfc': 46, 'wyckoff': 10, 'stochastic': 8.577775827321155, 'obv': 25, 'bollinger': 100, 'momentum_quality': 15.7, 'regime_score': 50, 'rr_score': 86.8, 'base_tech': np.float64(32.1)}","{'base_tech_score': np.float64(32.1), 'insider_bonus': 0.0, 'deviation_penalty': 0.0, 'blowoff_penalty': 0.0, 'short_excessive_penalty': 0.0, 'weekly_penalty': 0.0, 'resistance_penalty': 15, 'rr_penalty': 0.0, 'cmf_confluence_val': 0.0, 'penny_penalty': 0.0, 'penny_non_acc_penalty': 0.0, 'scalping_bonus': 0.0, 'fund_penalty': -25.0, 'macd_reversal_bonus': 0.0, 'sector_rs_bonus': 0.0, 'confluence_bonus': 0.0, 'short_squeeze_bonus': 0.0, 'ai_momentum_bonus': 0.0}",N/A,,,,,-1.98,0.6,0.6,False,False
COIN,"Coinbase Global, Inc.",$153.60,153.60000610351562,Financial Services,Financial Data & Stock Exchanges,5.63,35.6,49.7,0.01312,False,False,False,46.8,Accumulation,"{'trend': 5, 'momentum': 53.4, 'flow': 99.0, 'volatility': 43, 'structure': 90.0, 'momentum_quality': 21.9, 'insider': 50.0}",2.0,-6.433965545161994,0.113900006,Aggressive Buy,매수 우위 (🔔 Wyckoff Spring 감지 — 세력 매집 완료 후 상승 전환 임박),True,상승,하단,역배열,-3.3,10.0,상승,2194973.6415292495,,-0.173,0.8581,-0.13922,2668452864.0,"[{'text': '매집 구간', 'cls': 'positive'}, {'text': '⚠️ 주봉 역배열(하락추세)', 'cls': 'negative'}, {'text': 'Stoch 골든크로스', 'cls': 'positive'}, {'text': 'OBV 상승', 'cls': 'positive'}, {'text': '⚠️ 매출 감소(-17%)', 'cls': 'negative'}, {'text': '🚨 공매도 비중 주의 (11.39%)', 'cls': 'negative'}]","{'mfc': 50, 'wyckoff': 100, 'stochastic': 53.04783695028441, 'obv': 75, 'bollinger': 100, 'momentum_quality': 21.9, 'regime_score': 50, 'rr_score': 100, 'base_tech': np.float64(62.0)}","{'base_tech_score': np.float64(62.0), 'insider_bonus': 0.0, 'deviation_penalty': 0.0, 'blowoff_penalty': 0.0, 'short_excessive_penalty': 0.0, 'weekly_penalty': 10, 'resistance_penalty': 0.0, 'rr_penalty': 0.0, 'cmf_confluence_val': 0.0, 'penny_penalty': 0.0, 'penny_non_acc_penalty': 0.0, 'scalping_bonus': 10.0, 'fund_penalty': 16.0, 'macd_reversal_bonus': 0.0, 'sector_rs_bonus': 0.0, 'confluence_bonus': 0.0, 'short_squeeze_bonus': 0.0, 'ai_momentum_bonus': 0.0}",N/A,,,,,5.63,1.03,1.03,False,False
CDE,"Coeur Mining, Inc.",$17.39,17.389999389648438,Basic Materials,Gold,11.12,35.4,70.5,0.0055199997,False,False,False,57.6,Markup,"{'trend': 68.0, 'momentum': 92.5, 'flow': 100, 'volatility': 23, 'structure': 80.0, 'momentum_quality': 77.5, 'insider': 50.0}",-8.0,26.98855789390014,0.0582,Tactical Overweight,매수 우위 (강력 매수 - 다중지표 강세 컨플루언스 확인),False,상승,상단 돌파,골든크로스 진행,12.3,10.0,상승,-45623273.67966616,0.723,1.259,0.56644,0.20309,802993600.0,"[{'text': '상승 추세', 'cls': 'positive'}, {'text': '🚨 강력한 하방 압력(공매도 급증 +27.0%)', 'cls': 'negative'}, {'text': '⚠️ 주봉 역배열(하락추세)', 'cls': 'negative'}, {'text': '⚠️ 장기 매물대(저항선) 충돌 위험', 'cls': 'negative'}, {'text': '🔥 Accumulation Confluence (CMF+ADL)', 'cls': 'positive'}, {'text': 'OBV 상승', 'cls': 'positive'}, {'text': '📈 EPS 반등/턴어라운드', 'cls': 'positive'}, {'text': '🚀 매출 고성장', 'cls': 'positive'}]","{'mfc': 70, 'wyckoff': 80, 'stochastic': 48.75363529337932, 'obv': 75, 'bollinger': 0, 'momentum_quality': 77.5, 'regime_score': 50, 'rr_score': 83.5, 'base_tech': np.float64(65.6)}","{'base_tech_score': np.float64(65.6), 'insider_bonus': 0.0, 'deviation_penalty': 0.0, 'blowoff_penalty': 0.0, 'short_excessive_penalty': 25, 'weekly_penalty': 10, 'resistance_penalty': 15, 'rr_penalty': 0.0, 'cmf_confluence_val': 0.0, 'penny_penalty': 0.0, 'penny_non_acc_penalty': 0.0, 'scalping_bonus': 10.0, 'fund_penalty': -25.0, 'macd_reversal_bonus': 0.0, 'sector_rs_bonus': 0.0, 'confluence_bonus': 0.0, 'short_squeeze_bonus': 0.0, 'ai_momentum_bonus': 0.0}",N/A,,,,,11.12,1.47,1.47,False,False
PDFS,"PDF Solutions, Inc.",$49.45,49.45000076293945,Technology,Software - Application,7.73,35.4,46.2,0.10559,False,False,False,47.8,Accumulation,"{'trend': 40.0, 'momentum': 63.0, 'flow': 33.0, 'volatility': 43, 'structure': 65.0, 'momentum_quality': 30.8, 'insider': 50.0}",-5.0,16.32776105263063,0.0792,Tactical Hold,매도 우위 (하방 경계 - 바닥 탐색 진행 중),False,상승,하단,혼합,-0.4,10.0,하락,4998472.271640285,2.727,0.189,0.71462,0.08229999,-13259875.0,"[{'text': '매집 구간', 'cls': 'positive'}, {'text': '🚨 강력한 하방 압력(공매도 급증 +16.3%)', 'cls': 'negative'}, {'text': '📊 VWAP 상회 주의', 'cls': 'neutral'}, {'text': 'OBV 상승', 'cls': 'positive'}, {'text': '📈 EPS 반등/턴어라운드', 'cls': 'positive'}]","{'mfc': 46, 'wyckoff': 100, 'stochastic': 39.16875776174351, 'obv': 75, 'bollinger': 100, 'momentum_quality': 30.8, 'regime_score': 50, 'rr_score': 100, 'base_tech': np.float64(60.5)}","{'base_tech_score': np.float64(60.5), 'insider_bonus': 0.0, 'deviation_penalty': 0.0, 'blowoff_penalty': 0.0, 'short_excessive_penalty': 25, 'weekly_penalty': 0.0, 'resistance_penalty': 0.0, 'rr_penalty': 0.0, 'cmf_confluence_val': -6, 'penny_penalty': 0.0, 'penny_non_acc_penalty': 0.0, 'scalping_bonus': 10.0, 'fund_penalty': -13.0, 'macd_reversal_bonus': 0.0, 'sector_rs_bonus': 0.0, 'confluence_bonus': 0.0, 'short_squeeze_bonus': 0.0, 'ai_momentum_bonus': 0.0}",N/A,,,,,7.73,0.57,0.57,False,False
RDNT,"RadNet, Inc.",$72.39,72.38500213623047,Healthcare,Diagnostics & Research,6.2,35.2,72.2,0.09965,False,False,False,69.7,Markup,"{'trend': 65.0, 'momentum': 99.1, 'flow': 100, 'volatility': 33, 'structure': 80.0, 'momentum_quality': 98.2, 'insider': 50.0}",-6.5,13.805937233329182,0.15100001,Tactical Overweight,매수 우위 (강력 매수 - 다중지표 강세 컨플루언스 확인),True,상승,상단 돌파,혼합,13.5,10.0,상승,-2248492.876107697,,0.221,0.17204,-0.02848,190466128.0,"[{'text': '상승 추세', 'cls': 'positive'}, {'text': '🚨 강력한 하방 압력(공매도 급증 +13.8%)', 'cls': 'negative'}, {'text': '🔥 Accumulation Confluence (CMF+ADL)', 'cls': 'positive'}, {'text': 'Stoch 골든크로스', 'cls': 'positive'}, {'text': 'OBV 상승', 'cls': 'positive'}, {'text': '🚨 공매도 비중 주의 (15.10%)', 'cls': 'negative'}]","{'mfc': 72, 'wyckoff': 80, 'stochastic': 52.09750302818193, 'obv': 75, 'bollinger': 0, 'momentum_quality': 98.2, 'regime_score': 50, 'rr_score': 55.1, 'base_tech': np.float64(69.7)}","{'base_tech_score': np.float64(69.7), 'insider_bonus': 0.0, 'deviation_penalty': 0.0, 'blowoff_penalty': 0.0, 'short_excessive_penalty': 25, 'weekly_penalty': 0.0, 'resistance_penalty': 0.0, 'rr_penalty': 0.0, 'cmf_confluence_val': 0.0, 'penny_penalty': 0.0, 'penny_non_acc_penalty': 0.0, 'scalping_bonus': 10.0, 'fund_penalty': 5.0, 'macd_reversal_bonus': 0.0, 'sector_rs_bonus': 0.0, 'confluence_bonus': 0.0, 'short_squeeze_bonus': 0.0, 'ai_momentum_bonus': 0.0}",N/A,,,,,6.2,1.68,1.68,False,False
TMC,TMC the metals company Inc.,$4.57,4.570000171661377,Basic Materials,Other Industrial Metals & Mining,10.92,35.1,64.2,0.47053,False,False,False,61.9,Markup,"{'trend': 55.0, 'momentum': 100, 'flow': 90.0, 'volatility': 23, 'structure': 80.0, 'momentum_quality': 98.2, 'insider': 50.0}",-2.0,7.415038074296956,0.1058,Tactical Overweight,매수 우위 (강력 매수 - 다중지표 강세 컨플루언스 확인),True,상승,상단 돌파,골든크로스 진행,18.3,10.0,상승,-40526352.39974115,,,0.0,0.0,18211876.0,"[{'text': '상승 추세', 'cls': 'positive'}, {'text': '⚠️ 주봉 역배열(하락추세)', 'cls': 'negative'}, {'text': 'Stoch 골든크로스', 'cls': 'positive'}, {'text': 'OBV 상승', 'cls': 'positive'}, {'text': '거래량 폭발', 'cls': 'neutral'}, {'text': '🔴 적자기업(PER<0)', 'cls': 'negative'}, {'text': '🚨 공매도 비중 주의 (10.58%)', 'cls': 'negative'}]","{'mfc': 64, 'wyckoff': 80, 'stochastic': 68.46349976823973, 'obv': 75, 'bollinger': 0, 'momentum_quality': 98.2, 'regime_score': 50, 'rr_score': 100, 'base_tech': 68.8}","{'base_tech_score': 68.8, 'insider_bonus': 0.0, 'deviation_penalty': 0.0, 'blowoff_penalty': 0.0, 'short_excessive_penalty': 0.0, 'weekly_penalty': 10, 'resistance_penalty': 0.0, 'rr_penalty': 0.0, 'cmf_confluence_val': 0.0, 'penny_penalty': 0.0, 'penny_non_acc_penalty': 0.0, 'scalping_bonus': 10.0, 'fund_penalty': 18.0, 'macd_reversal_bonus': 0.0, 'sector_rs_bonus': 0.0, 'confluence_bonus': 0.0, 'short_squeeze_bonus': 0.0, 'ai_momentum_bonus': 0.0}",N/A,,,,,10.92,2.23,2.23,False,False
INFY,Infosys Limited,$12.53,12.529999732971191,Technology,Information Technology Services,1.38,34.8,68.6,0.0,False,False,False,60.1,Markup,"{'trend': 60.0, 'momentum': 82.4, 'flow': 100, 'volatility': 33, 'structure': 65.0, 'momentum_quality': 92.2, 'insider': 50.0}",0.0,0.21088193861221513,0.0475,Core Holding,매수 우위 (안정적 상승 추세 안착),False,상승,상단,혼합,6.8,0.0,상승,-67876138.1371108,0.012,0.029,0.29676,0.21173,3165625088.0,"[{'text': '상승 추세', 'cls': 'positive'}, {'text': '⚠️ 주봉 역배열(하락추세)', 'cls': 'negative'}, {'text': '⚠️ 장기 매물대(저항선) 충돌 위험', 'cls': 'negative'}, {'text': '📊 VWAP 상회 주의', 'cls': 'neutral'}, {'text': '🔥 Accumulation Confluence (CMF+ADL)', 'cls': 'positive'}, {'text': 'OBV 상승', 'cls': 'positive'}]","{'mfc': 69, 'wyckoff': 80, 'stochastic': 49.65275873740211, 'obv': 75, 'bollinger': 0, 'momentum_quality': 92.2, 'regime_score': 50, 'rr_score': 75.3, 'base_tech': np.float64(67.2)}","{'base_tech_score': np.float64(67.2), 'insider_bonus': 0.0, 'deviation_penalty': 0.0, 'blowoff_penalty': 0.0, 'short_excessive_penalty': 0.0, 'weekly_penalty': 10, 'resistance_penalty': 15, 'rr_penalty': 0.0, 'cmf_confluence_val': 0.0, 'penny_penalty': 0.0, 'penny_non_acc_penalty': 0.0, 'scalping_bonus': 0.0, 'fund_penalty': 0.0, 'macd_reversal_bonus': 0.0, 'sector_rs_bonus': 0.0, 'confluence_bonus': 0.0, 'short_squeeze_bonus': 0.0, 'ai_momentum_bonus': 0.0}",N/A,,,,,1.38,0.66,0.66,False,False
MIRM,"Mirum Pharmaceuticals, Inc.",$100.65,100.6500015258789,Healthcare,Biotechnology,6.94,34.7,39.3,0.013049999,False,False,False,39.3,Distribution,"{'trend': 20.0, 'momentum': 46.8, 'flow': 63.0, 'volatility': 53, 'structure': 35.0, 'momentum_quality': 3.5, 'insider': 50.0}",-3.5,5.264763700036849,0.15640001,Underweight,매도 우위 (투매 경고 - 강한 하방 압력),True,하락,하단,데드크로스 진행,-9.9,10.0,상승,4801574.394816,,0.379,0.81725,-0.1481,76618128.0,"[{'text': '분산 경고', 'cls': 'negative'}, {'text': 'Stoch 골든크로스', 'cls': 'positive'}, {'text': 'RSI 상승 다이버전스', 'cls': 'positive'}, {'text': '🚀 매출 고성장', 'cls': 'positive'}, {'text': '🔴 적자기업(PER<0)', 'cls': 'negative'}, {'text': '🚨 공매도 비중 주의 (15.64%)', 'cls': 'negative'}]","{'mfc': 39, 'wyckoff': 30, 'stochastic': 68.94841787065883, 'obv': 25, 'bollinger': 100, 'momentum_quality': 3.5, 'regime_score': 50, 'rr_score': 100, 'base_tech': np.float64(39.0)}","{'base_tech_score': np.float64(39.0), 'insider_bonus': 0.0, 'deviation_penalty': 0.0, 'blowoff_penalty': 0.0, 'short_excessive_penalty': 0.0, 'weekly_penalty': 0.0, 'resistance_penalty': 0.0, 'rr_penalty': 0.0, 'cmf_confluence_val': 0.0, 'penny_penalty': 0.0, 'penny_non_acc_penalty': 0.0, 'scalping_bonus': 10.0, 'fund_penalty': 3.0, 'macd_reversal_bonus': 0.0, 'sector_rs_bonus': 0.0, 'confluence_bonus': 0.0, 'short_squeeze_bonus': 0.0, 'ai_momentum_bonus': 0.0}",N/A,,,,,6.94,0.89,0.89,False,False
PSKY,Paramount Skydance Corporation,$9.19,9.1899995803833,Communication Services,Entertainment,1.43,34.7,70.1,0.50778,False,False,False,56.0,Markup,"{'trend': 68.0, 'momentum': 99.8, 'flow': 85.0, 'volatility': 33, 'structure': 80.0, 'momentum_quality': 94.5, 'insider': 50.0}",-1.5,1.0796441467709,0.1548,Tactical Overweight,매수 우위 (강력 매수 - 다중지표 강세 컨플루언스 확인),True,상승,상단,골든크로스 진행,7.0,0.0,상승,-40416757.256349444,-0.281,0.009,0.33328998,0.09345,17593124864.0,"[{'text': '상승 추세', 'cls': 'positive'}, {'text': '⚠️ 주봉 역배열(하락추세)', 'cls': 'negative'}, {'text': 'Stoch 골든크로스', 'cls': 'positive'}, {'text': 'OBV 상승', 'cls': 'positive'}, {'text': '⚠️ EPS 감소(-28%)', 'cls': 'negative'}, {'text': '🚨 공매도 비중 주의 (15.48%)', 'cls': 'negative'}]","{'mfc': 70, 'wyckoff': 80, 'stochastic': 88.33401148562248, 'obv': 75, 'bollinger': 0, 'momentum_quality': 94.5, 'regime_score': 50, 'rr_score': 100, 'base_tech': np.float64(72.7)}","{'base_tech_score': np.float64(72.7), 'insider_bonus': 0.0, 'deviation_penalty': 0.0, 'blowoff_penalty': 0.0, 'short_excessive_penalty': 0.0, 'weekly_penalty': 10, 'resistance_penalty': 0.0, 'rr_penalty': 0.0, 'cmf_confluence_val': 0.0, 'penny_penalty': 0.0, 'penny_non_acc_penalty': 0.0, 'scalping_bonus': 0.0, 'fund_penalty': 12.0, 'macd_reversal_bonus': 0.0, 'sector_rs_bonus': 0.0, 'confluence_bonus': 0.0, 'short_squeeze_bonus': 0.0, 'ai_momentum_bonus': 0.0}",N/A,,,,,1.43,0.94,0.94,False,False
NET,"Cloudflare, Inc.",$300.27,300.2699890136719,Technology,Software - Infrastructure,5.57,34.5,67.3,0.00653,False,False,False,65.1,Markup,"{'trend': 100, 'momentum': 80.1, 'flow': 54.0, 'volatility': 53, 'structure': 65.0, 'momentum_quality': 100, 'insider': 50.0}",-5.0,10.034015584378386,0.0347,Tactical Overweight,매수 우위 (강력 매수 - 다중지표 강세 컨플루언스 확인),False,상승,상단 돌파,정배열,8.5,10.0,하락,26991754.846874595,,0.359,0.72577006,-0.07902,691048256.0,"[{'text': '상승 추세', 'cls': 'positive'}, {'text': '🚨 강력한 하방 압력(공매도 급증 +10.0%)', 'cls': 'negative'}, {'text': 'OBV 상승', 'cls': 'positive'}, {'text': '🚀 매출 고성장', 'cls': 'positive'}]","{'mfc': 67, 'wyckoff': 80, 'stochastic': 30.795967912656543, 'obv': 75, 'bollinger': 0, 'momentum_quality': 100, 'regime_score': 50, 'rr_score': 82.3, 'base_tech': np.float64(65.7)}","{'base_tech_score': np.float64(65.7), 'insider_bonus': 0.0, 'deviation_penalty': 0.0, 'blowoff_penalty': 0.0, 'short_excessive_penalty': 25, 'weekly_penalty': 0.0, 'resistance_penalty': 0.0, 'rr_penalty': 0.0, 'cmf_confluence_val': 0.0, 'penny_penalty': 0.0, 'penny_non_acc_penalty': 0.0, 'scalping_bonus': 10.0, 'fund_penalty': -2.0, 'macd_reversal_bonus': 0.0, 'sector_rs_bonus': 0.0, 'confluence_bonus': 0.0, 'short_squeeze_bonus': 0.0, 'ai_momentum_bonus': 0.0}",N/A,,,,,5.57,2.24,2.24,False,False
ACHR,Archer Aviation Inc.,$5.59,5.590000152587891,Industrials,Aerospace & Defense,6.88,34.4,71.3,0.14939,False,False,False,59.6,Markup,"{'trend': 76.0, 'momentum': 100, 'flow': 99.0, 'volatility': 23, 'structure': 80.0, 'momentum_quality': 92.3, 'insider': 50.0}",8.0,-22.889263169092757,0.1436,Tactical Overweight,매수 우위 (강력 매수 - 다중지표 강세 컨플루언스 확인),True,상승,상단 돌파,골든크로스 진행,13.4,10.0,상승,-559682.8673861995,,,0.15788999,-157.625,-417224992.0,"[{'text': '상승 추세', 'cls': 'positive'}, {'text': '⚠️ 주봉 역배열(하락추세)', 'cls': 'negative'}, {'text': 'Stoch 골든크로스', 'cls': 'positive'}, {'text': 'OBV 상승', 'cls': 'positive'}, {'text': '🔴 영업손실(-15762%)', 'cls': 'negative'}, {'text': '🔴 적자기업(PER<0)', 'cls': 'negative'}, {'text': '🚨 공매도 비중 주의 (14.36%)', 'cls': 'negative'}, {'text': '🔥 숏커버 (-22.9%)', 'cls': 'positive'}]","{'mfc': 71, 'wyckoff': 80, 'stochastic': 69.04547333115718, 'obv': 75, 'bollinger': 0, 'momentum_quality': 92.3, 'regime_score': 50, 'rr_score': 100, 'base_tech': np.float64(70.5)}","{'base_tech_score': np.float64(70.5), 'insider_bonus': 0.0, 'deviation_penalty': 0.0, 'blowoff_penalty': 0.0, 'short_excessive_penalty': 0.0, 'weekly_penalty': 10, 'resistance_penalty': 0.0, 'rr_penalty': 0.0, 'cmf_confluence_val': 0.0, 'penny_penalty': 0.0, 'penny_non_acc_penalty': 0.0, 'scalping_bonus': 10.0, 'fund_penalty': 30.0, 'macd_reversal_bonus': 0.0, 'sector_rs_bonus': 0.0, 'confluence_bonus': 0.0, 'short_squeeze_bonus': 0.0, 'ai_momentum_bonus': 0.0}",N/A,,,,,6.88,0.8,0.8,False,False
MXL,"MaxLinear, Inc",$74.98,74.9800033569336,Technology,Semiconductors,6.81,34.3,49.5,0.05885,False,False,False,48.8,Accumulation,"{'trend': 40.0, 'momentum': 60.0, 'flow': 56.0, 'volatility': 23, 'structure': 65.0, 'momentum_quality': 12.0, 'insider': 50.0}",-8.0,25.716950421330715,0.059699997,Aggressive Buy,매수 우위 (분할 매수 - 바닥 확인 후 모멘텀 턴어라운드),True,상승,상단,혼합,0.3,10.0,상승,28338906.592020866,,0.552,0.57477003,-0.02441,14404875.0,"[{'text': '매집 구간', 'cls': 'positive'}, {'text': '🚨 강력한 하방 압력(공매도 급증 +25.7%)', 'cls': 'negative'}, {'text': '🔄 MACD 반전', 'cls': 'positive'}, {'text': '🎯 시그널 컨플루언스 (3)', 'cls': 'positive'}, {'text': 'Stoch 골든크로스', 'cls': 'positive'}, {'text': 'OBV 상승', 'cls': 'positive'}, {'text': '🚀 매출 고성장', 'cls': 'positive'}]","{'mfc': 50, 'wyckoff': 100, 'stochastic': 56.08016330564455, 'obv': 75, 'bollinger': 0, 'momentum_quality': 12.0, 'regime_score': 50, 'rr_score': 100, 'base_tech': np.float64(52.9)}","{'base_tech_score': np.float64(52.9), 'insider_bonus': 0.0, 'deviation_penalty': 0.0, 'blowoff_penalty': 0.0, 'short_excessive_penalty': 25, 'weekly_penalty': 0.0, 'resistance_penalty': 0.0, 'rr_penalty': 0.0, 'cmf_confluence_val': 0.0, 'penny_penalty': 0.0, 'penny_non_acc_penalty': 0.0, 'scalping_bonus': 10.0, 'fund_penalty': -2.0, 'macd_reversal_bonus': 5.0, 'sector_rs_bonus': 0.0, 'confluence_bonus': 8.0, 'short_squeeze_bonus': 0.0, 'ai_momentum_bonus': 0.0}",N/A,,,,,6.81,0.47,0.47,False,False
IOVA,"Iovance Biotherapeutics, Inc.",$6.34,6.340000152587891,Healthcare,Biotechnology,2.09,34.2,73.8,0.0033399998,False,False,False,70.8,Markup,"{'trend': 100, 'momentum': 100, 'flow': 89.0, 'volatility': 3, 'structure': 80.0, 'momentum_quality': 98.2, 'insider': 50.0}",-1.5,-3.475424139548188,0.2395,Tactical Overweight,매수 우위 (강력 매수 - 다중지표 강세 컨플루언스 확인),True,상승,상단 돌파,정배열,31.2,10.0,상승,-41751280.65946938,,0.657,0.48401,-0.52264,-187794752.0,"[{'text': '상승 추세', 'cls': 'positive'}, {'text': '⚠️ 이격도 과다', 'cls': 'negative'}, {'text': 'Stoch 골든크로스', 'cls': 'positive'}, {'text': 'OBV 상승', 'cls': 'positive'}, {'text': '🚀 매출 고성장', 'cls': 'positive'}, {'text': '🔴 영업손실(-52%)', 'cls': 'negative'}, {'text': '🔴 적자기업(PER<0)', 'cls': 'negative'}, {'text': '🚨 공매도 비중 주의 (23.95%)', 'cls': 'negative'}]","{'mfc': 74, 'wyckoff': 80, 'stochastic': 98.88808503370514, 'obv': 75, 'bollinger': 0, 'momentum_quality': 98.2, 'regime_score': 50, 'rr_score': 70.0, 'base_tech': np.float64(75.8)}","{'base_tech_score': np.float64(75.8), 'insider_bonus': 0.0, 'deviation_penalty': 20, 'blowoff_penalty': 0.0, 'short_excessive_penalty': 0.0, 'weekly_penalty': 0.0, 'resistance_penalty': 0.0, 'rr_penalty': 0.0, 'cmf_confluence_val': 0.0, 'penny_penalty': 0.0, 'penny_non_acc_penalty': 0.0, 'scalping_bonus': 10.0, 'fund_penalty': 15.0, 'macd_reversal_bonus': 0.0, 'sector_rs_bonus': 0.0, 'confluence_bonus': 0.0, 'short_squeeze_bonus': 0.0, 'ai_momentum_bonus': 0.0}",N/A,,,,,2.09,1.96,1.96,False,False
CMG,"Chipotle Mexican Grill, Inc.",$32.79,32.790000915527344,Consumer Cyclical,Restaurants,-2.73,34.1,44.7,0.00721,False,False,False,45.3,Distribution,"{'trend': 65.0, 'momentum': 48.7, 'flow': 0, 'volatility': 48, 'structure': 30.0, 'momentum_quality': 56.0, 'insider': 50.0}",0.0,1.2294532797476962,0.045300003,Underweight,매도 우위 (투매 경고 - 강한 하방 압력),False,하락,하단,혼합,-4.6,5.0,하락,-256787644.3892462,-0.075,0.093,0.39361998,0.16108,1116464384.0,"[{'text': '분산 경고', 'cls': 'negative'}]","{'mfc': 45, 'wyckoff': 30, 'stochastic': 28.820367021339457, 'obv': 25, 'bollinger': 100, 'momentum_quality': 56.0, 'regime_score': 50, 'rr_score': 100, 'base_tech': np.float64(43.9)}","{'base_tech_score': np.float64(43.9), 'insider_bonus': 0.0, 'deviation_penalty': 0.0, 'blowoff_penalty': 0.0, 'short_excessive_penalty': 0.0, 'weekly_penalty': 0.0, 'resistance_penalty': 0.0, 'rr_penalty': 0.0, 'cmf_confluence_val': -6, 'penny_penalty': 0.0, 'penny_non_acc_penalty': 0.0, 'scalping_bonus': 5.0, 'fund_penalty': 0.0, 'macd_reversal_bonus': 0.0, 'sector_rs_bonus': 0.0, 'confluence_bonus': 0.0, 'short_squeeze_bonus': 0.0, 'ai_momentum_bonus': 0.0}",N/A,,,,,-2.73,0.92,0.92,False,False
SWKS,"Skyworks Solutions, Inc.",$70.62,70.62000274658203,Technology,Semiconductors,5.66,33.9,69.9,0.00399,False,True,False,63.3,Markup,"{'trend': 60.0, 'momentum': 94.9, 'flow': 92.0, 'volatility': 33, 'structure': 80.0, 'momentum_quality': 98.2, 'insider': 50.0}",-8.0,19.095627136391236,0.3458,Tactical Overweight,매수 우위 (강력 매수 - 다중지표 강세 컨플루언스 확인),True,상승,상단 돌파,골든크로스 진행,13.7,10.0,상승,56423755.66899687,-0.677,-0.031,0.40734002,0.08825,448812512.0,"[{'text': '상승 추세', 'cls': 'positive'}, {'text': '🚨 강력한 하방 압력(공매도 급증 +19.1%)', 'cls': 'negative'}, {'text': '📊 VWAP 상회 주의', 'cls': 'neutral'}, {'text': '🔥 Accumulation Confluence (CMF+ADL)', 'cls': 'positive'}, {'text': '🚀 숏스퀴즈 가능성', 'cls': 'positive'}, {'text': 'Stoch 골든크로스', 'cls': 'positive'}, {'text': 'OBV 상승', 'cls': 'positive'}, {'text': '🚨 EPS 급락(-68%)', 'cls': 'negative'}, {'text': '🚨 공매도 비중 주의 (34.58%)', 'cls': 'negative'}]","{'mfc': 70, 'wyckoff': 80, 'stochastic': 60.500384424468336, 'obv': 75, 'bollinger': 0, 'momentum_quality': 98.2, 'regime_score': 50, 'rr_score': 100, 'base_tech': np.float64(69.9)}","{'base_tech_score': np.float64(69.9), 'insider_bonus': 0.0, 'deviation_penalty': 0.0, 'blowoff_penalty': 0.0, 'short_excessive_penalty': 25, 'weekly_penalty': 0.0, 'resistance_penalty': 0.0, 'rr_penalty': 0.0, 'cmf_confluence_val': 0.0, 'penny_penalty': 0.0, 'penny_non_acc_penalty': 0.0, 'scalping_bonus': 10.0, 'fund_penalty': 20.0, 'macd_reversal_bonus': 0.0, 'sector_rs_bonus': 0.0, 'confluence_bonus': 0.0, 'short_squeeze_bonus': 15.0, 'ai_momentum_bonus': 0.0}",N/A,,,,,5.66,0.63,0.63,False,False
AU,AngloGold Ashanti PLC,$96.22,96.22000122070312,Basic Materials,Gold,9.85,33.8,72.3,0.0021,False,False,False,68.4,Markup,"{'trend': 80.0, 'momentum': 100, 'flow': 71.0, 'volatility': 33, 'structure': 80.0, 'momentum_quality': 84.0, 'insider': 50.0}",-6.0,36.29735222258962,0.013200001,Tactical Overweight,매수 우위 (강력 매수 - 다중지표 강세 컨플루언스 확인),True,상승,상단 돌파,골든크로스 진행,18.8,10.0,하락,29345163.907664627,0.498,0.27,0.54833,0.51192003,3956124928.0,"[{'text': '상승 추세', 'cls': 'positive'}, {'text': '🚨 강력한 하방 압력(공매도 급증 +36.3%)', 'cls': 'negative'}, {'text': '⚠️ 주봉 역배열(하락추세)', 'cls': 'negative'}, {'text': '⚠️ 장기 매물대(저항선) 충돌 위험', 'cls': 'negative'}, {'text': 'Stoch 골든크로스', 'cls': 'positive'}, {'text': 'OBV 상승', 'cls': 'positive'}, {'text': '📈 EPS 반등/턴어라운드', 'cls': 'positive'}, {'text': '🚀 매출 고성장', 'cls': 'positive'}]","{'mfc': 72, 'wyckoff': 80, 'stochastic': 60.15266904956366, 'obv': 75, 'bollinger': 0, 'momentum_quality': 84.0, 'regime_score': 50, 'rr_score': 73.5, 'base_tech': np.float64(68.5)}","{'base_tech_score': np.float64(68.5), 'insider_bonus': 0.0, 'deviation_penalty': 0.0, 'blowoff_penalty': 0.0, 'short_excessive_penalty': 25, 'weekly_penalty': 10, 'resistance_penalty': 15, 'rr_penalty': 0.0, 'cmf_confluence_val': 0.0, 'penny_penalty': 0.0, 'penny_non_acc_penalty': 0.0, 'scalping_bonus': 10.0, 'fund_penalty': -25.0, 'macd_reversal_bonus': 0.0, 'sector_rs_bonus': 0.0, 'confluence_bonus': 0.0, 'short_squeeze_bonus': 0.0, 'ai_momentum_bonus': 0.0}",N/A,,,,,9.85,1.11,1.11,False,False
NEO,"NeoGenomics, Inc.",$16.57,16.56999969482422,Healthcare,Diagnostics & Research,6.49,33.7,72.8,0.02066,False,False,False,65.4,Markup,"{'trend': 100, 'momentum': 85.5, 'flow': 72.0, 'volatility': 33, 'structure': 80.0, 'momentum_quality': 100, 'insider': 50.0}",-8.0,62.84263766019373,0.1271,Tactical Overweight,매수 우위 (강력 매수 - 다중지표 강세 컨플루언스 확인),False,상승,상단,정배열,11.9,16.0,상승,8275168.224603331,,0.112,0.43917,-0.048449997,43904752.0,"[{'text': '상승 추세', 'cls': 'positive'}, {'text': '🚨 강력한 하방 압력(공매도 급증 +62.8%)', 'cls': 'negative'}, {'text': '📊 VWAP 상회 주의', 'cls': 'neutral'}, {'text': 'OBV 상승', 'cls': 'positive'}, {'text': '🚨 공매도 비중 주의 (12.71%)', 'cls': 'negative'}]","{'mfc': 73, 'wyckoff': 80, 'stochastic': 47.56228523252101, 'obv': 75, 'bollinger': 0, 'momentum_quality': 100, 'regime_score': 50, 'rr_score': 72.2, 'base_tech': np.float64(69.6)}","{'base_tech_score': np.float64(69.6), 'insider_bonus': 0.0, 'deviation_penalty': 0.0, 'blowoff_penalty': 0.0, 'short_excessive_penalty': 25, 'weekly_penalty': 0.0, 'resistance_penalty': 0.0, 'rr_penalty': 0.0, 'cmf_confluence_val': 0.0, 'penny_penalty': 0.0, 'penny_non_acc_penalty': 0.0, 'scalping_bonus': 16.0, 'fund_penalty': 5.0, 'macd_reversal_bonus': 0.0, 'sector_rs_bonus': 0.0, 'confluence_bonus': 0.0, 'short_squeeze_bonus': 0.0, 'ai_momentum_bonus': 0.0}",N/A,,,,,6.49,0.49,0.49,True,False
OMDA,"Omada Health, Inc.",$23.67,23.670000076293945,Healthcare,Health Information Services,21.14,33.6,63.2,0.02169,False,False,False,64.9,Markup,"{'trend': 45.0, 'momentum': 85.0, 'flow': 100, 'volatility': 13, 'structure': 65.0, 'momentum_quality': 97.2, 'insider': 50.0}",0.0,2.3943836718270965,0.1369,Core Holding,매수 우위 (안정적 상승 추세 안착),True,상승,상단,데드크로스 진행,9.7,-2.0,상승,11167067.533438502,,0.431,0.68185997,0.040409997,11915250.0,"[{'text': '상승 추세', 'cls': 'positive'}, {'text': '🚨 상단 클라이맥스', 'cls': 'negative'}, {'text': 'Stoch 골든크로스', 'cls': 'positive'}, {'text': 'OBV 상승', 'cls': 'positive'}, {'text': '🚀 매출 고성장', 'cls': 'positive'}, {'text': '🚨 공매도 비중 주의 (13.69%)', 'cls': 'negative'}]","{'mfc': 63, 'wyckoff': 80, 'stochastic': 77.98698547490906, 'obv': 75, 'bollinger': 0, 'momentum_quality': 97.2, 'regime_score': 50, 'rr_score': 65.6, 'base_tech': np.float64(69.5)}","{'base_tech_score': np.float64(69.5), 'insider_bonus': 0.0, 'deviation_penalty': 0.0, 'blowoff_penalty': 30, 'short_excessive_penalty': 0.0, 'weekly_penalty': 0.0, 'resistance_penalty': 0.0, 'rr_penalty': 0.0, 'cmf_confluence_val': 0.0, 'penny_penalty': 0.0, 'penny_non_acc_penalty': 0.0, 'scalping_bonus': -2.0, 'fund_penalty': -10.0, 'macd_reversal_bonus': 0.0, 'sector_rs_bonus': 0.0, 'confluence_bonus': 0.0, 'short_squeeze_bonus': 0.0, 'ai_momentum_bonus': 0.0}",N/A,,,,,21.14,3.84,3.84,False,False
MO,"Altria Group, Inc.",$68.35,68.3499984741211,Consumer Defensive,Tobacco,0.89,33.5,40.5,0.00116,False,False,False,40.7,Distribution,"{'trend': 15.0, 'momentum': 48.6, 'flow': 35.0, 'volatility': 78, 'structure': 20.0, 'momentum_quality': 34.9, 'insider': 50.0}",0.0,2.6148998260877896,0.0319,Underweight,매도 우위 (투매 경고 - 강한 하방 압력),True,하락,하단,데드크로스 진행,-4.0,0.0,상승,-11195924.882160075,-0.034,0.012,0.8717,0.61464,9035249664.0,"[{'text': '분산 경고', 'cls': 'negative'}, {'text': 'Stoch 골든크로스', 'cls': 'positive'}]","{'mfc': 40, 'wyckoff': 30, 'stochastic': 50.13575389172205, 'obv': 25, 'bollinger': 100, 'momentum_quality': 34.9, 'regime_score': 50, 'rr_score': 100, 'base_tech': np.float64(41.8)}","{'base_tech_score': np.float64(41.8), 'insider_bonus': 0.0, 'deviation_penalty': 0.0, 'blowoff_penalty': 0.0, 'short_excessive_penalty': 0.0, 'weekly_penalty': 0.0, 'resistance_penalty': 0.0, 'rr_penalty': 0.0, 'cmf_confluence_val': 0.0, 'penny_penalty': 0.0, 'penny_non_acc_penalty': 0.0, 'scalping_bonus': 0.0, 'fund_penalty': 0.0, 'macd_reversal_bonus': 0.0, 'sector_rs_bonus': 0.0, 'confluence_bonus': 0.0, 'short_squeeze_bonus': 0.0, 'ai_momentum_bonus': 0.0}",N/A,,,,,0.89,0.5,0.5,False,False
BCE,"BCE, Inc.",$22.75,22.75,Communication Services,Telecom Services,-0.09,33.5,73.8,0.00032000002,False,False,False,59.9,Markup,"{'trend': 68.0, 'momentum': 84.9, 'flow': 93.0, 'volatility': 63, 'structure': 80.0, 'momentum_quality': 86.6, 'insider': 50.0}",2.0,-2.057281964843877,0.0,Tactical Overweight,매수 우위 (강력 매수 - 다중지표 강세 컨플루언스 확인),True,상승,상단 돌파,골든크로스 진행,4.4,0.0,상승,-36208645.77050808,-0.036,0.015,0.44945,0.22052999,2602625024.0,"[{'text': '상승 추세', 'cls': 'positive'}, {'text': '⚠️ 주봉 역배열(하락추세)', 'cls': 'negative'}, {'text': '⚠️ 장기 매물대(저항선) 충돌 위험', 'cls': 'negative'}, {'text': 'Stoch 골든크로스', 'cls': 'positive'}, {'text': 'OBV 상승', 'cls': 'positive'}]","{'mfc': 74, 'wyckoff': 80, 'stochastic': 69.63913077963348, 'obv': 75, 'bollinger': 0, 'momentum_quality': 86.6, 'regime_score': 50, 'rr_score': 100, 'base_tech': np.float64(70.6)}","{'base_tech_score': np.float64(70.6), 'insider_bonus': 0.0, 'deviation_penalty': 0.0, 'blowoff_penalty': 0.0, 'short_excessive_penalty': 0.0, 'weekly_penalty': 10, 'resistance_penalty': 15, 'rr_penalty': 0.0, 'cmf_confluence_val': 0.0, 'penny_penalty': 0.0, 'penny_non_acc_penalty': 0.0, 'scalping_bonus': 0.0, 'fund_penalty': 0.0, 'macd_reversal_bonus': 0.0, 'sector_rs_bonus': 0.0, 'confluence_bonus': 0.0, 'short_squeeze_bonus': 0.0, 'ai_momentum_bonus': 0.0}",N/A,,,,,-0.09,0.72,0.72,False,False
PSEC,Prospect Capital Corporation,$2.33,2.3299999237060547,Financial Services,Asset Management,5.43,33.4,71.6,0.27356002,False,False,False,60.8,Markup,"{'trend': 76.0, 'momentum': 86.8, 'flow': 75.0, 'volatility': 53, 'structure': 80.0, 'momentum_quality': 98.2, 'insider': 50.0}",0.0,-4.27877693606222,0.073,Tactical Overweight,매수 우위 (강력 매수 - 다중지표 강세 컨플루언스 확인),True,상승,상단 돌파,골든크로스 진행,6.5,10.0,상승,-118600947.39349893,,-0.121,1.0,0.73296,203370624.0,"[{'text': '상승 추세', 'cls': 'positive'}, {'text': '⚠️ 주봉 역배열(하락추세)', 'cls': 'negative'}, {'text': '⚠️ 장기 매물대(저항선) 충돌 위험', 'cls': 'negative'}, {'text': 'Stoch 골든크로스', 'cls': 'positive'}, {'text': 'OBV 상승', 'cls': 'positive'}, {'text': '⚠️ 매출 감소(-12%)', 'cls': 'negative'}]","{'mfc': 72, 'wyckoff': 80, 'stochastic': 61.3218993738807, 'obv': 75, 'bollinger': 0, 'momentum_quality': 98.2, 'regime_score': 50, 'rr_score': 71.1, 'base_tech': np.float64(70.5)}","{'base_tech_score': np.float64(70.5), 'insider_bonus': 0.0, 'deviation_penalty': 0.0, 'blowoff_penalty': 0.0, 'short_excessive_penalty': 0.0, 'weekly_penalty': 10, 'resistance_penalty': 15, 'rr_penalty': 0.0, 'cmf_confluence_val': 0.0, 'penny_penalty': 0.0, 'penny_non_acc_penalty': 0.0, 'scalping_bonus': 10.0, 'fund_penalty': 8.0, 'macd_reversal_bonus': 0.0, 'sector_rs_bonus': 0.0, 'confluence_bonus': 0.0, 'short_squeeze_bonus': 0.0, 'ai_momentum_bonus': 0.0}",N/A,,,,,5.43,1.18,1.18,False,False
AVAH,Aveanna Healthcare Holdings Inc,$9.49,9.489999771118164,Healthcare,Medical Care Facilities,1.93,33.4,50.9,0.05799,False,False,False,54.8,Accumulation,"{'trend': 50.0, 'momentum': 58.3, 'flow': 17.0, 'volatility': 73, 'structure': 65.0, 'momentum_quality': 51.4, 'insider': 50.0}",-8.0,26.15054815668769,0.0507,Tactical Hold,매도 우위 (하방 경계 - 바닥 탐색 진행 중),False,하락,하단,데드크로스 진행,-0.7,0.0,상승,8117999.405996657,7.021,0.159,0.32759,0.1118,82576248.0,"[{'text': '매집 구간', 'cls': 'positive'}, {'text': '🚨 강력한 하방 압력(공매도 급증 +26.2%)', 'cls': 'negative'}, {'text': '📈 EPS 반등/턴어라운드', 'cls': 'positive'}]","{'mfc': 51, 'wyckoff': 100, 'stochastic': 49.54152413339635, 'obv': 25, 'bollinger': 100, 'momentum_quality': 51.4, 'regime_score': 50, 'rr_score': 92.1, 'base_tech': np.float64(60.5)}","{'base_tech_score': np.float64(60.5), 'insider_bonus': 0.0, 'deviation_penalty': 0.0, 'blowoff_penalty': 0.0, 'short_excessive_penalty': 25, 'weekly_penalty': 0.0, 'resistance_penalty': 0.0, 'rr_penalty': 0.0, 'cmf_confluence_val': 0.0, 'penny_penalty': 0.0, 'penny_non_acc_penalty': 0.0, 'scalping_bonus': 0.0, 'fund_penalty': -18.0, 'macd_reversal_bonus': 0.0, 'sector_rs_bonus': 0.0, 'confluence_bonus': 0.0, 'short_squeeze_bonus': 0.0, 'ai_momentum_bonus': 0.0}",N/A,,,,,1.93,0.56,0.56,False,False
INOD,Innodata Inc.,$62.33,62.33000183105469,Technology,Information Technology Services,-4.81,33.3,47.6,0.048520003,False,False,False,44.0,Markdown,"{'trend': 73.0, 'momentum': 60.6, 'flow': 0, 'volatility': 43, 'structure': 15.0, 'momentum_quality': 74.6, 'insider': 50.0}",-8.0,79.12751462151041,0.1458,Tactical Hold,매도 우위 (비중 축소 - 지지선 단기 이탈 및 추세 악화),False,하락,하단,골든크로스 진행,-0.4,13.0,하락,-3037048.3867244786,0.996,0.578,0.43273,0.17212999,169773248.0,"[{'text': '하락 추세', 'cls': 'negative'}, {'text': '🚨 강력한 하방 압력(공매도 급증 +79.1%)', 'cls': 'negative'}, {'text': '📊 VWAP 하회 매수↗', 'cls': 'positive'}, {'text': '거래량 폭발', 'cls': 'neutral'}, {'text': '📈 EPS 반등/턴어라운드', 'cls': 'positive'}, {'text': '🚀 매출 고성장', 'cls': 'positive'}, {'text': '🚨 공매도 비중 주의 (14.58%)', 'cls': 'negative'}]","{'mfc': 48, 'wyckoff': 10, 'stochastic': 18.607204771470727, 'obv': 25, 'bollinger': 100, 'momentum_quality': 74.6, 'regime_score': 50, 'rr_score': 100, 'base_tech': np.float64(42.9)}","{'base_tech_score': np.float64(42.9), 'insider_bonus': 0.0, 'deviation_penalty': 0.0, 'blowoff_penalty': 0.0, 'short_excessive_penalty': 25, 'weekly_penalty': 0.0, 'resistance_penalty': 0.0, 'rr_penalty': 0.0, 'cmf_confluence_val': -6, 'penny_penalty': 0.0, 'penny_non_acc_penalty': 0.0, 'scalping_bonus': 13.0, 'fund_penalty': -25.0, 'macd_reversal_bonus': 0.0, 'sector_rs_bonus': 0.0, 'confluence_bonus': 0.0, 'short_squeeze_bonus': 0.0, 'ai_momentum_bonus': 0.0}",N/A,,,,,-4.81,2.74,2.74,False,False
MRNA,"Moderna, Inc.",$59.17,59.16999816894531,Healthcare,Biotechnology,9.86,32.9,49.8,0.07253,False,False,False,50.1,Accumulation,"{'trend': 38.0, 'momentum': 64.6, 'flow': 59.0, 'volatility': 23, 'structure': 65.0, 'momentum_quality': 62.2, 'insider': 50.0}",3.5,-10.676079895051492,0.16149999,Aggressive Buy,매수 우위 (분할 매수 - 바닥 확인 후 모멘텀 턴어라운드),True,상승,상단,데드크로스 진행,0.6,10.0,하락,-7083833.23238493,,0.021,-0.66023004,-5.5793104,299249984.0,"[{'text': '매집 구간', 'cls': 'positive'}, {'text': 'Stoch 골든크로스', 'cls': 'positive'}, {'text': 'OBV 상승', 'cls': 'positive'}, {'text': '🔴 영업손실(-558%)', 'cls': 'negative'}, {'text': '🔴 적자기업(PER<0)', 'cls': 'negative'}, {'text': '🚨 공매도 비중 주의 (16.15%)', 'cls': 'negative'}, {'text': '🔥 숏커버 (-10.7%)', 'cls': 'positive'}]","{'mfc': 50, 'wyckoff': 100, 'stochastic': 77.03157416737265, 'obv': 75, 'bollinger': 0, 'momentum_quality': 62.2, 'regime_score': 50, 'rr_score': 100, 'base_tech': np.float64(63.0)}","{'base_tech_score': np.float64(63.0), 'insider_bonus': 0.0, 'deviation_penalty': 0.0, 'blowoff_penalty': 0.0, 'short_excessive_penalty': 0.0, 'weekly_penalty': 0.0, 'resistance_penalty': 0.0, 'rr_penalty': 0.0, 'cmf_confluence_val': -6, 'penny_penalty': 0.0, 'penny_non_acc_penalty': 0.0, 'scalping_bonus': 10.0, 'fund_penalty': 25.0, 'macd_reversal_bonus': 0.0, 'sector_rs_bonus': 0.0, 'confluence_bonus': 0.0, 'short_squeeze_bonus': 0.0, 'ai_momentum_bonus': 0.0}",N/A,,,,,9.86,0.93,0.93,False,False
AEO,"American Eagle Outfitters, Inc.",$17.97,17.969999313354492,Consumer Cyclical,Apparel Retail,1.41,32.9,69.1,0.089420006,False,False,False,55.7,Markup,"{'trend': 65.0, 'momentum': 71.1, 'flow': 93.0, 'volatility': 73, 'structure': 80.0, 'momentum_quality': 52.7, 'insider': 50.0}",0.0,4.814504605595357,0.1328,Tactical Overweight,매수 우위 (강력 매수 - 다중지표 강세 컨플루언스 확인),False,상승,상단,혼합,3.2,0.0,상승,-8316405.714272649,,0.097,0.38194,0.023610001,144004128.0,"[{'text': '상승 추세', 'cls': 'positive'}, {'text': '⚠️ 장기 매물대(저항선) 충돌 위험', 'cls': 'negative'}, {'text': '📊 VWAP 상회 주의', 'cls': 'neutral'}, {'text': 'OBV 상승', 'cls': 'positive'}, {'text': '🚨 공매도 비중 주의 (13.28%)', 'cls': 'negative'}]","{'mfc': 69, 'wyckoff': 80, 'stochastic': 36.87890751613239, 'obv': 75, 'bollinger': 0, 'momentum_quality': 52.7, 'regime_score': 50, 'rr_score': 77.0, 'base_tech': np.float64(59.9)}","{'base_tech_score': np.float64(59.9), 'insider_bonus': 0.0, 'deviation_penalty': 0.0, 'blowoff_penalty': 0.0, 'short_excessive_penalty': 0.0, 'weekly_penalty': 0.0, 'resistance_penalty': 15, 'rr_penalty': 0.0, 'cmf_confluence_val': 0.0, 'penny_penalty': 0.0, 'penny_non_acc_penalty': 0.0, 'scalping_bonus': 0.0, 'fund_penalty': 0.0, 'macd_reversal_bonus': 0.0, 'sector_rs_bonus': 0.0, 'confluence_bonus': 0.0, 'short_squeeze_bonus': 0.0, 'ai_momentum_bonus': 0.0}",N/A,,,,,1.41,0.54,0.54,False,False
GTLB,GitLab Inc.,$38.97,38.970001220703125,Technology,Software - Infrastructure,9.22,32.1,74.4,0.035099998,False,False,False,70.9,Markup,"{'trend': 100, 'momentum': 84.3, 'flow': 100, 'volatility': 33, 'structure': 55.0, 'momentum_quality': 92.2, 'insider': 50.0}",2.0,-8.193449728222872,0.114700004,Tactical Overweight,매수 우위 (강력 매수 - 다중지표 강세 컨플루언스 확인),False,상승,상단 돌파,정배열,15.6,10.0,상승,24359466.41332499,,0.231,0.8676,-0.05962,312896736.0,"[{'text': '상승 추세', 'cls': 'positive'}, {'text': '🚨 상단 클라이맥스', 'cls': 'negative'}, {'text': 'OBV 상승', 'cls': 'positive'}, {'text': '🚨 공매도 비중 주의 (11.47%)', 'cls': 'negative'}]","{'mfc': 74, 'wyckoff': 80, 'stochastic': 47.13792296444893, 'obv': 75, 'bollinger': 0, 'momentum_quality': 92.2, 'regime_score': 50, 'rr_score': 67.6, 'base_tech': np.float64(68.9)}","{'base_tech_score': np.float64(68.9), 'insider_bonus': 0.0, 'deviation_penalty': 0.0, 'blowoff_penalty': 30, 'short_excessive_penalty': 0.0, 'weekly_penalty': 0.0, 'resistance_penalty': 0.0, 'rr_penalty': 0.0, 'cmf_confluence_val': 0.0, 'penny_penalty': 0.0, 'penny_non_acc_penalty': 0.0, 'scalping_bonus': 10.0, 'fund_penalty': 5.0, 'macd_reversal_bonus': 0.0, 'sector_rs_bonus': 0.0, 'confluence_bonus': 0.0, 'short_squeeze_bonus': 0.0, 'ai_momentum_bonus': 0.0}",N/A,,,,,9.22,1.83,1.83,False,False
BBD,Banco Bradesco Sa,$3.37,3.369999885559082,Financial Services,Banks - Regional,-1.17,31.8,35.2,7e-05,False,False,False,38.3,Markdown,"{'trend': 23.0, 'momentum': 34.5, 'flow': 11.0, 'volatility': 78, 'structure': 15.0, 'momentum_quality': 12.7, 'insider': 50.0}",8.0,-49.73830228944593,0.0032,Avoid / Sell-off,매도 우위 (전면 회피 - 다중지표 약세 컨플루언스 확인),False,하락,하단 이탈,데드크로스 진행,-5.7,0.0,하락,-468470102.64183533,0.177,0.072,0.0,0.34515,,"[{'text': '하락 추세', 'cls': 'negative'}, {'text': '🔥 숏커버 (-49.7%)', 'cls': 'positive'}]","{'mfc': 35, 'wyckoff': 10, 'stochastic': 33.33333461912325, 'obv': 25, 'bollinger': 100, 'momentum_quality': 12.7, 'regime_score': 50, 'rr_score': 99.2, 'base_tech': np.float64(31.0)}","{'base_tech_score': np.float64(31.0), 'insider_bonus': 0.0, 'deviation_penalty': 0.0, 'blowoff_penalty': 0.0, 'short_excessive_penalty': 0.0, 'weekly_penalty': 0.0, 'resistance_penalty': 0.0, 'rr_penalty': 0.0, 'cmf_confluence_val': -6, 'penny_penalty': 0.0, 'penny_non_acc_penalty': 0.0, 'scalping_bonus': 0.0, 'fund_penalty': -5.0, 'macd_reversal_bonus': 0.0, 'sector_rs_bonus': 0.0, 'confluence_bonus': 0.0, 'short_squeeze_bonus': 0.0, 'ai_momentum_bonus': 0.0}",N/A,,,,,-1.17,1.16,1.16,False,False
META,"Meta Platforms, Inc.",$592.10,592.0999755859375,Communication Services,Internet Content & Information,0.37,31.8,54.1,0.00145,False,False,False,47.7,Accumulation,"{'trend': 28.0, 'momentum': 53.1, 'flow': 81.0, 'volatility': 53, 'structure': 65.0, 'momentum_quality': 33.8, 'insider': 50.0}",-6.0,26.22123514118903,0.0172,Aggressive Buy,매수 우위 (분할 매수 - 바닥 확인 후 모멘텀 턴어라운드),True,상승,하단,데드크로스 진행,-3.3,0.0,상승,38269896.838778004,-0.136,0.28,0.81747,0.34827,21553625088.0,"[{'text': '매집 구간', 'cls': 'positive'}, {'text': '🚨 강력한 하방 압력(공매도 급증 +26.2%)', 'cls': 'negative'}, {'text': 'Stoch 골든크로스', 'cls': 'positive'}, {'text': 'OBV 상승', 'cls': 'positive'}, {'text': '🚀 매출 고성장', 'cls': 'positive'}]","{'mfc': 54, 'wyckoff': 100, 'stochastic': 58.71977085457093, 'obv': 75, 'bollinger': 100, 'momentum_quality': 33.8, 'regime_score': 50, 'rr_score': 100, 'base_tech': np.float64(66.1)}","{'base_tech_score': np.float64(66.1), 'insider_bonus': 0.0, 'deviation_penalty': 0.0, 'blowoff_penalty': 0.0, 'short_excessive_penalty': 25, 'weekly_penalty': 0.0, 'resistance_penalty': 0.0, 'rr_penalty': 0.0, 'cmf_confluence_val': 0.0, 'penny_penalty': 0.0, 'penny_non_acc_penalty': 0.0, 'scalping_bonus': 0.0, 'fund_penalty': -10.0, 'macd_reversal_bonus': 0.0, 'sector_rs_bonus': 0.0, 'confluence_bonus': 0.0, 'short_squeeze_bonus': 0.0, 'ai_momentum_bonus': 0.0}",N/A,,,,,0.37,0.62,0.62,False,False
MBGL,Mobility Global Inc.,$19.70,19.700000762939453,Technology,Software - Infrastructure,-4.97,31.6,47.2,0.00106,False,False,False,41.2,Markdown,"{'trend': 50.0, 'momentum': 38.6, 'flow': 58.0, 'volatility': 63, 'structure': 15.0, 'momentum_quality': 17.3, 'insider': 50.0}",2.0,,0.0,Tactical Hold,매도 우위 (비중 축소 - 지지선 단기 이탈 및 추세 악화),False,하락,하단,혼합,-4.6,5.0,상승,115815578.66074182,-0.185,0.066,0.70948,0.25641,,"[{'text': '하락 추세', 'cls': 'negative'}, {'text': '⚠️ MACD 하향', 'cls': 'negative'}]","{'mfc': 47, 'wyckoff': 10, 'stochastic': 22.045586722814505, 'obv': 25, 'bollinger': 100, 'momentum_quality': 17.3, 'regime_score': 50, 'rr_score': 99.0, 'base_tech': np.float64(34.6)}","{'base_tech_score': np.float64(34.6), 'insider_bonus': 0.0, 'deviation_penalty': 0.0, 'blowoff_penalty': 0.0, 'short_excessive_penalty': 0.0, 'weekly_penalty': 0.0, 'resistance_penalty': 0.0, 'rr_penalty': 0.0, 'cmf_confluence_val': 0.0, 'penny_penalty': 0.0, 'penny_non_acc_penalty': 0.0, 'scalping_bonus': 5.0, 'fund_penalty': 0.0, 'macd_reversal_bonus': -3.0, 'sector_rs_bonus': 0.0, 'confluence_bonus': 0.0, 'short_squeeze_bonus': 0.0, 'ai_momentum_bonus': 0.0}",N/A,,,,,-4.97,0.97,0.97,False,False
LAC,Lithium Americas Corp.,$3.23,3.2300000190734863,Basic Materials,Other Industrial Metals & Mining,6.95,31.6,65.3,0.069910005,False,False,False,49.8,Markup,"{'trend': 68.0, 'momentum': 86.3, 'flow': 75.0, 'volatility': 33, 'structure': 80.0, 'momentum_quality': 100, 'insider': 50.0}",0.0,-1.340852277165151,0.0793,Core Holding,매수 우위 (안정적 상승 추세 안착),True,상승,상단,골든크로스 진행,8.6,10.0,상승,-65924445.27776367,,,0.0,0.0,-1303825280.0,"[{'text': '상승 추세', 'cls': 'positive'}, {'text': '⚠️ 주봉 역배열(하락추세)', 'cls': 'negative'}, {'text': 'Stoch 골든크로스', 'cls': 'positive'}, {'text': 'OBV 상승', 'cls': 'positive'}, {'text': '🔴 적자기업(PER<0)', 'cls': 'negative'}]","{'mfc': 65, 'wyckoff': 80, 'stochastic': 58.78989057169676, 'obv': 75, 'bollinger': 0, 'momentum_quality': 100, 'regime_score': 50, 'rr_score': 100, 'base_tech': np.float64(68.3)}","{'base_tech_score': np.float64(68.3), 'insider_bonus': 0.0, 'deviation_penalty': 0.0, 'blowoff_penalty': 0.0, 'short_excessive_penalty': 0.0, 'weekly_penalty': 10, 'resistance_penalty': 0.0, 'rr_penalty': 0.0, 'cmf_confluence_val': 0.0, 'penny_penalty': 0.0, 'penny_non_acc_penalty': 0.0, 'scalping_bonus': 10.0, 'fund_penalty': 23.0, 'macd_reversal_bonus': 0.0, 'sector_rs_bonus': 0.0, 'confluence_bonus': 0.0, 'short_squeeze_bonus': 0.0, 'ai_momentum_bonus': 0.0}",N/A,,,,,6.95,1.16,1.16,False,False
AMPX,"Amprius Technologies, Inc.",$11.85,11.850000381469727,Industrials,Electrical Equipment & Parts,5.9,31.6,60.7,0.04407,False,True,False,53.3,Markup,"{'trend': 68.0, 'momentum': 98.8, 'flow': 46.0, 'volatility': 3, 'structure': 80.0, 'momentum_quality': 100, 'insider': 50.0}",-8.0,22.87184185158768,0.201,Core Holding,매수 우위 (안정적 상승 추세 안착),True,상승,상단,골든크로스 진행,14.9,10.0,하락,12272466.909050452,,1.259,0.22252001,-0.12629,-35897376.0,"[{'text': '상승 추세', 'cls': 'positive'}, {'text': '🚨 강력한 하방 압력(공매도 급증 +22.9%)', 'cls': 'negative'}, {'text': '⚠️ 주봉 역배열(하락추세)', 'cls': 'negative'}, {'text': '📊 VWAP 상회 주의', 'cls': 'neutral'}, {'text': '🚀 숏스퀴즈 가능성', 'cls': 'positive'}, {'text': 'Stoch 골든크로스', 'cls': 'positive'}, {'text': 'OBV 상승', 'cls': 'positive'}, {'text': '🚀 매출 고성장', 'cls': 'positive'}, {'text': '🚨 공매도 비중 주의 (20.10%)', 'cls': 'negative'}]","{'mfc': 61, 'wyckoff': 80, 'stochastic': 50.845270885882954, 'obv': 75, 'bollinger': 0, 'momentum_quality': 100, 'regime_score': 50, 'rr_score': 100, 'base_tech': np.float64(65.7)}","{'base_tech_score': np.float64(65.7), 'insider_bonus': 0.0, 'deviation_penalty': 0.0, 'blowoff_penalty': 0.0, 'short_excessive_penalty': 25, 'weekly_penalty': 10, 'resistance_penalty': 0.0, 'rr_penalty': 0.0, 'cmf_confluence_val': 0.0, 'penny_penalty': 0.0, 'penny_non_acc_penalty': 0.0, 'scalping_bonus': 10.0, 'fund_penalty': 3.0, 'macd_reversal_bonus': 0.0, 'sector_rs_bonus': 0.0, 'confluence_bonus': 0.0, 'short_squeeze_bonus': 15.0, 'ai_momentum_bonus': 0.0}",N/A,,,,,5.9,0.62,0.62,False,False
HLLY,Holley Inc.,$3.17,3.1700000762939453,Consumer Cyclical,Auto Parts,5.32,31.6,72.3,0.054390002,False,False,False,70.8,Markup,"{'trend': 65.0, 'momentum': 91.8, 'flow': 100, 'volatility': 33, 'structure': 80.0, 'momentum_quality': 92.2, 'insider': 50.0}",-8.0,30.830400588279744,0.042,Core Holding,매수 우위 (안정적 상승 추세 안착),False,상승,상단 돌파,혼합,16.4,10.0,상승,-1463184.072927165,,0.032,0.43035,0.18525,24805876.0,"[{'text': '상승 추세', 'cls': 'positive'}, {'text': '🚨 강력한 하방 압력(공매도 급증 +30.8%)', 'cls': 'negative'}, {'text': 'OBV 상승', 'cls': 'positive'}]","{'mfc': 72, 'wyckoff': 80, 'stochastic': 47.84987542891628, 'obv': 75, 'bollinger': 0, 'momentum_quality': 92.2, 'regime_score': 50, 'rr_score': 47.3, 'base_tech': np.float64(68.3)}","{'base_tech_score': np.float64(68.3), 'insider_bonus': 0.0, 'deviation_penalty': 0.0, 'blowoff_penalty': 0.0, 'short_excessive_penalty': 25, 'weekly_penalty': 0.0, 'resistance_penalty': 0.0, 'rr_penalty': 0.0, 'cmf_confluence_val': 0.0, 'penny_penalty': 0.0, 'penny_non_acc_penalty': 0.0, 'scalping_bonus': 10.0, 'fund_penalty': 0.0, 'macd_reversal_bonus': 0.0, 'sector_rs_bonus': 0.0, 'confluence_bonus': 0.0, 'short_squeeze_bonus': 0.0, 'ai_momentum_bonus': 0.0}",N/A,,,,,5.32,1.41,1.41,False,False
DCH,Dauch Corporation,$6.35,6.349999904632568,Consumer Cyclical,Auto Parts,11.99,31.4,68.4,0.02595,False,False,False,62.5,Markup,"{'trend': 80.0, 'momentum': 84.5, 'flow': 53.0, 'volatility': 53, 'structure': 80.0, 'momentum_quality': 92.2, 'insider': 50.0}",0.0,2.467117974412607,0.0988,Tactical Overweight,매수 우위 (강력 매수 - 다중지표 강세 컨플루언스 확인),False,상승,상단 돌파,골든크로스 진행,13.2,10.0,하락,-50326680.889504544,-0.975,0.924,0.10865,0.050580002,501912512.0,"[{'text': '상승 추세', 'cls': 'positive'}, {'text': '⚠️ 주봉 역배열(하락추세)', 'cls': 'negative'}, {'text': 'OBV 상승', 'cls': 'positive'}, {'text': '거래량 폭발', 'cls': 'neutral'}, {'text': '🚨 EPS 급락(-98%)', 'cls': 'negative'}, {'text': '🚀 매출 고성장', 'cls': 'positive'}]","{'mfc': 68, 'wyckoff': 80, 'stochastic': 25.900027560703407, 'obv': 75, 'bollinger': 0, 'momentum_quality': 92.2, 'regime_score': 50, 'rr_score': 79.0, 'base_tech': np.float64(64.3)}","{'base_tech_score': np.float64(64.3), 'insider_bonus': 0.0, 'deviation_penalty': 0.0, 'blowoff_penalty': 0.0, 'short_excessive_penalty': 0.0, 'weekly_penalty': 10, 'resistance_penalty': 0.0, 'rr_penalty': 0.0, 'cmf_confluence_val': 0.0, 'penny_penalty': 0.0, 'penny_non_acc_penalty': 0.0, 'scalping_bonus': 10.0, 'fund_penalty': 20.0, 'macd_reversal_bonus': 0.0, 'sector_rs_bonus': 0.0, 'confluence_bonus': 0.0, 'short_squeeze_bonus': 0.0, 'ai_momentum_bonus': 0.0}",N/A,,,,,11.99,2.28,2.28,False,False
IMSR,Terrestrial Energy Inc.,$5.82,5.820000171661377,Utilities,Utilities - Regulated Electric,8.58,31.3,54.8,0.24535,False,False,False,53.1,Accumulation,"{'trend': 55.0, 'momentum': 57.6, 'flow': 61.0, 'volatility': 23, 'structure': 75.0, 'momentum_quality': 93.1, 'insider': 50.0}",0.0,-2.252948934888763,0.1174,Aggressive Buy,매수 우위 (분할 매수 - 바닥 확인 후 모멘텀 턴어라운드),True,상승,상단 돌파,골든크로스 진행,13.0,10.0,상승,-4792200.265291485,,,0.0,0.0,-15590194.0,"[{'text': '매집 구간', 'cls': 'positive'}, {'text': '⚠️ 주봉 역배열(하락추세)', 'cls': 'negative'}, {'text': '📊 VWAP 상회 주의', 'cls': 'neutral'}, {'text': 'Stoch 골든크로스', 'cls': 'positive'}, {'text': 'OBV 상승', 'cls': 'positive'}, {'text': '🔴 적자기업(PER<0)', 'cls': 'negative'}, {'text': '🚨 공매도 비중 주의 (11.74%)', 'cls': 'negative'}]","{'mfc': 55, 'wyckoff': 100, 'stochastic': 64.4318724035659, 'obv': 75, 'bollinger': 0, 'momentum_quality': 93.1, 'regime_score': 50, 'rr_score': 100, 'base_tech': np.float64(67.9)}","{'base_tech_score': np.float64(67.9), 'insider_bonus': 0.0, 'deviation_penalty': 0.0, 'blowoff_penalty': 0.0, 'short_excessive_penalty': 0.0, 'weekly_penalty': 10, 'resistance_penalty': 0.0, 'rr_penalty': 0.0, 'cmf_confluence_val': 0.0, 'penny_penalty': 0.0, 'penny_non_acc_penalty': 0.0, 'scalping_bonus': 10.0, 'fund_penalty': 23.0, 'macd_reversal_bonus': 0.0, 'sector_rs_bonus': 0.0, 'confluence_bonus': 0.0, 'short_squeeze_bonus': 0.0, 'ai_momentum_bonus': 0.0}",N/A,,,,,8.58,0.52,0.52,False,False
PBR,Petroleo Brasileiro S.A. Petrob,$17.96,17.959999084472656,Energy,Oil & Gas Integrated,-3.02,31.2,43.6,5e-05,False,False,False,46.9,Distribution,"{'trend': 53.0, 'momentum': 40.3, 'flow': 14.0, 'volatility': 78, 'structure': 30.0, 'momentum_quality': 11.3, 'insider': 50.0}",2.0,-0.6758330964370296,0.0,Underweight,매도 우위 (투매 경고 - 강한 하방 압력),False,하락,하단,혼합,-2.5,5.0,하락,238286672.94518548,-0.072,0.004,0.47359002,0.31947002,82932752384.0,"[{'text': '분산 경고', 'cls': 'negative'}, {'text': '⚠️ MACD 하향', 'cls': 'negative'}, {'text': '📊 VWAP 하회 매수↗', 'cls': 'positive'}]","{'mfc': 44, 'wyckoff': 30, 'stochastic': 5.843997719572734, 'obv': 25, 'bollinger': 100, 'momentum_quality': 11.3, 'regime_score': 50, 'rr_score': 100, 'base_tech': np.float64(34.1)}","{'base_tech_score': np.float64(34.1), 'insider_bonus': 0.0, 'deviation_penalty': 0.0, 'blowoff_penalty': 0.0, 'short_excessive_penalty': 0.0, 'weekly_penalty': 0.0, 'resistance_penalty': 0.0, 'rr_penalty': 0.0, 'cmf_confluence_val': 0.0, 'penny_penalty': 0.0, 'penny_non_acc_penalty': 0.0, 'scalping_bonus': 5.0, 'fund_penalty': 0.0, 'macd_reversal_bonus': -3.0, 'sector_rs_bonus': 0.0, 'confluence_bonus': 0.0, 'short_squeeze_bonus': 0.0, 'ai_momentum_bonus': 0.0}",N/A,,,,,-3.02,1.72,1.72,False,False
FIS,Fidelity National Information S,$42.77,42.77000045776367,Technology,Information Technology Services,-0.09,31.2,51.4,0.00131,False,False,False,50.6,Markdown,"{'trend': 53.0, 'momentum': 53.9, 'flow': 49.0, 'volatility': 53, 'structure': 15.0, 'momentum_quality': 69.4, 'insider': 50.0}",0.0,1.2751585714798672,0.04,Tactical Hold,매도 우위 (비중 축소 - 지지선 단기 이탈 및 추세 악화),False,하락,하단,혼합,-0.2,0.0,상승,-2098460.2165368604,,0.291,0.35836,0.20669001,2653125120.0,"[{'text': '하락 추세', 'cls': 'negative'}, {'text': '⚠️ 장기 매물대(저항선) 충돌 위험', 'cls': 'negative'}, {'text': '🚀 매출 고성장', 'cls': 'positive'}]","{'mfc': 51, 'wyckoff': 10, 'stochastic': 33.86365964433986, 'obv': 25, 'bollinger': 100, 'momentum_quality': 69.4, 'regime_score': 50, 'rr_score': 79.2, 'base_tech': np.float64(45.3)}","{'base_tech_score': np.float64(45.3), 'insider_bonus': 0.0, 'deviation_penalty': 0.0, 'blowoff_penalty': 0.0, 'short_excessive_penalty': 0.0, 'weekly_penalty': 0.0, 'resistance_penalty': 15, 'rr_penalty': 0.0, 'cmf_confluence_val': 0.0, 'penny_penalty': 0.0, 'penny_non_acc_penalty': 0.0, 'scalping_bonus': 0.0, 'fund_penalty': -10.0, 'macd_reversal_bonus': 0.0, 'sector_rs_bonus': 0.0, 'confluence_bonus': 0.0, 'short_squeeze_bonus': 0.0, 'ai_momentum_bonus': 0.0}",N/A,,,,,-0.09,0.56,0.56,False,False
RGLD,"Royal Gold, Inc.",$229.92,229.9199981689453,Basic Materials,Gold,5.41,31.0,71.9,0.00265,False,False,False,71.5,Markup,"{'trend': 68.0, 'momentum': 95.3, 'flow': 95.0, 'volatility': 33, 'structure': 80.0, 'momentum_quality': 98.2, 'insider': 50.0}",-5.0,11.70282598413028,0.0382,Core Holding,매수 우위 (안정적 상승 추세 안착),True,상승,상단 돌파,골든크로스 진행,14.7,10.0,상승,-7900913.206248861,0.786,1.155,0.86802,0.62036,-189505504.0,"[{'text': '상승 추세', 'cls': 'positive'}, {'text': '🚨 강력한 하방 압력(공매도 급증 +11.7%)', 'cls': 'negative'}, {'text': '⚠️ 주봉 역배열(하락추세)', 'cls': 'negative'}, {'text': '⚠️ 장기 매물대(저항선) 충돌 위험', 'cls': 'negative'}, {'text': 'Stoch 골든크로스', 'cls': 'positive'}, {'text': 'OBV 상승', 'cls': 'positive'}, {'text': '📈 EPS 반등/턴어라운드', 'cls': 'positive'}, {'text': '🚀 매출 고성장', 'cls': 'positive'}]","{'mfc': 72, 'wyckoff': 80, 'stochastic': 55.364752324787716, 'obv': 75, 'bollinger': 0, 'momentum_quality': 98.2, 'regime_score': 50, 'rr_score': 90.0, 'base_tech': np.float64(69.9)}","{'base_tech_score': np.float64(69.9), 'insider_bonus': 0.0, 'deviation_penalty': 0.0, 'blowoff_penalty': 0.0, 'short_excessive_penalty': 25, 'weekly_penalty': 10, 'resistance_penalty': 15, 'rr_penalty': 0.0, 'cmf_confluence_val': 0.0, 'penny_penalty': 0.0, 'penny_non_acc_penalty': 0.0, 'scalping_bonus': 10.0, 'fund_penalty': -20.0, 'macd_reversal_bonus': 0.0, 'sector_rs_bonus': 0.0, 'confluence_bonus': 0.0, 'short_squeeze_bonus': 0.0, 'ai_momentum_bonus': 0.0}",N/A,,,,,5.41,1.18,1.18,False,False
AR,Antero Resources Corporation,$34.71,34.709999084472656,Energy,Oil & Gas E&P,-0.54,31.0,49.3,0.04407,False,False,False,49.1,Markdown,"{'trend': 55.0, 'momentum': 61.2, 'flow': 29.0, 'volatility': 73, 'structure': 15.0, 'momentum_quality': 28.9, 'insider': 50.0}",0.0,-4.155782374702315,0.0401,Tactical Hold,매도 우위 (비중 축소 - 지지선 단기 이탈 및 추세 악화),False,하락,상단,골든크로스 진행,0.3,0.0,하락,17805882.12930636,0.78,0.126,0.67154,0.26017,391220736.0,"[{'text': '하락 추세', 'cls': 'negative'}, {'text': '⚠️ 주봉 역배열(하락추세)', 'cls': 'negative'}, {'text': '📊 VWAP 상회 주의', 'cls': 'neutral'}, {'text': '📈 EPS 반등/턴어라운드', 'cls': 'positive'}]","{'mfc': 49, 'wyckoff': 10, 'stochastic': 20.08612160483553, 'obv': 25, 'bollinger': 0, 'momentum_quality': 28.9, 'regime_score': 50, 'rr_score': 100, 'base_tech': np.float64(28.8)}","{'base_tech_score': np.float64(28.8), 'insider_bonus': 0.0, 'deviation_penalty': 0.0, 'blowoff_penalty': 0.0, 'short_excessive_penalty': 0.0, 'weekly_penalty': 10, 'resistance_penalty': 0.0, 'rr_penalty': 0.0, 'cmf_confluence_val': 0.0, 'penny_penalty': 0.0, 'penny_non_acc_penalty': 0.0, 'scalping_bonus': 0.0, 'fund_penalty': -18.0, 'macd_reversal_bonus': 0.0, 'sector_rs_bonus': 0.0, 'confluence_bonus': 0.0, 'short_squeeze_bonus': 0.0, 'ai_momentum_bonus': 0.0}",N/A,,,,,-0.54,0.53,0.53,False,False
GENI,Genius Sports Limited,$7.59,7.590000152587891,Communication Services,Internet Content & Information,-3.07,30.9,76.4,0.09075,False,False,False,59.4,Markup,"{'trend': 100, 'momentum': 79.9, 'flow': 95.0, 'volatility': 23, 'structure': 80.0, 'momentum_quality': 100, 'insider': 60.0}",-8.0,42.85190321556649,0.13520001,Tactical Overweight,매수 우위 (강력 매수 - 다중지표 강세 컨플루언스 확인),False,상승,상단,정배열,8.9,5.0,상승,-40904303.22078702,,0.647,0.27446,-0.12399,160860496.0,"[{'text': '상승 추세', 'cls': 'positive'}, {'text': '🚨 강력한 하방 압력(공매도 급증 +42.9%)', 'cls': 'negative'}, {'text': 'OBV 상승', 'cls': 'positive'}, {'text': '🚀 매출 고성장', 'cls': 'positive'}, {'text': '🚨 공매도 비중 주의 (13.52%)', 'cls': 'negative'}]","{'mfc': 76, 'wyckoff': 80, 'stochastic': 28.79315219332085, 'obv': 75, 'bollinger': 0, 'momentum_quality': 100, 'regime_score': 50, 'rr_score': 90.8, 'base_tech': np.float64(68.6)}","{'base_tech_score': np.float64(68.6), 'insider_bonus': 0.0, 'deviation_penalty': 0.0, 'blowoff_penalty': 0.0, 'short_excessive_penalty': 25, 'weekly_penalty': 0.0, 'resistance_penalty': 0.0, 'rr_penalty': 0.0, 'cmf_confluence_val': 0.0, 'penny_penalty': 0.0, 'penny_non_acc_penalty': 0.0, 'scalping_bonus': 5.0, 'fund_penalty': -2.0, 'macd_reversal_bonus': 0.0, 'sector_rs_bonus': 0.0, 'confluence_bonus': 0.0, 'short_squeeze_bonus': 0.0, 'ai_momentum_bonus': 0.0}",N/A,,,,,-3.07,1.24,1.24,False,False
RBLX,Roblox Corporation,$37.79,37.790000915527344,Communication Services,Electronic Gaming & Multimedia,4.86,30.7,29.7,0.054920003,False,False,False,33.7,Distribution,"{'trend': 5, 'momentum': 36.8, 'flow': 47.0, 'volatility': 18, 'structure': 35.0, 'momentum_quality': 3.5, 'insider': 50.0}",0.0,-3.141970995223818,0.045300003,Underweight,매도 우위 (투매 경고 - 강한 하방 압력),True,상승,하단,역배열,-19.5,10.0,하락,-63308489.87065498,,0.359,0.25674,-0.13274,1476354688.0,"[{'text': '분산 경고', 'cls': 'negative'}, {'text': '⚠️ 주봉 역배열(하락추세)', 'cls': 'negative'}, {'text': '📊 VWAP 하회 매수↗', 'cls': 'positive'}, {'text': '🎯 시그널 컨플루언스 (4)', 'cls': 'positive'}, {'text': 'Stoch 골든크로스', 'cls': 'positive'}, {'text': 'OBV 상승', 'cls': 'positive'}, {'text': 'RSI 상승 다이버전스', 'cls': 'positive'}, {'text': '🚀 매출 고성장', 'cls': 'positive'}, {'text': '🔴 적자기업(PER<0)', 'cls': 'negative'}]","{'mfc': 30, 'wyckoff': 30, 'stochastic': 52.974830063218384, 'obv': 75, 'bollinger': 100, 'momentum_quality': 3.5, 'regime_score': 50, 'rr_score': 100, 'base_tech': np.float64(39.7)}","{'base_tech_score': np.float64(39.7), 'insider_bonus': 0.0, 'deviation_penalty': 0.0, 'blowoff_penalty': 0.0, 'short_excessive_penalty': 0.0, 'weekly_penalty': 10, 'resistance_penalty': 0.0, 'rr_penalty': 0.0, 'cmf_confluence_val': -6, 'penny_penalty': 0.0, 'penny_non_acc_penalty': 0.0, 'scalping_bonus': 10.0, 'fund_penalty': 3.0, 'macd_reversal_bonus': 0.0, 'sector_rs_bonus': 0.0, 'confluence_bonus': 8.0, 'short_squeeze_bonus': 0.0, 'ai_momentum_bonus': 0.0}",N/A,,,,,4.86,1.55,1.55,False,False
WPM,Wheaton Precious Metals Corp,$134.20,134.1999969482422,Basic Materials,Gold,7.1,30.7,74.9,0.00113,False,False,False,72.5,Markup,"{'trend': 80.0, 'momentum': 95.6, 'flow': 98.0, 'volatility': 33, 'structure': 80.0, 'momentum_quality': 98.2, 'insider': 50.0}",-6.0,20.629351472696676,0.0,Core Holding,매수 우위 (안정적 상승 추세 안착),True,상승,상단 돌파,골든크로스 진행,19.7,10.0,상승,6444286.178864363,0.859,0.847,0.86337,0.72290003,-3523585536.0,"[{'text': '상승 추세', 'cls': 'positive'}, {'text': '🚨 강력한 하방 압력(공매도 급증 +20.6%)', 'cls': 'negative'}, {'text': '⚠️ 주봉 역배열(하락추세)', 'cls': 'negative'}, {'text': '⚠️ 장기 매물대(저항선) 충돌 위험', 'cls': 'negative'}, {'text': 'Stoch 골든크로스', 'cls': 'positive'}, {'text': 'OBV 상승', 'cls': 'positive'}, {'text': '📈 EPS 반등/턴어라운드', 'cls': 'positive'}, {'text': '🚀 매출 고성장', 'cls': 'positive'}]","{'mfc': 75, 'wyckoff': 80, 'stochastic': 54.91956638838403, 'obv': 75, 'bollinger': 0, 'momentum_quality': 98.2, 'regime_score': 50, 'rr_score': 85.9, 'base_tech': np.float64(70.9)}","{'base_tech_score': np.float64(70.9), 'insider_bonus': 0.0, 'deviation_penalty': 0.0, 'blowoff_penalty': 0.0, 'short_excessive_penalty': 25, 'weekly_penalty': 10, 'resistance_penalty': 15, 'rr_penalty': 0.0, 'cmf_confluence_val': 0.0, 'penny_penalty': 0.0, 'penny_non_acc_penalty': 0.0, 'scalping_bonus': 10.0, 'fund_penalty': -20.0, 'macd_reversal_bonus': 0.0, 'sector_rs_bonus': 0.0, 'confluence_bonus': 0.0, 'short_squeeze_bonus': 0.0, 'ai_momentum_bonus': 0.0}",N/A,,,,,7.1,1.55,1.55,False,False
CTRI,"Centuri Holdings, Inc.",$23.85,23.850000381469727,Utilities,Utilities - Regulated Gas,6.71,30.5,34.8,0.00497,False,False,False,40.5,Markdown,"{'trend': 5, 'momentum': 37.0, 'flow': 75.0, 'volatility': 23, 'structure': 15.0, 'momentum_quality': 0, 'insider': 50.0}",8.0,-26.966362070922678,0.0378,Avoid / Sell-off,매도 우위 (전면 회피 - 다중지표 약세 컨플루언스 확인),False,상승,하단,역배열,-8.8,10.0,하락,-3355258.608596814,-0.243,0.329,0.077589996,0.028299998,-10192750.0,"[{'text': '하락 추세', 'cls': 'negative'}, {'text': '⚠️ 주봉 역배열(하락추세)', 'cls': 'negative'}, {'text': 'OBV 상승', 'cls': 'positive'}, {'text': '⚠️ EPS 감소(-24%)', 'cls': 'negative'}, {'text': '🚀 매출 고성장', 'cls': 'positive'}, {'text': '🔥 숏커버 (-27.0%)', 'cls': 'positive'}]","{'mfc': 35, 'wyckoff': 10, 'stochastic': 48.71491769447833, 'obv': 75, 'bollinger': 100, 'momentum_quality': 0, 'regime_score': 50, 'rr_score': 100, 'base_tech': np.float64(36.8)}","{'base_tech_score': np.float64(36.8), 'insider_bonus': 0.0, 'deviation_penalty': 0.0, 'blowoff_penalty': 0.0, 'short_excessive_penalty': 0.0, 'weekly_penalty': 10, 'resistance_penalty': 0.0, 'rr_penalty': 0.0, 'cmf_confluence_val': 0.0, 'penny_penalty': 0.0, 'penny_non_acc_penalty': 0.0, 'scalping_bonus': 10.0, 'fund_penalty': 7.0, 'macd_reversal_bonus': 0.0, 'sector_rs_bonus': 0.0, 'confluence_bonus': 0.0, 'short_squeeze_bonus': 0.0, 'ai_momentum_bonus': 0.0}",N/A,,,,,6.71,1.29,1.29,False,False
LIFE,Ethos Technologies Inc.,$31.61,31.610000610351562,Financial Services,Insurance Brokers,6.04,30.2,75.5,0.12023,False,False,False,84.4,Markup,"{'trend': 100, 'momentum': 82.5, 'flow': 100, 'volatility': 3, 'structure': 80.0, 'momentum_quality': 100, 'insider': 50.0}",-8.0,34.83844014125999,0.082200006,Tactical Overweight,매수 우위 (강력 매수 - 다중지표 강세 컨플루언스 확인),True,상승,상단 돌파,정배열,48.0,10.0,상승,10625104.730571859,0.058,1.134,0.98126,0.09558,204683120.0,"[{'text': '상승 추세', 'cls': 'positive'}, {'text': '⚠️ 이격도 과다', 'cls': 'negative'}, {'text': '🚨 강력한 하방 압력(공매도 급증 +34.8%)', 'cls': 'negative'}, {'text': '🔥 Accumulation Confluence (CMF+ADL)', 'cls': 'positive'}, {'text': 'Stoch 골든크로스', 'cls': 'positive'}, {'text': 'OBV 상승', 'cls': 'positive'}, {'text': '🚀 매출 고성장', 'cls': 'positive'}]","{'mfc': 76, 'wyckoff': 80, 'stochastic': 56.09659632210665, 'obv': 75, 'bollinger': 0, 'momentum_quality': 100, 'regime_score': 40, 'rr_score': 56.1, 'base_tech': np.float64(71.6)}","{'base_tech_score': np.float64(71.6), 'insider_bonus': 0.0, 'deviation_penalty': 20, 'blowoff_penalty': 0.0, 'short_excessive_penalty': 25, 'weekly_penalty': 0.0, 'resistance_penalty': 0.0, 'rr_penalty': 0.0, 'cmf_confluence_val': 0.0, 'penny_penalty': 0.0, 'penny_non_acc_penalty': 0.0, 'scalping_bonus': 10.0, 'fund_penalty': -10.0, 'macd_reversal_bonus': 0.0, 'sector_rs_bonus': 0.0, 'confluence_bonus': 0.0, 'short_squeeze_bonus': 0.0, 'ai_momentum_bonus': 0.0}",N/A,,,,,6.06,2.09,2.09,False,False
FLY,Firefly Aerospace Inc.,$26.71,26.709999084472656,Industrials,Aerospace & Defense,11.01,30.1,68.4,0.20403999,False,False,False,59.3,Markup,"{'trend': 73.0, 'momentum': 100, 'flow': 91.0, 'volatility': 3, 'structure': 80.0, 'momentum_quality': 100, 'insider': 50.0}",0.0,0.9819513335413264,0.121700004,Tactical Overweight,매수 우위 (강력 매수 - 다중지표 강세 컨플루언스 확인),True,상승,상단 돌파,골든크로스 진행,26.9,10.0,상승,-23013049.652958248,,0.448,0.24831,-1.15925,-146637120.0,"[{'text': '상승 추세', 'cls': 'positive'}, {'text': '⚠️ 이격도 과다', 'cls': 'negative'}, {'text': '📊 VWAP 상회 주의', 'cls': 'neutral'}, {'text': 'Stoch 골든크로스', 'cls': 'positive'}, {'text': 'OBV 상승', 'cls': 'positive'}, {'text': '🚀 매출 고성장', 'cls': 'positive'}, {'text': '🔴 영업손실(-116%)', 'cls': 'negative'}, {'text': '🔴 적자기업(PER<0)', 'cls': 'negative'}, {'text': '🚨 공매도 비중 주의 (12.17%)', 'cls': 'negative'}]","{'mfc': 68, 'wyckoff': 80, 'stochastic': 54.28635160120013, 'obv': 75, 'bollinger': 0, 'momentum_quality': 100, 'regime_score': 50, 'rr_score': 100, 'base_tech': np.float64(68.9)}","{'base_tech_score': np.float64(68.9), 'insider_bonus': 0.0, 'deviation_penalty': 20, 'blowoff_penalty': 0.0, 'short_excessive_penalty': 0.0, 'weekly_penalty': 0.0, 'resistance_penalty': 0.0, 'rr_penalty': 0.0, 'cmf_confluence_val': 0.0, 'penny_penalty': 0.0, 'penny_non_acc_penalty': 0.0, 'scalping_bonus': 10.0, 'fund_penalty': 15.0, 'macd_reversal_bonus': 0.0, 'sector_rs_bonus': 0.0, 'confluence_bonus': 0.0, 'short_squeeze_bonus': 0.0, 'ai_momentum_bonus': 0.0}",N/A,,,,,11.01,0.65,0.65,False,False
ARW,"Arrow Electronics, Inc.",$203.51,203.50999450683594,Technology,Electronics & Computer Distribution,-8.45,30.1,54.6,0.0051499996,False,False,False,42.4,Distribution,"{'trend': 60.0, 'momentum': 53.2, 'flow': 54.0, 'volatility': 73, 'structure': 30.0, 'momentum_quality': 32.5, 'insider': 50.0}",-8.0,25.79404483377768,0.0332,Underweight,매도 우위 (투매 경고 - 강한 하방 압력),False,하락,하단,골든크로스 진행,-4.2,5.0,상승,4771011.017500638,0.453,0.318,0.11271,0.0395,732857856.0,"[{'text': '분산 경고', 'cls': 'negative'}, {'text': '🚨 강력한 하방 압력(공매도 급증 +25.8%)', 'cls': 'negative'}, {'text': '📊 VWAP 하회 매수↗', 'cls': 'positive'}, {'text': '📈 EPS 반등/턴어라운드', 'cls': 'positive'}, {'text': '🚀 매출 고성장', 'cls': 'positive'}]","{'mfc': 55, 'wyckoff': 30, 'stochastic': 8.17879976848127, 'obv': 25, 'bollinger': 100, 'momentum_quality': 32.5, 'regime_score': 50, 'rr_score': 90.9, 'base_tech': np.float64(41.4)}","{'base_tech_score': np.float64(41.4), 'insider_bonus': 0.0, 'deviation_penalty': 0.0, 'blowoff_penalty': 0.0, 'short_excessive_penalty': 25, 'weekly_penalty': 0.0, 'resistance_penalty': 0.0, 'rr_penalty': 0.0, 'cmf_confluence_val': 0.0, 'penny_penalty': 0.0, 'penny_non_acc_penalty': 0.0, 'scalping_bonus': 5.0, 'fund_penalty': -25.0, 'macd_reversal_bonus': 0.0, 'sector_rs_bonus': 0.0, 'confluence_bonus': 0.0, 'short_squeeze_bonus': 0.0, 'ai_momentum_bonus': 0.0}",N/A,,,,,-8.45,1.81,1.81,False,False
LAR,Lithium Argentina AG,$6.94,6.940000057220459,Basic Materials,Other Industrial Metals & Mining,5.31,30.0,68.7,0.15727,False,False,False,52.9,Markup,"{'trend': 73.0, 'momentum': 100.0, 'flow': 67.0, 'volatility': 13, 'structure': 80.0, 'momentum_quality': 100, 'insider': 50.0}",-5.0,10.026596700499308,0.0355,Tactical Overweight,매수 우위 (강력 매수 - 다중지표 강세 컨플루언스 확인),True,상승,상단,골든크로스 진행,9.9,10.0,상승,12431506.51135859,,,0.0,0.0,17951876.0,"[{'text': '상승 추세', 'cls': 'positive'}, {'text': '🚨 강력한 하방 압력(공매도 급증 +10.0%)', 'cls': 'negative'}, {'text': 'Stoch 골든크로스', 'cls': 'positive'}, {'text': 'OBV 상승', 'cls': 'positive'}]","{'mfc': 69, 'wyckoff': 80, 'stochastic': 83.49857328126042, 'obv': 75, 'bollinger': 0, 'momentum_quality': 100, 'regime_score': 50, 'rr_score': 100, 'base_tech': np.float64(72.5)}","{'base_tech_score': np.float64(72.5), 'insider_bonus': 0.0, 'deviation_penalty': 0.0, 'blowoff_penalty': 0.0, 'short_excessive_penalty': 25, 'weekly_penalty': 0.0, 'resistance_penalty': 0.0, 'rr_penalty': 0.0, 'cmf_confluence_val': 0.0, 'penny_penalty': 0.0, 'penny_non_acc_penalty': 0.0, 'scalping_bonus': 10.0, 'fund_penalty': 8.0, 'macd_reversal_bonus': 0.0, 'sector_rs_bonus': 0.0, 'confluence_bonus': 0.0, 'short_squeeze_bonus': 0.0, 'ai_momentum_bonus': 0.0}",N/A,,,,,5.31,1.07,1.07,False,False
WSC,WillScot Holdings Corporation,$24.37,24.3700008392334,Industrials,Rental & Leasing Services,-5.62,29.9,37.8,0.02615,False,False,False,40.4,Distribution,"{'trend': 40.0, 'momentum': 35.1, 'flow': 22.0, 'volatility': 48, 'structure': 30.0, 'momentum_quality': 15.7, 'insider': 50.0}",0.5,-8.353429325815352,0.16510001,Underweight,매도 우위 (투매 경고 - 강한 하방 압력),False,하락,하단,혼합,-6.4,5.0,하락,-1769724.4730562936,-0.02,0.039,0.52324003,0.20124,248800992.0,"[{'text': '분산 경고', 'cls': 'negative'}, {'text': '⚠️ MACD 하향', 'cls': 'negative'}, {'text': '📊 VWAP 하회 매수↗', 'cls': 'positive'}, {'text': '🚨 공매도 비중 주의 (16.51%)', 'cls': 'negative'}]","{'mfc': 38, 'wyckoff': 30, 'stochastic': 19.034238511130024, 'obv': 25, 'bollinger': 100, 'momentum_quality': 15.7, 'regime_score': 50, 'rr_score': 100, 'base_tech': np.float64(34.3)}","{'base_tech_score': np.float64(34.3), 'insider_bonus': 0.0, 'deviation_penalty': 0.0, 'blowoff_penalty': 0.0, 'short_excessive_penalty': 0.0, 'weekly_penalty': 0.0, 'resistance_penalty': 0.0, 'rr_penalty': 0.0, 'cmf_confluence_val': 0.0, 'penny_penalty': 0.0, 'penny_non_acc_penalty': 0.0, 'scalping_bonus': 5.0, 'fund_penalty': 0.0, 'macd_reversal_bonus': -3.0, 'sector_rs_bonus': 0.0, 'confluence_bonus': 0.0, 'short_squeeze_bonus': 0.0, 'ai_momentum_bonus': 0.0}",N/A,,,,,-5.62,1.94,1.94,False,False
CPNG,"Coupang, Inc.",$16.23,16.229999542236328,Consumer Cyclical,Internet Retail,-0.73,29.6,58.1,0.00642,False,False,False,46.6,Accumulation,"{'trend': 55.0, 'momentum': 73.2, 'flow': 43.0, 'volatility': 53, 'structure': 75.0, 'momentum_quality': 79.6, 'insider': 50.0}",0.0,4.751478732097022,0.0629,Tactical Hold,"중립 대기 (방향성 탐색 중, 뚜렷한 주도력 부재)",True,상승,하단,골든크로스 진행,-0.5,0.0,하락,-5321332.694518924,,0.039,0.28354,-0.06278,-246375008.0,"[{'text': '매집 구간', 'cls': 'positive'}, {'text': '⚠️ 주봉 역배열(하락추세)', 'cls': 'negative'}, {'text': 'Stoch 골든크로스', 'cls': 'positive'}, {'text': 'OBV 상승', 'cls': 'positive'}]","{'mfc': 58, 'wyckoff': 100, 'stochastic': 50.17175568326078, 'obv': 75, 'bollinger': 100, 'momentum_quality': 79.6, 'regime_score': 50, 'rr_score': 100, 'base_tech': np.float64(73.3)}","{'base_tech_score': np.float64(73.3), 'insider_bonus': 0.0, 'deviation_penalty': 0.0, 'blowoff_penalty': 0.0, 'short_excessive_penalty': 0.0, 'weekly_penalty': 10, 'resistance_penalty': 0.0, 'rr_penalty': 0.0, 'cmf_confluence_val': -6, 'penny_penalty': 0.0, 'penny_non_acc_penalty': 0.0, 'scalping_bonus': 0.0, 'fund_penalty': 13.0, 'macd_reversal_bonus': 0.0, 'sector_rs_bonus': 0.0, 'confluence_bonus': 0.0, 'short_squeeze_bonus': 0.0, 'ai_momentum_bonus': 0.0}",N/A,,,,,-0.73,0.63,0.63,False,False
TIGO,Millicom International Cellular,$97.10,97.0999984741211,Communication Services,Telecom Services,-6.91,29.4,48.6,0.4611,False,False,False,53.8,Accumulation,"{'trend': 50.0, 'momentum': 61.2, 'flow': 3.0, 'volatility': 73, 'structure': 65.0, 'momentum_quality': 27.5, 'insider': 50.0}",0.0,-4.7928590499578245,0.051599998,Tactical Hold,매도 우위 (하방 경계 - 바닥 탐색 진행 중),True,하락,상단,데드크로스 진행,1.0,5.0,하락,17850324.082696065,-0.839,0.594,0.76545,0.20743,1879000064.0,"[{'text': '매집 구간', 'cls': 'positive'}, {'text': 'Stoch 골든크로스', 'cls': 'positive'}, {'text': '🚨 EPS 급락(-84%)', 'cls': 'negative'}, {'text': '🚀 매출 고성장', 'cls': 'positive'}]","{'mfc': 49, 'wyckoff': 100, 'stochastic': 69.65842146418353, 'obv': 25, 'bollinger': 0, 'momentum_quality': 27.5, 'regime_score': 50, 'rr_score': 83.0, 'base_tech': np.float64(50.5)}","{'base_tech_score': np.float64(50.5), 'insider_bonus': 0.0, 'deviation_penalty': 0.0, 'blowoff_penalty': 0.0, 'short_excessive_penalty': 0.0, 'weekly_penalty': 0.0, 'resistance_penalty': 0.0, 'rr_penalty': 0.0, 'cmf_confluence_val': -6, 'penny_penalty': 0.0, 'penny_non_acc_penalty': 0.0, 'scalping_bonus': 5.0, 'fund_penalty': 10.0, 'macd_reversal_bonus': 0.0, 'sector_rs_bonus': 0.0, 'confluence_bonus': 0.0, 'short_squeeze_bonus': 0.0, 'ai_momentum_bonus': 0.0}",N/A,,,,,-6.84,1.02,1.02,False,False
SGHC,Super Group (SGHC) Limited,$13.05,13.050000190734863,Consumer Cyclical,Gambling,0.46,29.4,35.7,0.67828006,False,False,False,36.8,Markdown,"{'trend': 33.0, 'momentum': 35.0, 'flow': 9.0, 'volatility': 48, 'structure': 15.0, 'momentum_quality': 14.5, 'insider': 50.0}",0.0,1.1915357468789558,0.1228,Avoid / Sell-off,매도 우위 (전면 회피 - 다중지표 약세 컨플루언스 확인),False,하락,하단,데드크로스 진행,-9.4,0.0,하락,-2937261.4884240297,,0.181,0.3225,0.25146,292875008.0,"[{'text': '하락 추세', 'cls': 'negative'}, {'text': '🚨 공매도 비중 주의 (12.28%)', 'cls': 'negative'}]","{'mfc': 36, 'wyckoff': 10, 'stochastic': 45.630960955476716, 'obv': 25, 'bollinger': 100, 'momentum_quality': 14.5, 'regime_score': 50, 'rr_score': 100, 'base_tech': np.float64(32.9)}","{'base_tech_score': np.float64(32.9), 'insider_bonus': 0.0, 'deviation_penalty': 0.0, 'blowoff_penalty': 0.0, 'short_excessive_penalty': 0.0, 'weekly_penalty': 0.0, 'resistance_penalty': 0.0, 'rr_penalty': 0.0, 'cmf_confluence_val': 0.0, 'penny_penalty': 0.0, 'penny_non_acc_penalty': 0.0, 'scalping_bonus': 0.0, 'fund_penalty': -3.0, 'macd_reversal_bonus': 0.0, 'sector_rs_bonus': 0.0, 'confluence_bonus': 0.0, 'short_squeeze_bonus': 0.0, 'ai_momentum_bonus': 0.0}",N/A,,,,,0.46,0.69,0.69,False,False
APLD,Applied Digital Corporation,$29.22,29.219999313354492,Technology,Information Technology Services,1.25,29.3,58.6,0.09879,False,False,False,46.6,Accumulation,"{'trend': 73.0, 'momentum': 61.2, 'flow': 68.0, 'volatility': 43, 'structure': 75.0, 'momentum_quality': 33.4, 'insider': 50.0}",-1.0,-6.042078343981892,0.2633,Aggressive Buy,매수 우위 (분할 매수 - 바닥 확인 후 모멘텀 턴어라운드),False,상승,상단,골든크로스 진행,3.6,0.0,상승,-61915994.96226663,,4.066,0.25879,-0.48219,-4961438720.0,"[{'text': '매집 구간', 'cls': 'positive'}, {'text': '📊 VWAP 상회 주의', 'cls': 'neutral'}, {'text': 'OBV 상승', 'cls': 'positive'}, {'text': '🚀 매출 고성장', 'cls': 'positive'}, {'text': '🔴 영업손실(-48%)', 'cls': 'negative'}, {'text': '🔴 적자기업(PER<0)', 'cls': 'negative'}, {'text': '🚨 공매도 비중 주의 (26.33%)', 'cls': 'negative'}]","{'mfc': 59, 'wyckoff': 100, 'stochastic': 34.392653285671635, 'obv': 75, 'bollinger': 0, 'momentum_quality': 33.4, 'regime_score': 50, 'rr_score': 100, 'base_tech': np.float64(56.6)}","{'base_tech_score': np.float64(56.6), 'insider_bonus': 0.0, 'deviation_penalty': 0.0, 'blowoff_penalty': 0.0, 'short_excessive_penalty': 0.0, 'weekly_penalty': 0.0, 'resistance_penalty': 0.0, 'rr_penalty': 0.0, 'cmf_confluence_val': 0.0, 'penny_penalty': 0.0, 'penny_non_acc_penalty': 0.0, 'scalping_bonus': 0.0, 'fund_penalty': 15.0, 'macd_reversal_bonus': 0.0, 'sector_rs_bonus': 0.0, 'confluence_bonus': 0.0, 'short_squeeze_bonus': 0.0, 'ai_momentum_bonus': 0.0}",N/A,,,,,1.25,0.62,0.62,False,False
FOUR,"Shift4 Payments, Inc.",$41.26,41.2599983215332,Technology,Software - Infrastructure,-4.84,29.2,26.6,0.30497,False,False,False,35.9,Markdown,"{'trend': 10.0, 'momentum': 24.5, 'flow': 13.0, 'volatility': 38, 'structure': 15.0, 'momentum_quality': 0, 'insider': 50.0}",0.5,-6.260644981194926,0.2005,Avoid / Sell-off,매도 우위 (전면 회피 - 다중지표 약세 컨플루언스 확인),False,하락,하단 이탈,데드크로스 진행,-18.3,13.0,하락,-16312519.348239977,-0.353,0.341,0.35904998,0.0749,353524992.0,"[{'text': '하락 추세', 'cls': 'negative'}, {'text': '📊 VWAP 하회 매수↗', 'cls': 'positive'}, {'text': '거래량 폭발', 'cls': 'neutral'}, {'text': '⚠️ EPS 감소(-35%)', 'cls': 'negative'}, {'text': '🚀 매출 고성장', 'cls': 'positive'}, {'text': '🚨 공매도 비중 주의 (20.05%)', 'cls': 'negative'}]","{'mfc': 27, 'wyckoff': 10, 'stochastic': 0, 'obv': 25, 'bollinger': 100, 'momentum_quality': 0, 'regime_score': 50, 'rr_score': 100, 'base_tech': np.float64(22.1)}","{'base_tech_score': np.float64(22.1), 'insider_bonus': 0.0, 'deviation_penalty': 0.0, 'blowoff_penalty': 0.0, 'short_excessive_penalty': 0.0, 'weekly_penalty': 0.0, 'resistance_penalty': 0.0, 'rr_penalty': 0.0, 'cmf_confluence_val': 0.0, 'penny_penalty': 0.0, 'penny_non_acc_penalty': 0.0, 'scalping_bonus': 13.0, 'fund_penalty': 2.0, 'macd_reversal_bonus': 0.0, 'sector_rs_bonus': 0.0, 'confluence_bonus': 0.0, 'short_squeeze_bonus': 0.0, 'ai_momentum_bonus': 0.0}",N/A,,,,,-4.84,2.82,2.82,False,False
VTRS,Viatris Inc.,$16.43,16.43000030517578,Healthcare,Drug Manufacturers - Specialty & Generic,0.86,29.2,42.9,0.00316,False,False,False,42.0,Distribution,"{'trend': 50.0, 'momentum': 35.8, 'flow': 23.0, 'volatility': 68, 'structure': 20.0, 'momentum_quality': 17.0, 'insider': 60.0}",0.0,4.804908251521853,0.040700004,Underweight,매도 우위 (투매 경고 - 강한 하방 압력),False,하락,하단,데드크로스 진행,-4.6,0.0,하락,-3794357.502393988,,0.049,0.40307,0.12550999,2677337600.0,"[{'text': '분산 경고', 'cls': 'negative'}]","{'mfc': 43, 'wyckoff': 30, 'stochastic': 0, 'obv': 25, 'bollinger': 100, 'momentum_quality': 17.0, 'regime_score': 50, 'rr_score': 96.2, 'base_tech': np.float64(34.0)}","{'base_tech_score': np.float64(34.0), 'insider_bonus': 0.0, 'deviation_penalty': 0.0, 'blowoff_penalty': 0.0, 'short_excessive_penalty': 0.0, 'weekly_penalty': 0.0, 'resistance_penalty': 0.0, 'rr_penalty': 0.0, 'cmf_confluence_val': 0.0, 'penny_penalty': 0.0, 'penny_non_acc_penalty': 0.0, 'scalping_bonus': 0.0, 'fund_penalty': 0.0, 'macd_reversal_bonus': 0.0, 'sector_rs_bonus': 0.0, 'confluence_bonus': 0.0, 'short_squeeze_bonus': 0.0, 'ai_momentum_bonus': 0.0}",N/A,,,,,0.86,1.27,1.27,False,False
NIO,NIO Inc.,$4.74,4.739999771118164,Consumer Cyclical,Auto Manufacturers,3.04,29.0,37.5,0.00107,False,False,False,46.0,Markdown,"{'trend': 5, 'momentum': 71.8, 'flow': 7.0, 'volatility': 73, 'structure': 15.0, 'momentum_quality': 60.8, 'insider': 50.0}",0.0,-4.393339914625256,0.0672,Avoid / Sell-off,매도 우위 (전면 회피 - 다중지표 약세 컨플루언스 확인),True,하락,하단,역배열,-0.8,10.0,하락,-490263130.65381616,,1.122,0.15701,-0.01209,,"[{'text': '하락 추세', 'cls': 'negative'}, {'text': '⚠️ 주봉 역배열(하락추세)', 'cls': 'negative'}, {'text': 'Stoch 골든크로스', 'cls': 'positive'}, {'text': '🚀 매출 고성장', 'cls': 'positive'}]","{'mfc': 38, 'wyckoff': 10, 'stochastic': 52.18625396172969, 'obv': 25, 'bollinger': 100, 'momentum_quality': 60.8, 'regime_score': 50, 'rr_score': 100, 'base_tech': np.float64(41.3)}","{'base_tech_score': np.float64(41.3), 'insider_bonus': 0.0, 'deviation_penalty': 0.0, 'blowoff_penalty': 0.0, 'short_excessive_penalty': 0.0, 'weekly_penalty': 10, 'resistance_penalty': 0.0, 'rr_penalty': 0.0, 'cmf_confluence_val': -6, 'penny_penalty': 0.0, 'penny_non_acc_penalty': 0.0, 'scalping_bonus': 10.0, 'fund_penalty': -2.0, 'macd_reversal_bonus': 0.0, 'sector_rs_bonus': 0.0, 'confluence_bonus': 0.0, 'short_squeeze_bonus': 0.0, 'ai_momentum_bonus': 0.0}",N/A,,,,,3.04,0.79,0.79,False,False
ERO,Ero Copper Corp.,$34.31,34.310001373291016,Basic Materials,Copper,10.32,28.5,72.0,0.024300002,False,False,False,75.2,Markup,"{'trend': 80.0, 'momentum': 92.3, 'flow': 100, 'volatility': 13, 'structure': 55.0, 'momentum_quality': 98.2, 'insider': 50.0}",2.0,3.5528815724438125,0.0,Core Holding,매수 우위 (안정적 상승 추세 안착),True,상승,상단 돌파,골든크로스 진행,27.3,10.0,상승,8167730.735478251,0.269,0.739,0.42992002,0.37643,47039876.0,"[{'text': '상승 추세', 'cls': 'positive'}, {'text': '⚠️ 이격도 과다', 'cls': 'negative'}, {'text': '🚨 상단 클라이맥스', 'cls': 'negative'}, {'text': '⚠️ 주봉 역배열(하락추세)', 'cls': 'negative'}, {'text': '🔥 Accumulation Confluence (CMF+ADL)', 'cls': 'positive'}, {'text': 'Stoch 골든크로스', 'cls': 'positive'}, {'text': 'OBV 상승', 'cls': 'positive'}, {'text': '🚀 매출 고성장', 'cls': 'positive'}]","{'mfc': 72, 'wyckoff': 80, 'stochastic': 50.49497650234205, 'obv': 75, 'bollinger': 0, 'momentum_quality': 98.2, 'regime_score': 50, 'rr_score': 54.8, 'base_tech': np.float64(69.4)}","{'base_tech_score': np.float64(69.4), 'insider_bonus': 0.0, 'deviation_penalty': 20, 'blowoff_penalty': 30, 'short_excessive_penalty': 0.0, 'weekly_penalty': 10, 'resistance_penalty': 0.0, 'rr_penalty': 0.0, 'cmf_confluence_val': 0.0, 'penny_penalty': 0.0, 'penny_non_acc_penalty': 0.0, 'scalping_bonus': 10.0, 'fund_penalty': -15.0, 'macd_reversal_bonus': 0.0, 'sector_rs_bonus': 0.0, 'confluence_bonus': 0.0, 'short_squeeze_bonus': 0.0, 'ai_momentum_bonus': 0.0}",N/A,,,,,10.32,2.24,2.24,False,False
DIOD,Diodes Incorporated,$105.17,105.16999816894531,Technology,Semiconductors,6.53,28.5,68.0,0.025309999,False,False,False,61.3,Markup,"{'trend': 60.0, 'momentum': 100, 'flow': 87.0, 'volatility': 3, 'structure': 80.0, 'momentum_quality': 98.2, 'insider': 50.0}",-2.0,8.744476246825517,0.0729,Tactical Overweight,매수 우위 (강력 매수 - 다중지표 강세 컨플루언스 확인),True,상승,상단 돌파,골든크로스 진행,18.0,10.0,상승,3206511.6085600127,0.012,0.217,0.31734,0.07458,176820256.0,"[{'text': '상승 추세', 'cls': 'positive'}, {'text': '🚨 강력한 하방 압력(공매도 급증 +8.7%)', 'cls': 'negative'}, {'text': '⚠️ 장기 매물대(저항선) 충돌 위험', 'cls': 'negative'}, {'text': 'Stoch 골든크로스', 'cls': 'positive'}, {'text': 'OBV 상승', 'cls': 'positive'}]","{'mfc': 68, 'wyckoff': 80, 'stochastic': 82.66561000015048, 'obv': 75, 'bollinger': 0, 'momentum_quality': 98.2, 'regime_score': 50, 'rr_score': 94.5, 'base_tech': np.float64(71.8)}","{'base_tech_score': np.float64(71.8), 'insider_bonus': 0.0, 'deviation_penalty': 0.0, 'blowoff_penalty': 0.0, 'short_excessive_penalty': 25, 'weekly_penalty': 0.0, 'resistance_penalty': 15, 'rr_penalty': 0.0, 'cmf_confluence_val': 0.0, 'penny_penalty': 0.0, 'penny_non_acc_penalty': 0.0, 'scalping_bonus': 10.0, 'fund_penalty': -3.0, 'macd_reversal_bonus': 0.0, 'sector_rs_bonus': 0.0, 'confluence_bonus': 0.0, 'short_squeeze_bonus': 0.0, 'ai_momentum_bonus': 0.0}",N/A,,,,,6.53,1.0,1.0,False,False
SNAP,Snap Inc.,$5.33,5.329999923706055,Communication Services,Internet Content & Information,2.11,28.4,72.6,0.22433001,False,False,False,59.7,Markup,"{'trend': 80.0, 'momentum': 85.8, 'flow': 99.0, 'volatility': 33, 'structure': 80.0, 'momentum_quality': 92.2, 'insider': 50.0}",0.0,-2.410903187918995,0.083000004,Tactical Overweight,매수 우위 (강력 매수 - 다중지표 강세 컨플루언스 확인),False,상승,상단,골든크로스 진행,11.3,10.0,상승,92906149.28555164,,0.189,0.57333,-0.026400002,714257984.0,"[{'text': '상승 추세', 'cls': 'positive'}, {'text': '⚠️ 주봉 역배열(하락추세)', 'cls': 'negative'}, {'text': '⚠️ 장기 매물대(저항선) 충돌 위험', 'cls': 'negative'}, {'text': '📊 VWAP 상회 주의', 'cls': 'neutral'}, {'text': 'OBV 상승', 'cls': 'positive'}]","{'mfc': 73, 'wyckoff': 80, 'stochastic': 23.971851707957512, 'obv': 75, 'bollinger': 0, 'momentum_quality': 92.2, 'regime_score': 50, 'rr_score': 98.6, 'base_tech': np.float64(65.5)}","{'base_tech_score': np.float64(65.5), 'insider_bonus': 0.0, 'deviation_penalty': 0.0, 'blowoff_penalty': 0.0, 'short_excessive_penalty': 0.0, 'weekly_penalty': 10, 'resistance_penalty': 15, 'rr_penalty': 0.0, 'cmf_confluence_val': 0.0, 'penny_penalty': 0.0, 'penny_non_acc_penalty': 0.0, 'scalping_bonus': 10.0, 'fund_penalty': 9.0, 'macd_reversal_bonus': 0.0, 'sector_rs_bonus': 0.0, 'confluence_bonus': 0.0, 'short_squeeze_bonus': 0.0, 'ai_momentum_bonus': 0.0}",N/A,,,,,2.11,0.69,0.69,False,False
APPN,Appian Corporation,$34.64,34.63999938964844,Technology,Software - Infrastructure,13.91,28.4,77.4,0.06998,False,False,False,75.5,Markup,"{'trend': 100, 'momentum': 93.2, 'flow': 100, 'volatility': 3, 'structure': 80.0, 'momentum_quality': 100, 'insider': 50.0}",-3.5,8.985272085957773,0.1507,Tactical Overweight,매수 우위 (강력 매수 - 다중지표 강세 컨플루언스 확인),True,상승,상단 돌파,정배열,29.5,10.0,상승,11593738.989120634,,0.191,0.72397006,0.0042,109315872.0,"[{'text': '상승 추세', 'cls': 'positive'}, {'text': '⚠️ 이격도 과다', 'cls': 'negative'}, {'text': '🚨 강력한 하방 압력(공매도 급증 +9.0%)', 'cls': 'negative'}, {'text': '🔥 Accumulation Confluence (CMF+ADL)', 'cls': 'positive'}, {'text': 'Stoch 골든크로스', 'cls': 'positive'}, {'text': 'OBV 상승', 'cls': 'positive'}, {'text': '🚨 공매도 비중 주의 (15.07%)', 'cls': 'negative'}]","{'mfc': 77, 'wyckoff': 80, 'stochastic': 57.53810093961402, 'obv': 75, 'bollinger': 0, 'momentum_quality': 100, 'regime_score': 50, 'rr_score': 66.7, 'base_tech': np.float64(72.4)}","{'base_tech_score': np.float64(72.4), 'insider_bonus': 0.0, 'deviation_penalty': 20, 'blowoff_penalty': 0.0, 'short_excessive_penalty': 25, 'weekly_penalty': 0.0, 'resistance_penalty': 0.0, 'rr_penalty': 0.0, 'cmf_confluence_val': 0.0, 'penny_penalty': 0.0, 'penny_non_acc_penalty': 0.0, 'scalping_bonus': 10.0, 'fund_penalty': -3.0, 'macd_reversal_bonus': 0.0, 'sector_rs_bonus': 0.0, 'confluence_bonus': 0.0, 'short_squeeze_bonus': 0.0, 'ai_momentum_bonus': 0.0}",N/A,,,,,13.91,1.59,1.59,False,False
FIP,FTAI Infrastructure Inc.,$4.27,4.269999980926514,Industrials,Conglomerates,5.3,28.4,27.9,0.08282,False,True,False,53.2,Markdown,"{'trend': 5, 'momentum': 68.2, 'flow': 6.0, 'volatility': 3, 'structure': 15.0, 'momentum_quality': 51.5, 'insider': 50.0}",-3.0,1.174206552858459,0.256,Underweight,매도 우위 (투매 경고 - 강한 하방 압력),True,하락,상단,역배열,4.8,10.0,하락,-19340934.20578336,,0.527,0.39953,0.12086,564764032.0,"[{'text': '하락 추세', 'cls': 'negative'}, {'text': '⚠️ 주봉 역배열(하락추세)', 'cls': 'negative'}, {'text': '⚠️ 장기 매물대(저항선) 충돌 위험', 'cls': 'negative'}, {'text': '🔄 MACD 반전', 'cls': 'positive'}, {'text': '🚀 숏스퀴즈 가능성', 'cls': 'positive'}, {'text': 'Stoch 골든크로스', 'cls': 'positive'}, {'text': '🚀 매출 고성장', 'cls': 'positive'}, {'text': '🔴 적자기업(PER<0)', 'cls': 'negative'}, {'text': '🚨 공매도 비중 주의 (25.60%)', 'cls': 'negative'}]","{'mfc': 28, 'wyckoff': 10, 'stochastic': 100, 'obv': 25, 'bollinger': 0, 'momentum_quality': 51.5, 'regime_score': 50, 'rr_score': 88.9, 'base_tech': np.float64(34.3)}","{'base_tech_score': np.float64(34.3), 'insider_bonus': 0.0, 'deviation_penalty': 0.0, 'blowoff_penalty': 0.0, 'short_excessive_penalty': 0.0, 'weekly_penalty': 10, 'resistance_penalty': 15, 'rr_penalty': 0.0, 'cmf_confluence_val': -6, 'penny_penalty': 0.0, 'penny_non_acc_penalty': 0.0, 'scalping_bonus': 10.0, 'fund_penalty': -5.0, 'macd_reversal_bonus': 5.0, 'sector_rs_bonus': 0.0, 'confluence_bonus': 0.0, 'short_squeeze_bonus': 15.0, 'ai_momentum_bonus': 0.0}",N/A,,,,,5.3,1.39,1.39,False,False
METC,"Ramaco Resources, Inc.",$10.24,10.239999771118164,Basic Materials,Coking Coal,6.78,28.1,33.0,0.104949996,False,True,False,43.3,Markdown,"{'trend': 5, 'momentum': 56.9, 'flow': 46.0, 'volatility': 23, 'structure': 15.0, 'momentum_quality': 13.5, 'insider': 50.0}",-5.0,7.140763004418342,0.56,Tactical Hold,매도 우위 (비중 축소 - 지지선 단기 이탈 및 추세 악화),True,상승,하단,역배열,-5.0,10.0,하락,-1662522.7635156997,,-0.053,0.14288999,-0.12602,-85515504.0,"[{'text': '하락 추세', 'cls': 'negative'}, {'text': '⚠️ 주봉 역배열(하락추세)', 'cls': 'negative'}, {'text': '🔄 MACD 반전', 'cls': 'positive'}, {'text': '🎯 시그널 컨플루언스 (3)', 'cls': 'positive'}, {'text': '🚀 숏스퀴즈 가능성', 'cls': 'positive'}, {'text': 'Stoch 골든크로스', 'cls': 'positive'}, {'text': 'OBV 상승', 'cls': 'positive'}, {'text': '⚠️ 매출 감소(-5%)', 'cls': 'negative'}, {'text': '🚨 공매도 비중 주의 (56.00%)', 'cls': 'negative'}]","{'mfc': 33, 'wyckoff': 10, 'stochastic': 64.26690105762609, 'obv': 75, 'bollinger': 100, 'momentum_quality': 13.5, 'regime_score': 50, 'rr_score': 100, 'base_tech': np.float64(40.1)}","{'base_tech_score': np.float64(40.1), 'insider_bonus': 0.0, 'deviation_penalty': 0.0, 'blowoff_penalty': 0.0, 'short_excessive_penalty': 0.0, 'weekly_penalty': 10, 'resistance_penalty': 0.0, 'rr_penalty': 0.0, 'cmf_confluence_val': -6, 'penny_penalty': 0.0, 'penny_non_acc_penalty': 0.0, 'scalping_bonus': 10.0, 'fund_penalty': 21.0, 'macd_reversal_bonus': 5.0, 'sector_rs_bonus': 0.0, 'confluence_bonus': 8.0, 'short_squeeze_bonus': 15.0, 'ai_momentum_bonus': 0.0}",N/A,,,,,6.78,1.43,1.43,False,False
MSTR,Strategy Inc,$100.01,100.01000213623047,Technology,Software - Application,3.26,27.8,66.0,0.00225,False,False,False,50.4,Markup,"{'trend': 55.0, 'momentum': 72.5, 'flow': 100, 'volatility': 63, 'structure': 80.0, 'momentum_quality': 40.0, 'insider': 50.0}",0.0,-1.4754245617440966,0.1176,Core Holding,매수 우위 (안정적 상승 추세 안착),True,상승,상단,골든크로스 진행,3.7,10.0,상승,-96740159.07327119,,0.069,0.67600995,-68.081116,-22587523072.0,"[{'text': '상승 추세', 'cls': 'positive'}, {'text': '⚠️ 주봉 역배열(하락추세)', 'cls': 'negative'}, {'text': 'Stoch 골든크로스', 'cls': 'positive'}, {'text': 'OBV 상승', 'cls': 'positive'}, {'text': '🔴 영업손실(-6808%)', 'cls': 'negative'}, {'text': '🚨 공매도 비중 주의 (11.76%)', 'cls': 'negative'}]","{'mfc': 66, 'wyckoff': 80, 'stochastic': 59.957091264356315, 'obv': 75, 'bollinger': 0, 'momentum_quality': 40.0, 'regime_score': 50, 'rr_score': 100, 'base_tech': np.float64(59.7)}","{'base_tech_score': np.float64(59.7), 'insider_bonus': 0.0, 'deviation_penalty': 0.0, 'blowoff_penalty': 0.0, 'short_excessive_penalty': 0.0, 'weekly_penalty': 10, 'resistance_penalty': 0.0, 'rr_penalty': 0.0, 'cmf_confluence_val': 0.0, 'penny_penalty': 0.0, 'penny_non_acc_penalty': 0.0, 'scalping_bonus': 10.0, 'fund_penalty': 20.0, 'macd_reversal_bonus': 0.0, 'sector_rs_bonus': 0.0, 'confluence_bonus': 0.0, 'short_squeeze_bonus': 0.0, 'ai_momentum_bonus': 0.0}",N/A,,,,,3.26,1.43,1.43,False,False
CBRS,Cerebras Systems Inc.,$226.73,226.72999572753906,Technology,Semiconductors,7.3,27.8,60.4,0.00147,False,False,False,55.9,Markup,"{'trend': 50.0, 'momentum': 82.9, 'flow': 77.0, 'volatility': 23, 'structure': 80.0, 'momentum_quality': 73.4, 'insider': 50.0}",-8.0,28.1117540159157,0.113199994,Tactical Overweight,매수 우위 (강력 매수 - 다중지표 강세 컨플루언스 확인),False,상승,상단,혼합,13.0,10.0,상승,-73605805.81503893,,0.944,0.40346,-0.07775,,"[{'text': '상승 추세', 'cls': 'positive'}, {'text': '🚨 강력한 하방 압력(공매도 급증 +28.1%)', 'cls': 'negative'}, {'text': '📊 VWAP 상회 주의', 'cls': 'neutral'}, {'text': 'OBV 상승', 'cls': 'positive'}, {'text': '🚀 매출 고성장', 'cls': 'positive'}, {'text': '🚨 공매도 비중 주의 (11.32%)', 'cls': 'negative'}]","{'mfc': 60, 'wyckoff': 80, 'stochastic': 45.43946377291434, 'obv': 75, 'bollinger': 0, 'momentum_quality': 73.4, 'regime_score': 50, 'rr_score': 100, 'base_tech': np.float64(61.0)}","{'base_tech_score': np.float64(61.0), 'insider_bonus': 0.0, 'deviation_penalty': 0.0, 'blowoff_penalty': 0.0, 'short_excessive_penalty': 25, 'weekly_penalty': 0.0, 'resistance_penalty': 0.0, 'rr_penalty': 0.0, 'cmf_confluence_val': 0.0, 'penny_penalty': 0.0, 'penny_non_acc_penalty': 0.0, 'scalping_bonus': 10.0, 'fund_penalty': -2.0, 'macd_reversal_bonus': 0.0, 'sector_rs_bonus': 0.0, 'confluence_bonus': 0.0, 'short_squeeze_bonus': 0.0, 'ai_momentum_bonus': 0.0}",N/A,,,,,7.3,0.57,0.57,False,False
CTOS,"Custom Truck One Source, Inc.",$10.42,10.420000076293945,Industrials,Rental & Leasing Services,-5.79,27.7,64.9,0.04699,False,False,False,48.3,Markup,"{'trend': 100, 'momentum': 62.4, 'flow': 49.0, 'volatility': 73, 'structure': 80.0, 'momentum_quality': 36.0, 'insider': 60.0}",-8.0,30.573325707254707,0.0543,Core Holding,매수 우위 (안정적 상승 추세 안착),False,상승,하단,정배열,-0.9,5.0,하락,11092535.024154725,,0.102,0.22151,0.093380004,79616000.0,"[{'text': '상승 추세', 'cls': 'positive'}, {'text': '🚨 강력한 하방 압력(공매도 급증 +30.6%)', 'cls': 'negative'}, {'text': 'OBV 상승', 'cls': 'positive'}]","{'mfc': 65, 'wyckoff': 80, 'stochastic': 32.079593496668636, 'obv': 75, 'bollinger': 100, 'momentum_quality': 36.0, 'regime_score': 50, 'rr_score': 87.5, 'base_tech': np.float64(63.4)}","{'base_tech_score': np.float64(63.4), 'insider_bonus': 0.0, 'deviation_penalty': 0.0, 'blowoff_penalty': 0.0, 'short_excessive_penalty': 25, 'weekly_penalty': 0.0, 'resistance_penalty': 0.0, 'rr_penalty': 0.0, 'cmf_confluence_val': 0.0, 'penny_penalty': 0.0, 'penny_non_acc_penalty': 0.0, 'scalping_bonus': 5.0, 'fund_penalty': -3.0, 'macd_reversal_bonus': 0.0, 'sector_rs_bonus': 0.0, 'confluence_bonus': 0.0, 'short_squeeze_bonus': 0.0, 'ai_momentum_bonus': 0.0}",N/A,,,,,-5.79,0.76,0.76,False,False
ABEV,Ambev S.A.,$3.00,3.0,Consumer Defensive,Beverages - Brewers,-0.33,27.4,38.4,0.0,False,False,False,39.9,Markdown,"{'trend': 40.0, 'momentum': 38.6, 'flow': 3.0, 'volatility': 88, 'structure': 15.0, 'momentum_quality': 9.7, 'insider': 45.0}",4.0,-9.180588041399574,0.0,Avoid / Sell-off,매도 우위 (전면 회피 - 다중지표 약세 컨플루언스 확인),False,하락,하단,혼합,-2.3,0.0,하락,-572091347.5148268,0.246,0.003,0.51903,0.23743,19859091456.0,"[{'text': '하락 추세', 'cls': 'negative'}, {'text': 'Squeeze 대기', 'cls': 'neutral'}]","{'mfc': 38, 'wyckoff': 10, 'stochastic': 33.33335320154351, 'obv': 25, 'bollinger': 100, 'momentum_quality': 9.7, 'regime_score': 50, 'rr_score': 100, 'base_tech': np.float64(31.7)}","{'base_tech_score': np.float64(31.7), 'insider_bonus': 0.0, 'deviation_penalty': 0.0, 'blowoff_penalty': 0.0, 'short_excessive_penalty': 0.0, 'weekly_penalty': 0.0, 'resistance_penalty': 0.0, 'rr_penalty': 0.0, 'cmf_confluence_val': -6, 'penny_penalty': 0.0, 'penny_non_acc_penalty': 0.0, 'scalping_bonus': 0.0, 'fund_penalty': -5.0, 'macd_reversal_bonus': 0.0, 'sector_rs_bonus': 0.0, 'confluence_bonus': 0.0, 'short_squeeze_bonus': 0.0, 'ai_momentum_bonus': 0.0}",N/A,,,,,-0.33,1.27,1.27,False,False
ZLAB,Zai Lab Limited,$23.32,23.31999969482422,Healthcare,Biotechnology,11.69,27.2,68.2,0.02158,False,False,False,74.9,Markup,"{'trend': 65.0, 'momentum': 99.3, 'flow': 100, 'volatility': 33, 'structure': 55.0, 'momentum_quality': 98.2, 'insider': 50.0}",5.0,-12.39575443255711,0.0574,Core Holding,매수 우위 (안정적 상승 추세 안착),True,상승,상단 돌파,혼합,19.0,10.0,상승,7696193.408232673,,-0.033,0.07339,-0.71948,-76880752.0,"[{'text': '상승 추세', 'cls': 'positive'}, {'text': '🚨 상단 클라이맥스', 'cls': 'negative'}, {'text': '🔄 MACD 반전', 'cls': 'positive'}, {'text': '🎯 시그널 컨플루언스 (3)', 'cls': 'positive'}, {'text': 'Stoch 골든크로스', 'cls': 'positive'}, {'text': 'OBV 상승', 'cls': 'positive'}, {'text': '🔴 영업손실(-72%)', 'cls': 'negative'}, {'text': '🔴 적자기업(PER<0)', 'cls': 'negative'}, {'text': '🔥 숏커버 (-12.4%)', 'cls': 'positive'}]","{'mfc': 68, 'wyckoff': 80, 'stochastic': 100, 'obv': 75, 'bollinger': 0, 'momentum_quality': 98.2, 'regime_score': 50, 'rr_score': 67.2, 'base_tech': np.float64(74.0)}","{'base_tech_score': np.float64(74.0), 'insider_bonus': 0.0, 'deviation_penalty': 0.0, 'blowoff_penalty': 30, 'short_excessive_penalty': 0.0, 'weekly_penalty': 0.0, 'resistance_penalty': 0.0, 'rr_penalty': 0.0, 'cmf_confluence_val': 0.0, 'penny_penalty': 0.0, 'penny_non_acc_penalty': 0.0, 'scalping_bonus': 10.0, 'fund_penalty': 30.0, 'macd_reversal_bonus': 5.0, 'sector_rs_bonus': 0.0, 'confluence_bonus': 8.0, 'short_squeeze_bonus': 0.0, 'ai_momentum_bonus': 0.0}",N/A,,,,,11.69,2.35,2.35,False,False
CLF,Cleveland-Cliffs Inc.,$12.26,12.260000228881836,Basic Materials,Steel,0.25,26.7,68.7,0.00857,False,False,False,60.4,Markup,"{'trend': 85.0, 'momentum': 83.5, 'flow': 88.0, 'volatility': 13, 'structure': 65.0, 'momentum_quality': 92.2, 'insider': 50.0}",-2.0,8.442814311045481,0.1479,Tactical Overweight,매수 우위 (강력 매수 - 다중지표 강세 컨플루언스 확인),False,상승,상단,골든크로스 진행,12.4,0.0,상승,-42229821.31205853,,0.059,-0.01052,0.0034400001,6125000.0,"[{'text': '상승 추세', 'cls': 'positive'}, {'text': '🚨 강력한 하방 압력(공매도 급증 +8.4%)', 'cls': 'negative'}, {'text': '📊 VWAP 상회 주의', 'cls': 'neutral'}, {'text': 'OBV 상승', 'cls': 'positive'}, {'text': '🚨 공매도 비중 주의 (14.79%)', 'cls': 'negative'}]","{'mfc': 69, 'wyckoff': 80, 'stochastic': 48.86577586418522, 'obv': 75, 'bollinger': 0, 'momentum_quality': 92.2, 'regime_score': 50, 'rr_score': 100, 'base_tech': np.float64(67.1)}","{'base_tech_score': np.float64(67.1), 'insider_bonus': 0.0, 'deviation_penalty': 0.0, 'blowoff_penalty': 0.0, 'short_excessive_penalty': 25, 'weekly_penalty': 0.0, 'resistance_penalty': 0.0, 'rr_penalty': 0.0, 'cmf_confluence_val': 0.0, 'penny_penalty': 0.0, 'penny_non_acc_penalty': 0.0, 'scalping_bonus': 0.0, 'fund_penalty': 0.0, 'macd_reversal_bonus': 0.0, 'sector_rs_bonus': 0.0, 'confluence_bonus': 0.0, 'short_squeeze_bonus': 0.0, 'ai_momentum_bonus': 0.0}",N/A,,,,,0.25,0.59,0.59,False,False
POWI,"Power Integrations, Inc.",$64.59,64.58999633789062,Technology,Semiconductors,9.51,26.6,39.1,0.01635,False,False,False,46.7,Markdown,"{'trend': 40.0, 'momentum': 63.5, 'flow': 37.0, 'volatility': 23, 'structure': 15.0, 'momentum_quality': 6.8, 'insider': 50.0}",-5.0,16.11641427741473,0.13939999,Tactical Hold,매도 우위 (비중 축소 - 지지선 단기 이탈 및 추세 악화),False,하락,하단,혼합,-1.8,10.0,상승,4965895.8135264665,6.183,0.027,0.53720003,0.074829996,73703504.0,"[{'text': '하락 추세', 'cls': 'negative'}, {'text': '🚨 강력한 하방 압력(공매도 급증 +16.1%)', 'cls': 'negative'}, {'text': '🔄 MACD 반전', 'cls': 'positive'}, {'text': '📈 EPS 반등/턴어라운드', 'cls': 'positive'}, {'text': '🚨 공매도 비중 주의 (13.94%)', 'cls': 'negative'}]","{'mfc': 39, 'wyckoff': 10, 'stochastic': 47.96961967651307, 'obv': 25, 'bollinger': 100, 'momentum_quality': 6.8, 'regime_score': 50, 'rr_score': 100, 'base_tech': np.float64(33.3)}","{'base_tech_score': np.float64(33.3), 'insider_bonus': 0.0, 'deviation_penalty': 0.0, 'blowoff_penalty': 0.0, 'short_excessive_penalty': 25, 'weekly_penalty': 0.0, 'resistance_penalty': 0.0, 'rr_penalty': 0.0, 'cmf_confluence_val': 0.0, 'penny_penalty': 0.0, 'penny_non_acc_penalty': 0.0, 'scalping_bonus': 10.0, 'fund_penalty': -15.0, 'macd_reversal_bonus': 5.0, 'sector_rs_bonus': 0.0, 'confluence_bonus': 0.0, 'short_squeeze_bonus': 0.0, 'ai_momentum_bonus': 0.0}",N/A,,,,,9.51,0.63,0.63,False,False
WPP,WPP plc,$27.55,27.549999237060547,Communication Services,Advertising Agencies,6.17,26.4,74.4,0.0,False,False,False,81.3,Markup,"{'trend': 100, 'momentum': 89.8, 'flow': 90.0, 'volatility': 13, 'structure': 80.0, 'momentum_quality': 98.2, 'insider': 50.0}",2.0,-2.32904035965195,0.0116,Tactical Overweight,매수 우위 (강력 매수 - 다중지표 강세 컨플루언스 확인),True,상승,상단 돌파,정배열,36.0,16.0,하락,1582867.7453380646,-0.568,-0.044,0.15943,0.040949997,744249984.0,"[{'text': '상승 추세', 'cls': 'positive'}, {'text': '⚠️ 이격도 과다', 'cls': 'negative'}, {'text': 'Stoch 골든크로스', 'cls': 'positive'}, {'text': 'OBV 상승', 'cls': 'positive'}, {'text': '🚨 EPS 급락(-57%)', 'cls': 'negative'}]","{'mfc': 74, 'wyckoff': 80, 'stochastic': 73.71828065095507, 'obv': 75, 'bollinger': 0, 'momentum_quality': 98.2, 'regime_score': 40, 'rr_score': 73.0, 'base_tech': np.float64(73.0)}","{'base_tech_score': np.float64(73.0), 'insider_bonus': 0.0, 'deviation_penalty': 20, 'blowoff_penalty': 0.0, 'short_excessive_penalty': 0.0, 'weekly_penalty': 0.0, 'resistance_penalty': 0.0, 'rr_penalty': 0.0, 'cmf_confluence_val': 0.0, 'penny_penalty': 0.0, 'penny_non_acc_penalty': 0.0, 'scalping_bonus': 16.0, 'fund_penalty': 30.0, 'macd_reversal_bonus': 0.0, 'sector_rs_bonus': 0.0, 'confluence_bonus': 0.0, 'short_squeeze_bonus': 0.0, 'ai_momentum_bonus': 0.0}",N/A,,,,,6.17,1.99,1.99,True,False
PPTA,Perpetua Resources Corp.,$24.72,24.719999313354492,Basic Materials,Other Precious Metals & Mining,8.28,26.4,69.5,0.06869,False,False,False,69.6,Markup,"{'trend': 68.0, 'momentum': 100, 'flow': 100, 'volatility': 13, 'structure': 80.0, 'momentum_quality': 98.2, 'insider': 50.0}",8.0,-23.062051871257534,0.1278,Tactical Overweight,매수 우위 (강력 매수 - 다중지표 강세 컨플루언스 확인),True,상승,상단 돌파,골든크로스 진행,29.9,10.0,상승,3205302.4319435814,,,0.0,0.0,-114962448.0,"[{'text': '상승 추세', 'cls': 'positive'}, {'text': '⚠️ 이격도 과다', 'cls': 'negative'}, {'text': '⚠️ 주봉 역배열(하락추세)', 'cls': 'negative'}, {'text': '🔥 Accumulation Confluence (CMF+ADL)', 'cls': 'positive'}, {'text': 'Stoch 골든크로스', 'cls': 'positive'}, {'text': 'OBV 상승', 'cls': 'positive'}, {'text': '🔴 적자기업(PER<0)', 'cls': 'negative'}, {'text': '🚨 공매도 비중 주의 (12.78%)', 'cls': 'negative'}, {'text': '🔥 숏커버 (-23.1%)', 'cls': 'positive'}]","{'mfc': 70, 'wyckoff': 80, 'stochastic': 56.37101984579154, 'obv': 75, 'bollinger': 0, 'momentum_quality': 98.2, 'regime_score': 50, 'rr_score': 100, 'base_tech': np.float64(69.2)}","{'base_tech_score': np.float64(69.2), 'insider_bonus': 0.0, 'deviation_penalty': 20, 'blowoff_penalty': 0.0, 'short_excessive_penalty': 0.0, 'weekly_penalty': 10, 'resistance_penalty': 0.0, 'rr_penalty': 0.0, 'cmf_confluence_val': 0.0, 'penny_penalty': 0.0, 'penny_non_acc_penalty': 0.0, 'scalping_bonus': 10.0, 'fund_penalty': 23.0, 'macd_reversal_bonus': 0.0, 'sector_rs_bonus': 0.0, 'confluence_bonus': 0.0, 'short_squeeze_bonus': 0.0, 'ai_momentum_bonus': 0.0}",N/A,,,,,8.28,1.48,1.48,False,False
WBS,Webster Financial Corporation,$79.03,79.02999877929688,Financial Services,Banks - Regional,0.32,26.4,72.1,0.0070200004,False,False,False,64.9,Markup,"{'trend': 100, 'momentum': 77.3, 'flow': 55.0, 'volatility': 73, 'structure': 80.0, 'momentum_quality': 70.9, 'insider': 50.0}",-6.0,260.95551894563425,0.0,Tactical Overweight,매수 우위 (강력 매수 - 다중지표 강세 컨플루언스 확인),False,상승,상단,정배열,2.8,6.0,하락,-36155943.68920174,-0.008,0.058,0.0,0.50575,,"[{'text': '상승 추세', 'cls': 'positive'}, {'text': '🚨 강력한 하방 압력(공매도 급증 +261.0%)', 'cls': 'negative'}, {'text': 'OBV 상승', 'cls': 'positive'}, {'text': 'Squeeze 대기', 'cls': 'neutral'}]","{'mfc': 72, 'wyckoff': 80, 'stochastic': 41.801945457481295, 'obv': 75, 'bollinger': 0, 'momentum_quality': 70.9, 'regime_score': 50, 'rr_score': 81.5, 'base_tech': np.float64(64.3)}","{'base_tech_score': np.float64(64.3), 'insider_bonus': 0.0, 'deviation_penalty': 0.0, 'blowoff_penalty': 0.0, 'short_excessive_penalty': 25, 'weekly_penalty': 0.0, 'resistance_penalty': 0.0, 'rr_penalty': 0.0, 'cmf_confluence_val': 0.0, 'penny_penalty': 0.0, 'penny_non_acc_penalty': 0.0, 'scalping_bonus': 6.0, 'fund_penalty': 0.0, 'macd_reversal_bonus': 0.0, 'sector_rs_bonus': 0.0, 'confluence_bonus': 0.0, 'short_squeeze_bonus': 0.0, 'ai_momentum_bonus': 0.0}",N/A,,,,,0.32,1.29,1.29,True,False
EGO,Eldorado Gold Corporation,$37.92,37.91999816894531,Basic Materials,Gold,5.54,25.8,72.8,0.010299999,False,False,False,68.7,Markup,"{'trend': 80.0, 'momentum': 100, 'flow': 91.0, 'volatility': 13, 'structure': 80.0, 'momentum_quality': 98.2, 'insider': 50.0}",-6.0,40.18022336490908,0.0,Tactical Overweight,매수 우위 (강력 매수 - 다중지표 강세 컨플루언스 확인),True,상승,상단 돌파,골든크로스 진행,20.1,10.0,상승,3851308.305965613,0.252,0.079,0.62312,0.43277,-453534880.0,"[{'text': '상승 추세', 'cls': 'positive'}, {'text': '🚨 강력한 하방 압력(공매도 급증 +40.2%)', 'cls': 'negative'}, {'text': '⚠️ 주봉 역배열(하락추세)', 'cls': 'negative'}, {'text': 'Stoch 골든크로스', 'cls': 'positive'}, {'text': 'OBV 상승', 'cls': 'positive'}]","{'mfc': 73, 'wyckoff': 80, 'stochastic': 61.28243296285607, 'obv': 75, 'bollinger': 0, 'momentum_quality': 98.2, 'regime_score': 50, 'rr_score': 51.1, 'base_tech': np.float64(71.0)}","{'base_tech_score': np.float64(71.0), 'insider_bonus': 0.0, 'deviation_penalty': 0.0, 'blowoff_penalty': 0.0, 'short_excessive_penalty': 25, 'weekly_penalty': 10, 'resistance_penalty': 0.0, 'rr_penalty': 0.0, 'cmf_confluence_val': 0.0, 'penny_penalty': 0.0, 'penny_non_acc_penalty': 0.0, 'scalping_bonus': 10.0, 'fund_penalty': 0.0, 'macd_reversal_bonus': 0.0, 'sector_rs_bonus': 0.0, 'confluence_bonus': 0.0, 'short_squeeze_bonus': 0.0, 'ai_momentum_bonus': 0.0}",N/A,,,,,5.54,1.1,1.1,False,False
AMRZ,Amrize Ltd,$46.64,46.63999938964844,Basic Materials,Building Materials,-8.94,25.3,41.5,0.07282,False,False,False,38.1,Markdown,"{'trend': 55.0, 'momentum': 48.0, 'flow': 0, 'volatility': 68, 'structure': 15.0, 'momentum_quality': 36.6, 'insider': 50.0}",2.0,-0.831146746578906,0.0150999995,Avoid / Sell-off,매도 우위 (전면 회피 - 다중지표 약세 컨플루언스 확인),False,하락,하단 이탈,골든크로스 진행,-6.5,13.0,하락,4018316.015623699,0.114,0.085,0.25092,0.20321,1248999936.0,"[{'text': '하락 추세', 'cls': 'negative'}, {'text': '⚠️ 주봉 역배열(하락추세)', 'cls': 'negative'}, {'text': '📊 VWAP 하회 매수↗', 'cls': 'positive'}, {'text': '거래량 폭발', 'cls': 'neutral'}]","{'mfc': 42, 'wyckoff': 10, 'stochastic': 0, 'obv': 25, 'bollinger': 100, 'momentum_quality': 36.6, 'regime_score': 50, 'rr_score': 100, 'base_tech': np.float64(32.8)}","{'base_tech_score': np.float64(32.8), 'insider_bonus': 0.0, 'deviation_penalty': 0.0, 'blowoff_penalty': 0.0, 'short_excessive_penalty': 0.0, 'weekly_penalty': 10, 'resistance_penalty': 0.0, 'rr_penalty': 0.0, 'cmf_confluence_val': -6, 'penny_penalty': 0.0, 'penny_non_acc_penalty': 0.0, 'scalping_bonus': 13.0, 'fund_penalty': 0.0, 'macd_reversal_bonus': 0.0, 'sector_rs_bonus': 0.0, 'confluence_bonus': 0.0, 'short_squeeze_bonus': 0.0, 'ai_momentum_bonus': 0.0}",N/A,,,,,-8.94,2.9,2.9,False,False
FG,"F&G Annuities & Life, Inc.",$27.67,27.670000076293945,Financial Services,Insurance - Life,-5.17,24.7,41.2,0.027309999,False,False,False,40.6,Distribution,"{'trend': 38.0, 'momentum': 39.9, 'flow': 21.0, 'volatility': 68, 'structure': 20.0, 'momentum_quality': 21.1, 'insider': 50.0}",0.0,-3.4221028751714266,0.1355,Underweight,매도 우위 (투매 경고 - 강한 하방 압력),False,하락,하단 이탈,데드크로스 진행,-7.6,5.0,상승,-14552197.494968807,,0.042,0.32766998,-0.0373,2273625088.0,"[{'text': '분산 경고', 'cls': 'negative'}, {'text': '🚨 공매도 비중 주의 (13.55%)', 'cls': 'negative'}]","{'mfc': 41, 'wyckoff': 30, 'stochastic': 47.0479594985187, 'obv': 25, 'bollinger': 100, 'momentum_quality': 21.1, 'regime_score': 50, 'rr_score': 100, 'base_tech': np.float64(39.6)}","{'base_tech_score': np.float64(39.6), 'insider_bonus': 0.0, 'deviation_penalty': 0.0, 'blowoff_penalty': 0.0, 'short_excessive_penalty': 0.0, 'weekly_penalty': 0.0, 'resistance_penalty': 0.0, 'rr_penalty': 0.0, 'cmf_confluence_val': 0.0, 'penny_penalty': 0.0, 'penny_non_acc_penalty': 0.0, 'scalping_bonus': 5.0, 'fund_penalty': 12.0, 'macd_reversal_bonus': 0.0, 'sector_rs_bonus': 0.0, 'confluence_bonus': 0.0, 'short_squeeze_bonus': 0.0, 'ai_momentum_bonus': 0.0}",N/A,,,,,-5.17,0.43,0.43,False,False
CX,"Cemex, S.A.B. de C.V. Sponsored",$11.33,11.329999923706055,Basic Materials,Building Materials,0.27,24.4,35.5,0.002,False,False,False,33.8,Markdown,"{'trend': 40.0, 'momentum': 39.6, 'flow': 3.0, 'volatility': 48, 'structure': 15.0, 'momentum_quality': 2.8, 'insider': 50.0}",2.0,-3.2808346593307696,0.0,Avoid / Sell-off,매도 우위 (전면 회피 - 다중지표 약세 컨플루언스 확인),True,하락,하단,혼합,-7.1,0.0,하락,-62719323.220398046,0.09,0.122,0.32968,0.13738,1122481408.0,"[{'text': '하락 추세', 'cls': 'negative'}, {'text': '📊 VWAP 하회 매수↗', 'cls': 'positive'}, {'text': 'Stoch 골든크로스', 'cls': 'positive'}]","{'mfc': 36, 'wyckoff': 10, 'stochastic': 50.73632885247128, 'obv': 25, 'bollinger': 100, 'momentum_quality': 2.8, 'regime_score': 50, 'rr_score': 100, 'base_tech': np.float64(31.7)}","{'base_tech_score': np.float64(31.7), 'insider_bonus': 0.0, 'deviation_penalty': 0.0, 'blowoff_penalty': 0.0, 'short_excessive_penalty': 0.0, 'weekly_penalty': 0.0, 'resistance_penalty': 0.0, 'rr_penalty': 0.0, 'cmf_confluence_val': -6, 'penny_penalty': 0.0, 'penny_non_acc_penalty': 0.0, 'scalping_bonus': 0.0, 'fund_penalty': -3.0, 'macd_reversal_bonus': 0.0, 'sector_rs_bonus': 0.0, 'confluence_bonus': 0.0, 'short_squeeze_bonus': 0.0, 'ai_momentum_bonus': 0.0}",N/A,,,,,0.27,1.67,1.67,False,False
SSRM,SSR Mining Inc.,$31.78,31.780000686645508,Basic Materials,Gold,10.46,24.3,73.7,0.00678,False,False,False,64.1,Markup,"{'trend': 80.0, 'momentum': 100, 'flow': 79.0, 'volatility': 33, 'structure': 80.0, 'momentum_quality': 84.0, 'insider': 50.0}",-8.0,60.928319840737814,0.0423,Tactical Overweight,매수 우위 (강력 매수 - 다중지표 강세 컨플루언스 확인),True,상승,상단 돌파,골든크로스 진행,17.5,10.0,상승,13555737.932390388,0.08,0.095,0.54965997,0.43659002,450823744.0,"[{'text': '상승 추세', 'cls': 'positive'}, {'text': '🚨 강력한 하방 압력(공매도 급증 +60.9%)', 'cls': 'negative'}, {'text': '⚠️ 주봉 역배열(하락추세)', 'cls': 'negative'}, {'text': 'Stoch 골든크로스', 'cls': 'positive'}, {'text': 'OBV 상승', 'cls': 'positive'}]","{'mfc': 74, 'wyckoff': 80, 'stochastic': 81.89422003330407, 'obv': 75, 'bollinger': 0, 'momentum_quality': 84.0, 'regime_score': 50, 'rr_score': 84.1, 'base_tech': np.float64(71.6)}","{'base_tech_score': np.float64(71.6), 'insider_bonus': 0.0, 'deviation_penalty': 0.0, 'blowoff_penalty': 0.0, 'short_excessive_penalty': 25, 'weekly_penalty': 10, 'resistance_penalty': 0.0, 'rr_penalty': 0.0, 'cmf_confluence_val': 0.0, 'penny_penalty': 0.0, 'penny_non_acc_penalty': 0.0, 'scalping_bonus': 10.0, 'fund_penalty': 0.0, 'macd_reversal_bonus': 0.0, 'sector_rs_bonus': 0.0, 'confluence_bonus': 0.0, 'short_squeeze_bonus': 0.0, 'ai_momentum_bonus': 0.0}",N/A,,,,,10.46,1.34,1.34,False,False
OKLO,Oklo Inc.,$48.42,48.41999816894531,Utilities,Utilities - Independent Power Producers,14.77,24.0,66.9,0.16482,False,False,False,55.4,Markup,"{'trend': 55.0, 'momentum': 98.6, 'flow': 98.0, 'volatility': 23, 'structure': 80.0, 'momentum_quality': 94.9, 'insider': 50.0}",-1.5,2.6487550762227023,0.1839,Tactical Overweight,매수 우위 (강력 매수 - 다중지표 강세 컨플루언스 확인),True,상승,상단 돌파,골든크로스 진행,13.8,10.0,상승,-110893028.98688456,,,0.40412998,-60.4876,-239324880.0,"[{'text': '상승 추세', 'cls': 'positive'}, {'text': '⚠️ 주봉 역배열(하락추세)', 'cls': 'negative'}, {'text': 'Stoch 골든크로스', 'cls': 'positive'}, {'text': 'OBV 상승', 'cls': 'positive'}, {'text': '🔴 영업손실(-6049%)', 'cls': 'negative'}, {'text': '🔴 적자기업(PER<0)', 'cls': 'negative'}, {'text': '🚨 공매도 비중 주의 (18.39%)', 'cls': 'negative'}]","{'mfc': 67, 'wyckoff': 80, 'stochastic': 69.21183195925238, 'obv': 75, 'bollinger': 0, 'momentum_quality': 94.9, 'regime_score': 50, 'rr_score': 100, 'base_tech': np.float64(69.4)}","{'base_tech_score': np.float64(69.4), 'insider_bonus': 0.0, 'deviation_penalty': 0.0, 'blowoff_penalty': 0.0, 'short_excessive_penalty': 0.0, 'weekly_penalty': 10, 'resistance_penalty': 0.0, 'rr_penalty': 0.0, 'cmf_confluence_val': 0.0, 'penny_penalty': 0.0, 'penny_non_acc_penalty': 0.0, 'scalping_bonus': 10.0, 'fund_penalty': 30.0, 'macd_reversal_bonus': 0.0, 'sector_rs_bonus': 0.0, 'confluence_bonus': 0.0, 'short_squeeze_bonus': 0.0, 'ai_momentum_bonus': 0.0}",N/A,,,,,14.77,1.63,1.63,False,False
NUVB,Nuvation Bio Inc.,$6.60,6.599999904632568,Healthcare,Biotechnology,8.02,23.6,58.5,0.18444,False,True,False,58.5,Markup,"{'trend': 100, 'momentum': 58.7, 'flow': 24.0, 'volatility': 43, 'structure': 80.0, 'momentum_quality': 61.4, 'insider': 50.0}",-8.0,13.794243101874768,0.2647,Tactical Overweight,매수 우위 (강력 매수 - 다중지표 강세 컨플루언스 확인),False,하락,상단,정배열,4.9,10.0,하락,11041049.580578808,,5.556,0.88175005,-1.61063,-112112496.0,"[{'text': '상승 추세', 'cls': 'positive'}, {'text': '🚨 강력한 하방 압력(공매도 급증 +13.8%)', 'cls': 'negative'}, {'text': '🚀 숏스퀴즈 가능성', 'cls': 'positive'}, {'text': '🚀 매출 고성장', 'cls': 'positive'}, {'text': '🔴 영업손실(-161%)', 'cls': 'negative'}, {'text': '🚨 공매도 비중 주의 (26.47%)', 'cls': 'negative'}]","{'mfc': 58, 'wyckoff': 80, 'stochastic': 41.306741969330574, 'obv': 25, 'bollinger': 0, 'momentum_quality': 61.4, 'regime_score': 50, 'rr_score': 60.8, 'base_tech': np.float64(52.0)}","{'base_tech_score': np.float64(52.0), 'insider_bonus': 0.0, 'deviation_penalty': 0.0, 'blowoff_penalty': 0.0, 'short_excessive_penalty': 25, 'weekly_penalty': 0.0, 'resistance_penalty': 0.0, 'rr_penalty': 0.0, 'cmf_confluence_val': 0.0, 'penny_penalty': 0.0, 'penny_non_acc_penalty': 0.0, 'scalping_bonus': 10.0, 'fund_penalty': 10.0, 'macd_reversal_bonus': 0.0, 'sector_rs_bonus': 0.0, 'confluence_bonus': 0.0, 'short_squeeze_bonus': 15.0, 'ai_momentum_bonus': 0.0}",N/A,,,,,8.02,0.78,0.78,False,False
CRCL,"Circle Internet Group, Inc.",$66.67,66.66999816894531,Financial Services,Capital Markets,5.36,23.5,54.7,0.02289,False,False,False,50.1,Accumulation,"{'trend': 5, 'momentum': 77.6, 'flow': 99.0, 'volatility': 43, 'structure': 65.0, 'momentum_quality': 58.5, 'insider': 50.0}",-8.0,21.56090762304401,0.120299995,Tactical Hold,"중립 대기 (방향성 탐색 중, 뚜렷한 주도력 부재)",True,상승,상단,역배열,4.6,10.0,상승,34029707.193604104,,0.066,0.21997999,0.04899,206229376.0,"[{'text': '매집 구간', 'cls': 'positive'}, {'text': '🚨 강력한 하방 압력(공매도 급증 +21.6%)', 'cls': 'negative'}, {'text': '⚠️ 주봉 역배열(하락추세)', 'cls': 'negative'}, {'text': '🔥 Accumulation Confluence (CMF+ADL)', 'cls': 'positive'}, {'text': 'Stoch 골든크로스', 'cls': 'positive'}, {'text': 'OBV 상승', 'cls': 'positive'}, {'text': '🚨 공매도 비중 주의 (12.03%)', 'cls': 'negative'}]","{'mfc': 55, 'wyckoff': 100, 'stochastic': 68.29381480309107, 'obv': 75, 'bollinger': 0, 'momentum_quality': 58.5, 'regime_score': 50, 'rr_score': 100, 'base_tech': np.float64(63.1)}","{'base_tech_score': np.float64(63.1), 'insider_bonus': 0.0, 'deviation_penalty': 0.0, 'blowoff_penalty': 0.0, 'short_excessive_penalty': 25, 'weekly_penalty': 10, 'resistance_penalty': 0.0, 'rr_penalty': 0.0, 'cmf_confluence_val': 0.0, 'penny_penalty': 0.0, 'penny_non_acc_penalty': 0.0, 'scalping_bonus': 10.0, 'fund_penalty': 0.0, 'macd_reversal_bonus': 0.0, 'sector_rs_bonus': 0.0, 'confluence_bonus': 0.0, 'short_squeeze_bonus': 0.0, 'ai_momentum_bonus': 0.0}",N/A,,,,,5.36,0.83,0.83,False,False
HSAI,Hesai Group,$19.22,19.219999313354492,Consumer Cyclical,Auto Parts,8.28,23.3,70.9,0.04443,False,False,False,66.6,Markup,"{'trend': 68.0, 'momentum': 93.0, 'flow': 95.0, 'volatility': 13, 'structure': 80.0, 'momentum_quality': 92.2, 'insider': 50.0}",-8.0,50.82285682197708,0.0721,Tactical Overweight,매수 우위 (강력 매수 - 다중지표 강세 컨플루언스 확인),False,상승,상단 돌파,골든크로스 진행,18.7,10.0,상승,-15912356.642535448,,0.296,0.41217,-0.01258,,"[{'text': '상승 추세', 'cls': 'positive'}, {'text': '🚨 강력한 하방 압력(공매도 급증 +50.8%)', 'cls': 'negative'}, {'text': '⚠️ 주봉 역배열(하락추세)', 'cls': 'negative'}, {'text': 'OBV 상승', 'cls': 'positive'}, {'text': '🚀 매출 고성장', 'cls': 'positive'}]","{'mfc': 71, 'wyckoff': 80, 'stochastic': 48.7448918853536, 'obv': 75, 'bollinger': 0, 'momentum_quality': 92.2, 'regime_score': 50, 'rr_score': 100, 'base_tech': np.float64(67.9)}","{'base_tech_score': np.float64(67.9), 'insider_bonus': 0.0, 'deviation_penalty': 0.0, 'blowoff_penalty': 0.0, 'short_excessive_penalty': 25, 'weekly_penalty': 10, 'resistance_penalty': 0.0, 'rr_penalty': 0.0, 'cmf_confluence_val': 0.0, 'penny_penalty': 0.0, 'penny_non_acc_penalty': 0.0, 'scalping_bonus': 10.0, 'fund_penalty': -2.0, 'macd_reversal_bonus': 0.0, 'sector_rs_bonus': 0.0, 'confluence_bonus': 0.0, 'short_squeeze_bonus': 0.0, 'ai_momentum_bonus': 0.0}",N/A,,,,,8.28,0.9,0.9,False,False
XNDU,Xanadu Quantum Technologies Lim,$11.00,11.0,Technology,Software - Infrastructure,5.87,23.2,49.4,0.19500999,False,True,False,48.5,Accumulation,"{'trend': 40.0, 'momentum': 60.5, 'flow': 60.0, 'volatility': 43, 'structure': 65.0, 'momentum_quality': 32.6, 'insider': 50.0}",-8.0,17.21672411441023,0.25100002,Tactical Hold,매도 우위 (하방 경계 - 바닥 탐색 진행 중),False,상승,상단,혼합,2.8,10.0,상승,-27772599.965384256,,3.052,0.93704003,-8.21575,,"[{'text': '매집 구간', 'cls': 'positive'}, {'text': '🚨 강력한 하방 압력(공매도 급증 +17.2%)', 'cls': 'negative'}, {'text': '📊 VWAP 상회 주의', 'cls': 'neutral'}, {'text': '🚀 숏스퀴즈 가능성', 'cls': 'positive'}, {'text': 'OBV 상승', 'cls': 'positive'}, {'text': '🚀 매출 고성장', 'cls': 'positive'}, {'text': '🔴 영업손실(-822%)', 'cls': 'negative'}, {'text': '🔴 적자기업(PER<0)', 'cls': 'negative'}, {'text': '🚨 공매도 비중 주의 (25.10%)', 'cls': 'negative'}]","{'mfc': 49, 'wyckoff': 100, 'stochastic': 19.287104669458888, 'obv': 75, 'bollinger': 0, 'momentum_quality': 32.6, 'regime_score': 50, 'rr_score': 100, 'base_tech': np.float64(51.5)}","{'base_tech_score': np.float64(51.5), 'insider_bonus': 0.0, 'deviation_penalty': 0.0, 'blowoff_penalty': 0.0, 'short_excessive_penalty': 25, 'weekly_penalty': 0.0, 'resistance_penalty': 0.0, 'rr_penalty': 0.0, 'cmf_confluence_val': 0.0, 'penny_penalty': 0.0, 'penny_non_acc_penalty': 0.0, 'scalping_bonus': 10.0, 'fund_penalty': 10.0, 'macd_reversal_bonus': 0.0, 'sector_rs_bonus': 0.0, 'confluence_bonus': 0.0, 'short_squeeze_bonus': 15.0, 'ai_momentum_bonus': 0.0}",N/A,,,,,5.87,0.23,0.23,False,False
TSCO,Tractor Supply Company,$34.56,34.560001373291016,Consumer Cyclical,Specialty Retail,1.38,23.2,70.8,0.00343,False,False,False,68.8,Markup,"{'trend': 53.0, 'momentum': 98.5, 'flow': 99.0, 'volatility': 33, 'structure': 80.0, 'momentum_quality': 98.2, 'insider': 50.0}",-5.0,14.898100983487483,0.0654,Tactical Overweight,매수 우위 (강력 매수 - 다중지표 강세 컨플루언스 확인),True,상승,상단 돌파,혼합,10.5,0.0,상승,-53934257.909944594,-0.161,0.023,0.36499,0.120740004,103175000.0,"[{'text': '상승 추세', 'cls': 'positive'}, {'text': '🚨 강력한 하방 압력(공매도 급증 +14.9%)', 'cls': 'negative'}, {'text': '🔥 Accumulation Confluence (CMF+ADL)', 'cls': 'positive'}, {'text': 'Stoch 골든크로스', 'cls': 'positive'}, {'text': 'OBV 상승', 'cls': 'positive'}]","{'mfc': 71, 'wyckoff': 80, 'stochastic': 51.13716784135409, 'obv': 75, 'bollinger': 0, 'momentum_quality': 98.2, 'regime_score': 50, 'rr_score': 43.7, 'base_tech': np.float64(69.0)}","{'base_tech_score': np.float64(69.0), 'insider_bonus': 0.0, 'deviation_penalty': 0.0, 'blowoff_penalty': 0.0, 'short_excessive_penalty': 25, 'weekly_penalty': 0.0, 'resistance_penalty': 0.0, 'rr_penalty': 8, 'cmf_confluence_val': 0.0, 'penny_penalty': 0.0, 'penny_non_acc_penalty': 0.0, 'scalping_bonus': 0.0, 'fund_penalty': 0.0, 'macd_reversal_bonus': 0.0, 'sector_rs_bonus': 0.0, 'confluence_bonus': 0.0, 'short_squeeze_bonus': 0.0, 'ai_momentum_bonus': 0.0}",N/A,,,,,1.38,1.02,1.02,False,False
BFLY,"Butterfly Network, Inc.",$8.83,8.829999923706055,Healthcare,Medical Devices,6.39,22.6,73.3,0.103819996,False,False,False,61.6,Markup,"{'trend': 100, 'momentum': 97.7, 'flow': 89.0, 'volatility': 3, 'structure': 80.0, 'momentum_quality': 100, 'insider': 50.0}",-8.0,20.818773548348588,0.1509,Tactical Overweight,매수 우위 (강력 매수 - 다중지표 강세 컨플루언스 확인),False,상승,상단,정배열,18.3,10.0,상승,93750296.09986517,,0.395,0.68158996,-0.30897,925625.0,"[{'text': '상승 추세', 'cls': 'positive'}, {'text': '🚨 강력한 하방 압력(공매도 급증 +20.8%)', 'cls': 'negative'}, {'text': '📊 VWAP 상회 주의', 'cls': 'neutral'}, {'text': 'OBV 상승', 'cls': 'positive'}, {'text': '🚀 매출 고성장', 'cls': 'positive'}, {'text': '🔴 영업손실(-31%)', 'cls': 'negative'}, {'text': '🔴 적자기업(PER<0)', 'cls': 'negative'}, {'text': '🚨 공매도 비중 주의 (15.09%)', 'cls': 'negative'}]","{'mfc': 73, 'wyckoff': 80, 'stochastic': 45.43600112181107, 'obv': 75, 'bollinger': 0, 'momentum_quality': 100, 'regime_score': 50, 'rr_score': 81.0, 'base_tech': np.float64(69.5)}","{'base_tech_score': np.float64(69.5), 'insider_bonus': 0.0, 'deviation_penalty': 0.0, 'blowoff_penalty': 0.0, 'short_excessive_penalty': 25, 'weekly_penalty': 0.0, 'resistance_penalty': 0.0, 'rr_penalty': 0.0, 'cmf_confluence_val': 0.0, 'penny_penalty': 0.0, 'penny_non_acc_penalty': 0.0, 'scalping_bonus': 10.0, 'fund_penalty': 10.0, 'macd_reversal_bonus': 0.0, 'sector_rs_bonus': 0.0, 'confluence_bonus': 0.0, 'short_squeeze_bonus': 0.0, 'ai_momentum_bonus': 0.0}",N/A,,,,,6.39,0.54,0.54,False,False
SITE,"SiteOne Landscape Supply, Inc.",$103.86,103.86000061035156,Industrials,Industrial Distribution,5.42,22.4,53.8,0.01833,False,False,False,51.4,Accumulation,"{'trend': 5, 'momentum': 78.1, 'flow': 79.0, 'volatility': 53, 'structure': 65.0, 'momentum_quality': 76.7, 'insider': 50.0}",-5.0,11.91635379669443,0.0798,Tactical Hold,매도 우위 (하방 경계 - 바닥 탐색 진행 중),True,상승,상단,역배열,2.5,10.0,상승,-15162906.760554884,0.08,0.047,0.3513,0.12909001,188787504.0,"[{'text': '매집 구간', 'cls': 'positive'}, {'text': '🚨 강력한 하방 압력(공매도 급증 +11.9%)', 'cls': 'negative'}, {'text': '⚠️ 주봉 역배열(하락추세)', 'cls': 'negative'}, {'text': 'Stoch 골든크로스', 'cls': 'positive'}, {'text': 'OBV 상승', 'cls': 'positive'}]","{'mfc': 54, 'wyckoff': 100, 'stochastic': 68.17703203338725, 'obv': 75, 'bollinger': 0, 'momentum_quality': 76.7, 'regime_score': 50, 'rr_score': 100, 'base_tech': np.float64(65.5)}","{'base_tech_score': np.float64(65.5), 'insider_bonus': 0.0, 'deviation_penalty': 0.0, 'blowoff_penalty': 0.0, 'short_excessive_penalty': 25, 'weekly_penalty': 10, 'resistance_penalty': 0.0, 'rr_penalty': 0.0, 'cmf_confluence_val': 0.0, 'penny_penalty': 0.0, 'penny_non_acc_penalty': 0.0, 'scalping_bonus': 10.0, 'fund_penalty': 0.0, 'macd_reversal_bonus': 0.0, 'sector_rs_bonus': 0.0, 'confluence_bonus': 0.0, 'short_squeeze_bonus': 0.0, 'ai_momentum_bonus': 0.0}",N/A,,,,,5.42,1.52,1.52,False,False
MTCH,"Match Group, Inc.",$37.26,37.2599983215332,Communication Services,Internet Content & Information,1.78,22.3,59.4,0.00756,False,False,False,44.8,Accumulation,"{'trend': 50.0, 'momentum': 39.0, 'flow': 91.0, 'volatility': 73, 'structure': 65.0, 'momentum_quality': 22.3, 'insider': 50.0}",-5.0,17.31645766641643,0.0716,Tactical Hold,"중립 대기 (방향성 탐색 중, 뚜렷한 주도력 부재)",False,상승,하단,데드크로스 진행,-4.2,0.0,상승,-22988861.95090231,0.359,-0.012,0.74872,0.28771,930664000.0,"[{'text': '매집 구간', 'cls': 'positive'}, {'text': '🚨 강력한 하방 압력(공매도 급증 +17.3%)', 'cls': 'negative'}, {'text': 'OBV 상승', 'cls': 'positive'}]","{'mfc': 59, 'wyckoff': 100, 'stochastic': 0, 'obv': 75, 'bollinger': 100, 'momentum_quality': 22.3, 'regime_score': 50, 'rr_score': 89.3, 'base_tech': np.float64(59.1)}","{'base_tech_score': np.float64(59.1), 'insider_bonus': 0.0, 'deviation_penalty': 0.0, 'blowoff_penalty': 0.0, 'short_excessive_penalty': 25, 'weekly_penalty': 0.0, 'resistance_penalty': 0.0, 'rr_penalty': 0.0, 'cmf_confluence_val': 0.0, 'penny_penalty': 0.0, 'penny_non_acc_penalty': 0.0, 'scalping_bonus': 0.0, 'fund_penalty': -5.0, 'macd_reversal_bonus': 0.0, 'sector_rs_bonus': 0.0, 'confluence_bonus': 0.0, 'short_squeeze_bonus': 0.0, 'ai_momentum_bonus': 0.0}",N/A,,,,,1.78,0.99,0.99,False,False
SRFM,Surf Air Mobility Inc.,$0.86,0.8629999756813049,Industrials,Airlines,6.81,22.0,55.8,0.19357,False,False,False,51.6,Accumulation,"{'trend': 55.0, 'momentum': 67.9, 'flow': 67.0, 'volatility': 23, 'structure': 75.0, 'momentum_quality': 76.3, 'insider': 50.0}",0.0,-2.573967749697274,0.1263,Aggressive Buy,매수 우위 (분할 매수 - 바닥 확인 후 모멘텀 턴어라운드),True,상승,상단,골든크로스 진행,9.3,10.0,상승,-186719032.80172476,,0.09,0.04646,-0.52141,-44363500.0,"[{'text': '매집 구간', 'cls': 'positive'}, {'text': '⚠️ 주봉 역배열(하락추세)', 'cls': 'negative'}, {'text': '📊 VWAP 상회 주의', 'cls': 'neutral'}, {'text': 'Stoch 골든크로스', 'cls': 'positive'}, {'text': 'OBV 상승', 'cls': 'positive'}, {'text': '🔴 영업손실(-52%)', 'cls': 'negative'}, {'text': '🔴 적자기업(PER<0)', 'cls': 'negative'}, {'text': '🚨 공매도 비중 주의 (12.63%)', 'cls': 'negative'}]","{'mfc': 56, 'wyckoff': 100, 'stochastic': 58.19973517338511, 'obv': 75, 'bollinger': 0, 'momentum_quality': 76.3, 'regime_score': 50, 'rr_score': 100, 'base_tech': np.float64(65.0)}","{'base_tech_score': np.float64(65.0), 'insider_bonus': 0.0, 'deviation_penalty': 0.0, 'blowoff_penalty': 0.0, 'short_excessive_penalty': 0.0, 'weekly_penalty': 10, 'resistance_penalty': 0.0, 'rr_penalty': 0.0, 'cmf_confluence_val': 0.0, 'penny_penalty': 0.0, 'penny_non_acc_penalty': 0.0, 'scalping_bonus': 10.0, 'fund_penalty': 30.0, 'macd_reversal_bonus': 0.0, 'sector_rs_bonus': 0.0, 'confluence_bonus': 0.0, 'short_squeeze_bonus': 0.0, 'ai_momentum_bonus': 0.0}",N/A,,,,,6.77,0.35,0.35,False,False
MTZ,"MasTec, Inc.",$272.46,272.4599914550781,Industrials,Engineering & Construction,5.35,21.8,39.0,0.21154,False,False,False,37.3,Distribution,"{'trend': 48.0, 'momentum': 32.6, 'flow': 27.0, 'volatility': 18, 'structure': 45.0, 'momentum_quality': 0, 'insider': 50.0}",-5.0,15.05805399941282,0.0681,Underweight,매도 우위 (투매 경고 - 강한 하방 압력),False,하락,하단,혼합,-14.2,10.0,상승,4340582.892881446,0.517,0.234,0.12913999,0.05424,-57898876.0,"[{'text': '분산 경고', 'cls': 'negative'}, {'text': '🚨 강력한 하방 압력(공매도 급증 +15.1%)', 'cls': 'negative'}, {'text': 'RSI 상승 다이버전스', 'cls': 'positive'}, {'text': '📈 EPS 반등/턴어라운드', 'cls': 'positive'}]","{'mfc': 39, 'wyckoff': 30, 'stochastic': 49.73405640327358, 'obv': 25, 'bollinger': 100, 'momentum_quality': 0, 'regime_score': 50, 'rr_score': 100, 'base_tech': np.float64(36.0)}","{'base_tech_score': np.float64(36.0), 'insider_bonus': 0.0, 'deviation_penalty': 0.0, 'blowoff_penalty': 0.0, 'short_excessive_penalty': 25, 'weekly_penalty': 0.0, 'resistance_penalty': 0.0, 'rr_penalty': 0.0, 'cmf_confluence_val': 0.0, 'penny_penalty': 0.0, 'penny_non_acc_penalty': 0.0, 'scalping_bonus': 10.0, 'fund_penalty': -13.0, 'macd_reversal_bonus': 0.0, 'sector_rs_bonus': 0.0, 'confluence_bonus': 0.0, 'short_squeeze_bonus': 0.0, 'ai_momentum_bonus': 0.0}",N/A,,,,,5.35,1.11,1.11,False,False
RKLB,Rocket Lab Corporation,$82.83,82.83000183105469,Industrials,Aerospace & Defense,9.46,21.6,64.8,0.0083099995,False,False,False,56.2,Markup,"{'trend': 73.0, 'momentum': 100, 'flow': 67.0, 'volatility': 3, 'structure': 80.0, 'momentum_quality': 100, 'insider': 50.0}",-8.0,34.15259646731159,0.0797,Tactical Overweight,매수 우위 (강력 매수 - 다중지표 강세 컨플루언스 확인),True,상승,상단 돌파,골든크로스 진행,18.1,10.0,상승,75521057.86421785,,0.635,0.36556,-0.22356,-214999376.0,"[{'text': '상승 추세', 'cls': 'positive'}, {'text': '🚨 강력한 하방 압력(공매도 급증 +34.2%)', 'cls': 'negative'}, {'text': 'Stoch 골든크로스', 'cls': 'positive'}, {'text': 'OBV 상승', 'cls': 'positive'}, {'text': '🚀 매출 고성장', 'cls': 'positive'}, {'text': '🔴 영업손실(-22%)', 'cls': 'negative'}]","{'mfc': 65, 'wyckoff': 80, 'stochastic': 59.813221129276535, 'obv': 75, 'bollinger': 0, 'momentum_quality': 100, 'regime_score': 50, 'rr_score': 100, 'base_tech': np.float64(68.3)}","{'base_tech_score': np.float64(68.3), 'insider_bonus': 0.0, 'deviation_penalty': 0.0, 'blowoff_penalty': 0.0, 'short_excessive_penalty': 25, 'weekly_penalty': 0.0, 'resistance_penalty': 0.0, 'rr_penalty': 0.0, 'cmf_confluence_val': 0.0, 'penny_penalty': 0.0, 'penny_non_acc_penalty': 0.0, 'scalping_bonus': 10.0, 'fund_penalty': 10.0, 'macd_reversal_bonus': 0.0, 'sector_rs_bonus': 0.0, 'confluence_bonus': 0.0, 'short_squeeze_bonus': 0.0, 'ai_momentum_bonus': 0.0}",N/A,,,,,9.46,0.95,0.95,False,False
TIC,"TIC Solutions, Inc.",$10.06,10.0600004196167,Industrials,Specialty Business Services,15.9,21.6,75.3,0.11415,False,False,False,78.8,Markup,"{'trend': 93.0, 'momentum': 88.8, 'flow': 100, 'volatility': 13, 'structure': 80.0, 'momentum_quality': 100, 'insider': 50.0}",0.0,0.04627874322695205,0.10560001,Core Holding,매수 우위 (안정적 상승 추세 안착),True,상승,상단 돌파,골든크로스 진행,34.8,-10.0,상승,1555777.6233499967,,0.861,0.33927,0.018550001,-9674000.0,"[{'text': '상승 추세', 'cls': 'positive'}, {'text': '⚠️ 이격도 과다', 'cls': 'negative'}, {'text': '⚠️ 주봉 역배열(하락추세)', 'cls': 'negative'}, {'text': 'Stoch 골든크로스', 'cls': 'positive'}, {'text': 'OBV 상승', 'cls': 'positive'}, {'text': '🚀 매출 고성장', 'cls': 'positive'}, {'text': '🚨 공매도 비중 주의 (10.56%)', 'cls': 'negative'}]","{'mfc': 75, 'wyckoff': 80, 'stochastic': 50.166257235034166, 'obv': 75, 'bollinger': 0, 'momentum_quality': 100, 'regime_score': 50, 'rr_score': 63.2, 'base_tech': np.float64(70.8)}","{'base_tech_score': np.float64(70.8), 'insider_bonus': 0.0, 'deviation_penalty': 20, 'blowoff_penalty': 0.0, 'short_excessive_penalty': 0.0, 'weekly_penalty': 10, 'resistance_penalty': 0.0, 'rr_penalty': 0.0, 'cmf_confluence_val': 0.0, 'penny_penalty': 0.0, 'penny_non_acc_penalty': 0.0, 'scalping_bonus': -10.0, 'fund_penalty': -5.0, 'macd_reversal_bonus': 0.0, 'sector_rs_bonus': 0.0, 'confluence_bonus': 0.0, 'short_squeeze_bonus': 0.0, 'ai_momentum_bonus': 0.0}",N/A,,,,,15.9,1.96,1.96,False,False
ORC,"Orchid Island Capital, Inc.",$6.56,6.559999942779541,Real Estate,REIT - Mortgage,2.18,21.6,35.1,0.00214,False,False,False,50.9,Markdown,"{'trend': 5, 'momentum': 61.8, 'flow': 0, 'volatility': 83, 'structure': 15.0, 'momentum_quality': 40.1, 'insider': 50.0}",0.0,-4.420676832719038,0.067600004,Underweight,매도 우위 (투매 경고 - 강한 하방 압력),True,하락,하단,역배열,-0.0,10.0,하락,-36868408.91830302,,,0.98267996,0.92952,,"[{'text': '하락 추세', 'cls': 'negative'}, {'text': '⚠️ 장기 매물대(저항선) 충돌 위험', 'cls': 'negative'}, {'text': 'Stoch 골든크로스', 'cls': 'positive'}]","{'mfc': 35, 'wyckoff': 10, 'stochastic': 80.52435735531418, 'obv': 25, 'bollinger': 100, 'momentum_quality': 40.1, 'regime_score': 50, 'rr_score': 80.2, 'base_tech': np.float64(40.8)}","{'base_tech_score': np.float64(40.8), 'insider_bonus': 0.0, 'deviation_penalty': 0.0, 'blowoff_penalty': 0.0, 'short_excessive_penalty': 0.0, 'weekly_penalty': 0.0, 'resistance_penalty': 15, 'rr_penalty': 0.0, 'cmf_confluence_val': -6, 'penny_penalty': 0.0, 'penny_non_acc_penalty': 0.0, 'scalping_bonus': 10.0, 'fund_penalty': 0.0, 'macd_reversal_bonus': 0.0, 'sector_rs_bonus': 0.0, 'confluence_bonus': 0.0, 'short_squeeze_bonus': 0.0, 'ai_momentum_bonus': 0.0}",N/A,,,,,2.18,0.82,0.82,False,False
F,Ford Motor Company,$13.98,13.979999542236328,Consumer Cyclical,Auto Manufacturers,1.38,21.1,36.7,0.0028799998,False,False,False,45.3,Markdown,"{'trend': 40.0, 'momentum': 45.3, 'flow': 5.0, 'volatility': 68, 'structure': 15.0, 'momentum_quality': 18.4, 'insider': 50.0}",8.0,-56.907921853103616,0.0,Avoid / Sell-off,매도 우위 (전면 회피 - 다중지표 약세 컨플루언스 확인),False,하락,하단,혼합,-2.4,0.0,하락,-465069556.512723,,-0.038,0.07115,0.018819999,-7940250112.0,"[{'text': '하락 추세', 'cls': 'negative'}, {'text': '🔥 숏커버 (-56.9%)', 'cls': 'positive'}]","{'mfc': 37, 'wyckoff': 10, 'stochastic': 39.98537643492536, 'obv': 25, 'bollinger': 100, 'momentum_quality': 18.4, 'regime_score': 50, 'rr_score': 100, 'base_tech': np.float64(33.2)}","{'base_tech_score': np.float64(33.2), 'insider_bonus': 0.0, 'deviation_penalty': 0.0, 'blowoff_penalty': 0.0, 'short_excessive_penalty': 0.0, 'weekly_penalty': 0.0, 'resistance_penalty': 0.0, 'rr_penalty': 0.0, 'cmf_confluence_val': -6, 'penny_penalty': 0.0, 'penny_non_acc_penalty': 0.0, 'scalping_bonus': 0.0, 'fund_penalty': 7.5, 'macd_reversal_bonus': 0.0, 'sector_rs_bonus': 0.0, 'confluence_bonus': 0.0, 'short_squeeze_bonus': 0.0, 'ai_momentum_bonus': 0.0}",N/A,,,,,1.38,0.48,0.48,False,False
FNKO,"Funko, Inc.",$5.88,5.880000114440918,Consumer Cyclical,Leisure,11.36,20.9,45.8,0.0145000005,False,False,False,53.1,Accumulation,"{'trend': 50.0, 'momentum': 61.8, 'flow': 0, 'volatility': 43, 'structure': 65.0, 'momentum_quality': 30.9, 'insider': 50.0}",-5.0,15.716223052837137,0.1096,Tactical Hold,매도 우위 (하방 경계 - 바닥 탐색 진행 중),True,하락,상단,데드크로스 진행,1.0,18.0,하락,-9401721.911237486,,0.074,0.44906,0.10658,65095376.0,"[{'text': '매집 구간', 'cls': 'positive'}, {'text': '🚨 강력한 하방 압력(공매도 급증 +15.7%)', 'cls': 'negative'}, {'text': 'Stoch 골든크로스', 'cls': 'positive'}, {'text': '거래량 폭발', 'cls': 'neutral'}, {'text': '🚨 공매도 비중 주의 (10.96%)', 'cls': 'negative'}]","{'mfc': 46, 'wyckoff': 100, 'stochastic': 58.11142602156424, 'obv': 25, 'bollinger': 0, 'momentum_quality': 30.9, 'regime_score': 50, 'rr_score': 86.7, 'base_tech': np.float64(48.6)}","{'base_tech_score': np.float64(48.6), 'insider_bonus': 0.0, 'deviation_penalty': 0.0, 'blowoff_penalty': 0.0, 'short_excessive_penalty': 25, 'weekly_penalty': 0.0, 'resistance_penalty': 0.0, 'rr_penalty': 0.0, 'cmf_confluence_val': -6, 'penny_penalty': 0.0, 'penny_non_acc_penalty': 0.0, 'scalping_bonus': 18.0, 'fund_penalty': 0.0, 'macd_reversal_bonus': 0.0, 'sector_rs_bonus': 0.0, 'confluence_bonus': 0.0, 'short_squeeze_bonus': 0.0, 'ai_momentum_bonus': 0.0}",N/A,,,,,11.36,3.94,3.94,False,False
DAVE,Dave Inc.,$317.93,317.92999267578125,Technology,Software - Application,-12.96,20.7,30.9,0.108009994,True,False,False,35.4,Markdown,"{'trend': 38.0, 'momentum': 23.3, 'flow': 14.0, 'volatility': 18, 'structure': 15.0, 'momentum_quality': 0, 'insider': 50.0}",-1.5,-2.89055330968974,0.21020001,Avoid / Sell-off,매도 우위 (전면 회피 - 다중지표 약세 컨플루언스 확인),False,하락,하단 이탈,데드크로스 진행,-21.7,5.0,하락,7211827.476901548,-0.26,0.296,0.71748,0.32945,167170368.0,"[{'text': '하락 추세', 'cls': 'negative'}, {'text': '💎 품절주 (Low Float)', 'cls': 'positive'}, {'text': '⚠️ EPS 감소(-26%)', 'cls': 'negative'}, {'text': '🚀 매출 고성장', 'cls': 'positive'}, {'text': '🚨 공매도 비중 주의 (21.02%)', 'cls': 'negative'}]","{'mfc': 31, 'wyckoff': 10, 'stochastic': 2.8062414121614268, 'obv': 25, 'bollinger': 100, 'momentum_quality': 0, 'regime_score': 50, 'rr_score': 100, 'base_tech': np.float64(24.0)}","{'base_tech_score': np.float64(24.0), 'insider_bonus': 0.0, 'deviation_penalty': 0.0, 'blowoff_penalty': 0.0, 'short_excessive_penalty': 0.0, 'weekly_penalty': 0.0, 'resistance_penalty': 0.0, 'rr_penalty': 0.0, 'cmf_confluence_val': 0.0, 'penny_penalty': 0.0, 'penny_non_acc_penalty': 0.0, 'scalping_bonus': 5.0, 'fund_penalty': 2.0, 'macd_reversal_bonus': 0.0, 'sector_rs_bonus': 0.0, 'confluence_bonus': 0.0, 'short_squeeze_bonus': 0.0, 'ai_momentum_bonus': 0.0}",N/A,,,,,-12.96,1.18,1.18,False,False
BAND,Bandwidth Inc.,$49.96,49.959999084472656,Technology,Software - Infrastructure,11.79,20.0,49.8,0.03179,False,False,False,44.9,Accumulation,"{'trend': 61.0, 'momentum': 31.4, 'flow': 67.0, 'volatility': 23, 'structure': 65.0, 'momentum_quality': 3.5, 'insider': 50.0}",-8.0,134.56555756101898,0.121700004,Aggressive Buy,매수 우위 (분할 매수 - 바닥 확인 후 모멘텀 턴어라운드),True,상승,하단,혼합,-12.2,10.0,상승,22027072.07340378,,0.222,0.37227002,-0.02071,72426376.0,"[{'text': '매집 구간', 'cls': 'positive'}, {'text': '🚨 강력한 하방 압력(공매도 급증 +134.6%)', 'cls': 'negative'}, {'text': 'Stoch 골든크로스', 'cls': 'positive'}, {'text': 'OBV 상승', 'cls': 'positive'}, {'text': '🚨 공매도 비중 주의 (12.17%)', 'cls': 'negative'}]","{'mfc': 50, 'wyckoff': 100, 'stochastic': 59.1511921099804, 'obv': 75, 'bollinger': 100, 'momentum_quality': 3.5, 'regime_score': 50, 'rr_score': 100, 'base_tech': np.float64(60.1)}","{'base_tech_score': np.float64(60.1), 'insider_bonus': 0.0, 'deviation_penalty': 0.0, 'blowoff_penalty': 0.0, 'short_excessive_penalty': 25, 'weekly_penalty': 0.0, 'resistance_penalty': 0.0, 'rr_penalty': 0.0, 'cmf_confluence_val': 0.0, 'penny_penalty': 0.0, 'penny_non_acc_penalty': 0.0, 'scalping_bonus': 10.0, 'fund_penalty': 5.0, 'macd_reversal_bonus': 0.0, 'sector_rs_bonus': 0.0, 'confluence_bonus': 0.0, 'short_squeeze_bonus': 0.0, 'ai_momentum_bonus': 0.0}",N/A,,,,,11.79,0.98,0.98,False,False
TEAM,Atlassian Corporation,$149.07,149.07000732421875,Technology,Software - Application,35.31,19.9,72.9,0.0095,False,False,False,78.6,Markup,"{'trend': 100, 'momentum': 84.8, 'flow': 100, 'volatility': 3, 'structure': 55.0, 'momentum_quality': 100, 'insider': 50.0}",0.0,3.5010368606695526,0.1108,Tactical Overweight,매수 우위 (강력 매수 - 다중지표 강세 컨플루언스 확인),False,상승,상단 돌파,정배열,50.0,-2.0,상승,34978796.786877066,,0.276,0.85634005,0.11929,1510031104.0,"[{'text': '상승 추세', 'cls': 'positive'}, {'text': '⚠️ 이격도 과다', 'cls': 'negative'}, {'text': '🚨 상단 클라이맥스', 'cls': 'negative'}, {'text': '🔥 Accumulation Confluence (CMF+ADL)', 'cls': 'positive'}, {'text': 'OBV 상승', 'cls': 'positive'}, {'text': '🚀 매출 고성장', 'cls': 'positive'}, {'text': '🚨 공매도 비중 주의 (11.08%)', 'cls': 'negative'}]","{'mfc': 73, 'wyckoff': 80, 'stochastic': 49.559515711807656, 'obv': 75, 'bollinger': 0, 'momentum_quality': 100, 'regime_score': 50, 'rr_score': 68.9, 'base_tech': np.float64(69.9)}","{'base_tech_score': np.float64(69.9), 'insider_bonus': 0.0, 'deviation_penalty': 20, 'blowoff_penalty': 30, 'short_excessive_penalty': 0.0, 'weekly_penalty': 0.0, 'resistance_penalty': 0.0, 'rr_penalty': 0.0, 'cmf_confluence_val': 0.0, 'penny_penalty': 0.0, 'penny_non_acc_penalty': 0.0, 'scalping_bonus': -2.0, 'fund_penalty': -10.0, 'macd_reversal_bonus': 0.0, 'sector_rs_bonus': 0.0, 'confluence_bonus': 0.0, 'short_squeeze_bonus': 0.0, 'ai_momentum_bonus': 0.0}",N/A,,,,,35.31,3.93,3.93,False,False
RDW,Redwire Corporation,$13.59,13.59000015258789,Industrials,Aerospace & Defense,14.88,19.8,66.8,0.013250001,False,True,False,67.1,Markup,"{'trend': 60.0, 'momentum': 100, 'flow': 97.0, 'volatility': 3, 'structure': 80.0, 'momentum_quality': 98.2, 'insider': 50.0}",-6.5,13.568366458543831,0.2101,Tactical Overweight,매수 우위 (강력 매수 - 다중지표 강세 컨플루언스 확인),True,상승,상단 돌파,골든크로스 진행,43.6,10.0,상승,149158622.88726437,,0.896,0.22729,-0.18858999,-25958376.0,"[{'text': '상승 추세', 'cls': 'positive'}, {'text': '⚠️ 이격도 과다', 'cls': 'negative'}, {'text': '🚨 강력한 하방 압력(공매도 급증 +13.6%)', 'cls': 'negative'}, {'text': '🚀 숏스퀴즈 가능성', 'cls': 'positive'}, {'text': 'Stoch 골든크로스', 'cls': 'positive'}, {'text': 'OBV 상승', 'cls': 'positive'}, {'text': '🚀 매출 고성장', 'cls': 'positive'}, {'text': '🔴 적자기업(PER<0)', 'cls': 'negative'}, {'text': '🚨 공매도 비중 주의 (21.01%)', 'cls': 'negative'}]","{'mfc': 67, 'wyckoff': 80, 'stochastic': 52.67596666988041, 'obv': 75, 'bollinger': 0, 'momentum_quality': 98.2, 'regime_score': 50, 'rr_score': 100, 'base_tech': np.float64(67.8)}","{'base_tech_score': np.float64(67.8), 'insider_bonus': 0.0, 'deviation_penalty': 20, 'blowoff_penalty': 0.0, 'short_excessive_penalty': 25, 'weekly_penalty': 0.0, 'resistance_penalty': 0.0, 'rr_penalty': 0.0, 'cmf_confluence_val': 0.0, 'penny_penalty': 0.0, 'penny_non_acc_penalty': 0.0, 'scalping_bonus': 10.0, 'fund_penalty': 8.0, 'macd_reversal_bonus': 0.0, 'sector_rs_bonus': 0.0, 'confluence_bonus': 0.0, 'short_squeeze_bonus': 15.0, 'ai_momentum_bonus': 0.0}",N/A,,,,,14.88,0.89,0.89,False,False
ALM,Almonty Industries Inc.,$14.18,14.180000305175781,Basic Materials,Other Industrial Metals & Mining,5.66,19.5,43.5,0.22697,False,False,False,50.7,Accumulation,"{'trend': 5, 'momentum': 51.7, 'flow': 67.0, 'volatility': 23, 'structure': 65.0, 'momentum_quality': 43.1, 'insider': 50.0}",-6.0,54.011336225951986,0.0,Tactical Hold,"중립 대기 (방향성 탐색 중, 뚜렷한 주도력 부재)",True,상승,상단,역배열,5.6,10.0,상승,30321001.252111353,,2.212,0.31278,0.08831,-59577876.0,"[{'text': '매집 구간', 'cls': 'positive'}, {'text': '🚨 강력한 하방 압력(공매도 급증 +54.0%)', 'cls': 'negative'}, {'text': '⚠️ 주봉 역배열(하락추세)', 'cls': 'negative'}, {'text': 'Stoch 골든크로스', 'cls': 'positive'}, {'text': 'OBV 상승', 'cls': 'positive'}, {'text': '🚀 매출 고성장', 'cls': 'positive'}]","{'mfc': 44, 'wyckoff': 100, 'stochastic': 67.85386213572018, 'obv': 75, 'bollinger': 0, 'momentum_quality': 43.1, 'regime_score': 50, 'rr_score': 100, 'base_tech': np.float64(56.8)}","{'base_tech_score': np.float64(56.8), 'insider_bonus': 0.0, 'deviation_penalty': 0.0, 'blowoff_penalty': 0.0, 'short_excessive_penalty': 25, 'weekly_penalty': 10, 'resistance_penalty': 0.0, 'rr_penalty': 0.0, 'cmf_confluence_val': 0.0, 'penny_penalty': 0.0, 'penny_non_acc_penalty': 0.0, 'scalping_bonus': 10.0, 'fund_penalty': -5.0, 'macd_reversal_bonus': 0.0, 'sector_rs_bonus': 0.0, 'confluence_bonus': 0.0, 'short_squeeze_bonus': 0.0, 'ai_momentum_bonus': 0.0}",N/A,,,,,5.66,1.57,1.57,False,False
PTON,"Peloton Interactive, Inc.",$5.68,5.679999828338623,Consumer Cyclical,Leisure,3.18,19.4,33.9,0.011720001,False,False,False,41.2,Markdown,"{'trend': 25.0, 'momentum': 32.0, 'flow': 19.0, 'volatility': 48, 'structure': 15.0, 'momentum_quality': 13.8, 'insider': 50.0}",-2.0,8.636603460398947,0.15,Avoid / Sell-off,매도 우위 (전면 회피 - 다중지표 약세 컨플루언스 확인),False,하락,하단 이탈,데드크로스 진행,-9.2,10.0,하락,-16072416.114102561,1.852,0.001,0.52604,0.14431,353875008.0,"[{'text': '하락 추세', 'cls': 'negative'}, {'text': '🚨 강력한 하방 압력(공매도 급증 +8.6%)', 'cls': 'negative'}, {'text': '📈 EPS 반등/턴어라운드', 'cls': 'positive'}, {'text': '🚨 공매도 비중 주의 (15.00%)', 'cls': 'negative'}]","{'mfc': 34, 'wyckoff': 10, 'stochastic': 0, 'obv': 25, 'bollinger': 100, 'momentum_quality': 13.8, 'regime_score': 50, 'rr_score': 97.3, 'base_tech': np.float64(26.7)}","{'base_tech_score': np.float64(26.7), 'insider_bonus': 0.0, 'deviation_penalty': 0.0, 'blowoff_penalty': 0.0, 'short_excessive_penalty': 25, 'weekly_penalty': 0.0, 'resistance_penalty': 0.0, 'rr_penalty': 0.0, 'cmf_confluence_val': 0.0, 'penny_penalty': 0.0, 'penny_non_acc_penalty': 0.0, 'scalping_bonus': 10.0, 'fund_penalty': -15.0, 'macd_reversal_bonus': 0.0, 'sector_rs_bonus': 0.0, 'confluence_bonus': 0.0, 'short_squeeze_bonus': 0.0, 'ai_momentum_bonus': 0.0}",N/A,,,,,3.18,1.1,1.1,False,False
UNIT,Uniti Group Inc.,$9.54,9.539999961853027,Real Estate,REIT - Specialty,-0.73,19.4,37.5,0.019019999,False,False,False,35.1,Markdown,"{'trend': 48.0, 'momentum': 29.9, 'flow': 5.0, 'volatility': 53, 'structure': 30.0, 'momentum_quality': 0, 'insider': 50.0}",-1.5,0.4426507409175492,0.1514,Avoid / Sell-off,매도 우위 (전면 회피 - 다중지표 약세 컨플루언스 확인),False,하락,하단,혼합,-8.9,0.0,하락,-4515266.076527277,,2.025,0.5846,0.04144,-258078000.0,"[{'text': '하락 추세', 'cls': 'negative'}, {'text': 'RSI 상승 다이버전스', 'cls': 'positive'}, {'text': '🚀 매출 고성장', 'cls': 'positive'}, {'text': '🚨 공매도 비중 주의 (15.14%)', 'cls': 'negative'}]","{'mfc': 38, 'wyckoff': 10, 'stochastic': 37.72713838197884, 'obv': 25, 'bollinger': 100, 'momentum_quality': 0, 'regime_score': 50, 'rr_score': 100, 'base_tech': np.float64(30.5)}","{'base_tech_score': np.float64(30.5), 'insider_bonus': 0.0, 'deviation_penalty': 0.0, 'blowoff_penalty': 0.0, 'short_excessive_penalty': 0.0, 'weekly_penalty': 0.0, 'resistance_penalty': 0.0, 'rr_penalty': 0.0, 'cmf_confluence_val': -6, 'penny_penalty': 0.0, 'penny_non_acc_penalty': 0.0, 'scalping_bonus': 0.0, 'fund_penalty': -2.5, 'macd_reversal_bonus': 0.0, 'sector_rs_bonus': 0.0, 'confluence_bonus': 0.0, 'short_squeeze_bonus': 0.0, 'ai_momentum_bonus': 0.0}",N/A,,,,,-0.73,0.57,0.57,False,False
AAL,"American Airlines Group, Inc.",$15.94,15.9399995803833,Industrials,Airlines,-0.56,18.2,68.3,0.015140001,False,False,False,52.3,Markup,"{'trend': 100, 'momentum': 72.4, 'flow': 32.0, 'volatility': 53, 'structure': 80.0, 'momentum_quality': 85.9, 'insider': 50.0}",0.0,-1.0609480384076622,0.096599996,Core Holding,매수 우위 (안정적 상승 추세 안착),False,상승,상단,정배열,3.4,0.0,하락,-745378737.4381492,-0.881,0.163,0.21239,0.02814,519249984.0,"[{'text': '상승 추세', 'cls': 'positive'}, {'text': '📊 VWAP 상회 주의', 'cls': 'neutral'}, {'text': 'OBV 상승', 'cls': 'positive'}, {'text': '🚨 EPS 급락(-88%)', 'cls': 'negative'}]","{'mfc': 68, 'wyckoff': 80, 'stochastic': 31.5986119226352, 'obv': 75, 'bollinger': 0, 'momentum_quality': 85.9, 'regime_score': 50, 'rr_score': 100, 'base_tech': np.float64(64.0)}","{'base_tech_score': np.float64(64.0), 'insider_bonus': 0.0, 'deviation_penalty': 0.0, 'blowoff_penalty': 0.0, 'short_excessive_penalty': 0.0, 'weekly_penalty': 0.0, 'resistance_penalty': 0.0, 'rr_penalty': 0.0, 'cmf_confluence_val': -6, 'penny_penalty': 0.0, 'penny_non_acc_penalty': 0.0, 'scalping_bonus': 0.0, 'fund_penalty': 27.0, 'macd_reversal_bonus': 0.0, 'sector_rs_bonus': 0.0, 'confluence_bonus': 0.0, 'short_squeeze_bonus': 0.0, 'ai_momentum_bonus': 0.0}",N/A,,,,,-0.56,0.32,0.32,False,False
AGNC,AGNC Investment Corp.,$10.84,10.84000015258789,Real Estate,REIT - Mortgage,2.17,18.1,49.6,0.00385,False,False,False,54.9,Accumulation,"{'trend': 50.0, 'momentum': 66.2, 'flow': 0, 'volatility': 83, 'structure': 65.0, 'momentum_quality': 53.2, 'insider': 50.0}",-5.0,13.53654781538047,0.0933,Tactical Hold,매도 우위 (하방 경계 - 바닥 탐색 진행 중),True,하락,상단,데드크로스 진행,0.5,10.0,하락,-124230240.73300241,,,1.0,0.95614,,"[{'text': '매집 구간', 'cls': 'positive'}, {'text': '🚨 강력한 하방 압력(공매도 급증 +13.5%)', 'cls': 'negative'}, {'text': 'Stoch 골든크로스', 'cls': 'positive'}]","{'mfc': 50, 'wyckoff': 100, 'stochastic': 73.58039614284898, 'obv': 25, 'bollinger': 0, 'momentum_quality': 53.2, 'regime_score': 50, 'rr_score': 85.7, 'base_tech': np.float64(55.2)}","{'base_tech_score': np.float64(55.2), 'insider_bonus': 0.0, 'deviation_penalty': 0.0, 'blowoff_penalty': 0.0, 'short_excessive_penalty': 25, 'weekly_penalty': 0.0, 'resistance_penalty': 0.0, 'rr_penalty': 0.0, 'cmf_confluence_val': -6, 'penny_penalty': 0.0, 'penny_non_acc_penalty': 0.0, 'scalping_bonus': 10.0, 'fund_penalty': 0.0, 'macd_reversal_bonus': 0.0, 'sector_rs_bonus': 0.0, 'confluence_bonus': 0.0, 'short_squeeze_bonus': 0.0, 'ai_momentum_bonus': 0.0}",N/A,,,,,2.17,1.05,1.05,False,False
VZ,Verizon Communications Inc.,$47.06,47.060001373291016,Communication Services,Telecom Services,0.15,18.1,71.0,0.00037,False,False,False,59.3,Markup,"{'trend': 60.0, 'momentum': 77.6, 'flow': 97.0, 'volatility': 63, 'structure': 80.0, 'momentum_quality': 81.6, 'insider': 50.0}",2.0,-4.7089285601877116,0.020499999,Core Holding,매수 우위 (안정적 상승 추세 안착),False,상승,상단,혼합,3.7,0.0,상승,-59989612.36548616,-0.233,-0.007,0.59453,0.22999,17466624000.0,"[{'text': '상승 추세', 'cls': 'positive'}, {'text': '⚠️ 주봉 역배열(하락추세)', 'cls': 'negative'}, {'text': '⚠️ 장기 매물대(저항선) 충돌 위험', 'cls': 'negative'}, {'text': '📊 VWAP 상회 주의', 'cls': 'neutral'}, {'text': '🔥 Accumulation Confluence (CMF+ADL)', 'cls': 'positive'}, {'text': 'OBV 상승', 'cls': 'positive'}, {'text': '⚠️ EPS 감소(-23%)', 'cls': 'negative'}]","{'mfc': 71, 'wyckoff': 80, 'stochastic': 49.205708897258695, 'obv': 75, 'bollinger': 0, 'momentum_quality': 81.6, 'regime_score': 50, 'rr_score': 72.5, 'base_tech': np.float64(66.4)}","{'base_tech_score': np.float64(66.4), 'insider_bonus': 0.0, 'deviation_penalty': 0.0, 'blowoff_penalty': 0.0, 'short_excessive_penalty': 0.0, 'weekly_penalty': 10, 'resistance_penalty': 15, 'rr_penalty': 0.0, 'cmf_confluence_val': 0.0, 'penny_penalty': 0.0, 'penny_non_acc_penalty': 0.0, 'scalping_bonus': 0.0, 'fund_penalty': 18.0, 'macd_reversal_bonus': 0.0, 'sector_rs_bonus': 0.0, 'confluence_bonus': 0.0, 'short_squeeze_bonus': 0.0, 'ai_momentum_bonus': 0.0}",N/A,,,,,0.15,0.44,0.44,False,False
PPL,PPL Corporation,$35.46,35.459999084472656,Utilities,Utilities - Regulated Electric,2.43,18.0,40.4,0.00145,False,False,False,47.7,Distribution,"{'trend': 10.0, 'momentum': 58.3, 'flow': 31.0, 'volatility': 93, 'structure': 20.0, 'momentum_quality': 24.3, 'insider': 50.0}",0.0,2.005902335378483,0.0617,Underweight,매도 우위 (투매 경고 - 강한 하방 압력),True,하락,하단,데드크로스 진행,-0.6,10.0,상승,-28560079.833451655,0.257,0.042,0.44094002,0.23591,-1938375040.0,"[{'text': '분산 경고', 'cls': 'negative'}, {'text': '⚠️ 주봉 역배열(하락추세)', 'cls': 'negative'}, {'text': '⚠️ 장기 매물대(저항선) 충돌 위험', 'cls': 'negative'}, {'text': 'Stoch 골든크로스', 'cls': 'positive'}, {'text': 'Squeeze 대기', 'cls': 'neutral'}]","{'mfc': 40, 'wyckoff': 30, 'stochastic': 59.257988236770785, 'obv': 25, 'bollinger': 100, 'momentum_quality': 24.3, 'regime_score': 50, 'rr_score': 74.8, 'base_tech': np.float64(41.3)}","{'base_tech_score': np.float64(41.3), 'insider_bonus': 0.0, 'deviation_penalty': 0.0, 'blowoff_penalty': 0.0, 'short_excessive_penalty': 0.0, 'weekly_penalty': 10, 'resistance_penalty': 15, 'rr_penalty': 0.0, 'cmf_confluence_val': 0.0, 'penny_penalty': 0.0, 'penny_non_acc_penalty': 0.0, 'scalping_bonus': 10.0, 'fund_penalty': 0.0, 'macd_reversal_bonus': 0.0, 'sector_rs_bonus': 0.0, 'confluence_bonus': 0.0, 'short_squeeze_bonus': 0.0, 'ai_momentum_bonus': 0.0}",N/A,,,,,2.43,1.2,1.2,False,False
WOLF,"Wolfspeed, Inc.",$32.87,32.869998931884766,Technology,Semiconductors,19.14,18.0,63.7,0.00496,False,False,False,52.9,Markup,"{'trend': 48.0, 'momentum': 100, 'flow': 94.0, 'volatility': 3, 'structure': 80.0, 'momentum_quality': 100, 'insider': 50.0}",4.0,-6.065415703990363,0.0,Core Holding,매수 우위 (안정적 상승 추세 안착),True,상승,상단,혼합,18.7,-10.0,상승,-55062115.62994661,,-0.19,-0.17403999,-0.71971,76737504.0,"[{'text': '상승 추세', 'cls': 'positive'}, {'text': 'Stoch 골든크로스', 'cls': 'positive'}, {'text': 'OBV 상승', 'cls': 'positive'}, {'text': '⚠️ 매출 감소(-19%)', 'cls': 'negative'}, {'text': '🔴 영업손실(-72%)', 'cls': 'negative'}, {'text': '🔴 적자기업(PER<0)', 'cls': 'negative'}]","{'mfc': 64, 'wyckoff': 80, 'stochastic': 87.64893252751135, 'obv': 75, 'bollinger': 0, 'momentum_quality': 100, 'regime_score': 50, 'rr_score': 100, 'base_tech': np.float64(71.2)}","{'base_tech_score': np.float64(71.2), 'insider_bonus': 0.0, 'deviation_penalty': 0.0, 'blowoff_penalty': 0.0, 'short_excessive_penalty': 0.0, 'weekly_penalty': 0.0, 'resistance_penalty': 0.0, 'rr_penalty': 0.0, 'cmf_confluence_val': 0.0, 'penny_penalty': 0.0, 'penny_non_acc_penalty': 0.0, 'scalping_bonus': -10.0, 'fund_penalty': 33.0, 'macd_reversal_bonus': 0.0, 'sector_rs_bonus': 0.0, 'confluence_bonus': 0.0, 'short_squeeze_bonus': 0.0, 'ai_momentum_bonus': 0.0}",N/A,,,,,19.14,0.89,0.89,False,False
NVTS,Navitas Semiconductor Corporati,$13.89,13.890000343322754,Technology,Semiconductors,12.02,17.7,63.2,0.06809,False,False,False,52.2,Markup,"{'trend': 60.0, 'momentum': 96.6, 'flow': 79.0, 'volatility': 3, 'structure': 80.0, 'momentum_quality': 97.2, 'insider': 50.0}",-1.5,4.338752240770872,0.1696,Core Holding,매수 우위 (안정적 상승 추세 안착),True,상승,상단,골든크로스 진행,16.6,10.0,상승,46391949.256511375,,-0.273,0.3812,-2.54972,-3814750.0,"[{'text': '상승 추세', 'cls': 'positive'}, {'text': '📊 VWAP 상회 주의', 'cls': 'neutral'}, {'text': 'Stoch 골든크로스', 'cls': 'positive'}, {'text': 'OBV 상승', 'cls': 'positive'}, {'text': '🚨 매출 강하락(-27%)', 'cls': 'negative'}, {'text': '🔴 영업손실(-255%)', 'cls': 'negative'}, {'text': '🔴 적자기업(PER<0)', 'cls': 'negative'}, {'text': '🚨 공매도 비중 주의 (16.96%)', 'cls': 'negative'}]","{'mfc': 63, 'wyckoff': 80, 'stochastic': 63.39367188696823, 'obv': 75, 'bollinger': 0, 'momentum_quality': 97.2, 'regime_score': 50, 'rr_score': 100, 'base_tech': np.float64(67.7)}","{'base_tech_score': np.float64(67.7), 'insider_bonus': 0.0, 'deviation_penalty': 0.0, 'blowoff_penalty': 0.0, 'short_excessive_penalty': 0.0, 'weekly_penalty': 0.0, 'resistance_penalty': 0.0, 'rr_penalty': 0.0, 'cmf_confluence_val': 0.0, 'penny_penalty': 0.0, 'penny_non_acc_penalty': 0.0, 'scalping_bonus': 10.0, 'fund_penalty': 45.0, 'macd_reversal_bonus': 0.0, 'sector_rs_bonus': 0.0, 'confluence_bonus': 0.0, 'short_squeeze_bonus': 0.0, 'ai_momentum_bonus': 0.0}",N/A,,,,,12.02,0.69,0.69,False,False
GOOG,Alphabet Inc.,$353.47,353.4700012207031,Communication Services,Internet Content & Information,-0.88,17.6,47.4,0.06598,False,False,False,51.0,Markdown,"{'trend': 60.0, 'momentum': 67.6, 'flow': 0, 'volatility': 53, 'structure': 15.0, 'momentum_quality': 71.8, 'insider': 50.0}",-3.0,10.953815775641386,0.0,Tactical Hold,매도 우위 (비중 축소 - 지지선 단기 이탈 및 추세 악화),False,하락,상단,골든크로스 진행,1.6,0.0,하락,162411120.71946955,2.979,0.242,0.60897,0.34033,22665000960.0,"[{'text': '하락 추세', 'cls': 'negative'}, {'text': '🚨 강력한 하방 압력(공매도 급증 +11.0%)', 'cls': 'negative'}, {'text': '📊 VWAP 상회 주의', 'cls': 'neutral'}, {'text': '📈 EPS 반등/턴어라운드', 'cls': 'positive'}]","{'mfc': 47, 'wyckoff': 10, 'stochastic': 19.71613981084138, 'obv': 25, 'bollinger': 0, 'momentum_quality': 71.8, 'regime_score': 50, 'rr_score': 100, 'base_tech': np.float64(34.5)}","{'base_tech_score': np.float64(34.5), 'insider_bonus': 0.0, 'deviation_penalty': 0.0, 'blowoff_penalty': 0.0, 'short_excessive_penalty': 25, 'weekly_penalty': 0.0, 'resistance_penalty': 0.0, 'rr_penalty': 0.0, 'cmf_confluence_val': 0.0, 'penny_penalty': 0.0, 'penny_non_acc_penalty': 0.0, 'scalping_bonus': 0.0, 'fund_penalty': -18.0, 'macd_reversal_bonus': 0.0, 'sector_rs_bonus': 0.0, 'confluence_bonus': 0.0, 'short_squeeze_bonus': 0.0, 'ai_momentum_bonus': 0.0}",N/A,,,,,-0.88,0.64,0.64,False,False
IREN,IREN LIMITED,$41.23,41.22999954223633,Financial Services,Capital Markets,8.7,17.4,51.7,0.034730002,False,True,False,51.0,Accumulation,"{'trend': 60.0, 'momentum': 56.8, 'flow': 60.0, 'volatility': 3, 'structure': 75.0, 'momentum_quality': 39.5, 'insider': 50.0}",-8.0,45.429495232279436,0.2709,Aggressive Buy,매수 우위 (분할 매수 - 바닥 확인 후 모멘텀 턴어라운드),False,상승,상단,골든크로스 진행,8.8,10.0,상승,-56704036.71525481,,-0.0,0.68397003,-0.64468,-2311044352.0,"[{'text': '매집 구간', 'cls': 'positive'}, {'text': '🚨 강력한 하방 압력(공매도 급증 +45.4%)', 'cls': 'negative'}, {'text': '📊 VWAP 상회 주의', 'cls': 'neutral'}, {'text': '🚀 숏스퀴즈 가능성', 'cls': 'positive'}, {'text': 'OBV 상승', 'cls': 'positive'}, {'text': '🔴 영업손실(-64%)', 'cls': 'negative'}, {'text': '🚨 공매도 비중 주의 (27.09%)', 'cls': 'negative'}]","{'mfc': 52, 'wyckoff': 100, 'stochastic': 48.00917006051762, 'obv': 75, 'bollinger': 0, 'momentum_quality': 39.5, 'regime_score': 50, 'rr_score': 100, 'base_tech': np.float64(56.8)}","{'base_tech_score': np.float64(56.8), 'insider_bonus': 0.0, 'deviation_penalty': 0.0, 'blowoff_penalty': 0.0, 'short_excessive_penalty': 25, 'weekly_penalty': 0.0, 'resistance_penalty': 0.0, 'rr_penalty': 0.0, 'cmf_confluence_val': 0.0, 'penny_penalty': 0.0, 'penny_non_acc_penalty': 0.0, 'scalping_bonus': 10.0, 'fund_penalty': 20.0, 'macd_reversal_bonus': 0.0, 'sector_rs_bonus': 0.0, 'confluence_bonus': 0.0, 'short_squeeze_bonus': 15.0, 'ai_momentum_bonus': 0.0}",N/A,,,,,8.7,0.69,0.69,False,False
OSCR,"Oscar Health, Inc.",$27.90,27.899999618530273,Healthcare,Healthcare Plans,5.12,17.4,40.1,0.052399997,False,False,False,44.1,Markdown,"{'trend': 33.0, 'momentum': 39.7, 'flow': 30.0, 'volatility': 43, 'structure': 15.0, 'momentum_quality': 34.1, 'insider': 50.0}",-5.0,12.085249107460665,0.0798,Avoid / Sell-off,매도 우위 (전면 회피 - 다중지표 약세 컨플루언스 확인),False,하락,하단,데드크로스 진행,-6.5,10.0,하락,83106516.22468789,,0.704,0.20158,0.079629995,692531392.0,"[{'text': '하락 추세', 'cls': 'negative'}, {'text': '🚨 강력한 하방 압력(공매도 급증 +12.1%)', 'cls': 'negative'}, {'text': '📊 VWAP 하회 매수↗', 'cls': 'positive'}, {'text': '🚀 매출 고성장', 'cls': 'positive'}]","{'mfc': 40, 'wyckoff': 10, 'stochastic': 19.38005896065592, 'obv': 25, 'bollinger': 100, 'momentum_quality': 34.1, 'regime_score': 50, 'rr_score': 92.4, 'base_tech': np.float64(34.3)}","{'base_tech_score': np.float64(34.3), 'insider_bonus': 0.0, 'deviation_penalty': 0.0, 'blowoff_penalty': 0.0, 'short_excessive_penalty': 25, 'weekly_penalty': 0.0, 'resistance_penalty': 0.0, 'rr_penalty': 0.0, 'cmf_confluence_val': 0.0, 'penny_penalty': 0.0, 'penny_non_acc_penalty': 0.0, 'scalping_bonus': 10.0, 'fund_penalty': -10.0, 'macd_reversal_bonus': 0.0, 'sector_rs_bonus': 0.0, 'confluence_bonus': 0.0, 'short_squeeze_bonus': 0.0, 'ai_momentum_bonus': 0.0}",N/A,,,,,5.12,1.55,1.55,False,False
SA,"Seabridge Gold, Inc.",$31.13,31.1299991607666,Basic Materials,Gold,7.31,17.2,72.4,0.02414,False,False,False,65.7,Markup,"{'trend': 80.0, 'momentum': 100, 'flow': 100, 'volatility': 33, 'structure': 80.0, 'momentum_quality': 84.0, 'insider': 50.0}",0.0,3.288848831048616,0.0401,Tactical Overweight,매수 우위 (강력 매수 - 다중지표 강세 컨플루언스 확인),True,상승,상단 돌파,골든크로스 진행,17.9,10.0,상승,2659925.50326103,,,0.0,0.0,-221568128.0,"[{'text': '상승 추세', 'cls': 'positive'}, {'text': '⚠️ 주봉 역배열(하락추세)', 'cls': 'negative'}, {'text': '⚠️ 장기 매물대(저항선) 충돌 위험', 'cls': 'negative'}, {'text': 'Stoch 골든크로스', 'cls': 'positive'}, {'text': 'OBV 상승', 'cls': 'positive'}, {'text': '🔴 적자기업(PER<0)', 'cls': 'negative'}]","{'mfc': 72, 'wyckoff': 80, 'stochastic': 64.13056928850885, 'obv': 75, 'bollinger': 0, 'momentum_quality': 84.0, 'regime_score': 50, 'rr_score': 93.4, 'base_tech': np.float64(69.0)}","{'base_tech_score': np.float64(69.0), 'insider_bonus': 0.0, 'deviation_penalty': 0.0, 'blowoff_penalty': 0.0, 'short_excessive_penalty': 0.0, 'weekly_penalty': 10, 'resistance_penalty': 15, 'rr_penalty': 0.0, 'cmf_confluence_val': 0.0, 'penny_penalty': 0.0, 'penny_non_acc_penalty': 0.0, 'scalping_bonus': 10.0, 'fund_penalty': 23.0, 'macd_reversal_bonus': 0.0, 'sector_rs_bonus': 0.0, 'confluence_bonus': 0.0, 'short_squeeze_bonus': 0.0, 'ai_momentum_bonus': 0.0}",N/A,,,,,7.31,1.25,1.25,False,False
ATMU,Atmus Filtration Technologies I,$51.17,51.16999816894531,Consumer Cyclical,Auto Parts,-6.13,17.1,43.9,0.0049,False,False,False,46.4,Markdown,"{'trend': 53.0, 'momentum': 41.3, 'flow': 26.0, 'volatility': 68, 'structure': 15.0, 'momentum_quality': 15.7, 'insider': 50.0}",2.0,-6.0442880083582855,0.040599998,Tactical Hold,매도 우위 (비중 축소 - 지지선 단기 이탈 및 추세 악화),False,하락,하단,혼합,-2.6,5.0,하락,-2621401.086360854,0.067,0.164,0.2931,0.16973,129375000.0,"[{'text': '하락 추세', 'cls': 'negative'}, {'text': '⚠️ 장기 매물대(저항선) 충돌 위험', 'cls': 'negative'}, {'text': '⚠️ MACD 하향', 'cls': 'negative'}]","{'mfc': 44, 'wyckoff': 10, 'stochastic': 6.9642046433144955, 'obv': 25, 'bollinger': 100, 'momentum_quality': 15.7, 'regime_score': 50, 'rr_score': 78.1, 'base_tech': np.float64(31.4)}","{'base_tech_score': np.float64(31.4), 'insider_bonus': 0.0, 'deviation_penalty': 0.0, 'blowoff_penalty': 0.0, 'short_excessive_penalty': 0.0, 'weekly_penalty': 0.0, 'resistance_penalty': 15, 'rr_penalty': 0.0, 'cmf_confluence_val': 0.0, 'penny_penalty': 0.0, 'penny_non_acc_penalty': 0.0, 'scalping_bonus': 5.0, 'fund_penalty': -3.0, 'macd_reversal_bonus': -3.0, 'sector_rs_bonus': 0.0, 'confluence_bonus': 0.0, 'short_squeeze_bonus': 0.0, 'ai_momentum_bonus': 0.0}",N/A,,,,,-6.13,1.2,1.2,False,False
GRAB,Grab Holdings Limited,$3.66,3.6600000858306885,Technology,Software - Application,-0.27,16.7,57.5,0.19096,False,False,False,53.6,Accumulation,"{'trend': 53.0, 'momentum': 75.7, 'flow': 33.0, 'volatility': 53, 'structure': 65.0, 'momentum_quality': 90.1, 'insider': 50.0}",-8.0,30.44049570612125,0.0919,Aggressive Buy,매수 우위 (분할 매수 - 바닥 확인 후 모멘텀 턴어라운드),False,상승,상단,혼합,2.4,0.0,하락,-617284411.8435214,6.2,0.217,0.40472,0.02106,493249984.0,"[{'text': '매집 구간', 'cls': 'positive'}, {'text': '🚨 강력한 하방 압력(공매도 급증 +30.4%)', 'cls': 'negative'}, {'text': '⚠️ 장기 매물대(저항선) 충돌 위험', 'cls': 'negative'}, {'text': '📊 VWAP 상회 주의', 'cls': 'neutral'}, {'text': 'OBV 상승', 'cls': 'positive'}, {'text': '📈 EPS 반등/턴어라운드', 'cls': 'positive'}]","{'mfc': 58, 'wyckoff': 100, 'stochastic': 43.30678644423807, 'obv': 75, 'bollinger': 0, 'momentum_quality': 90.1, 'regime_score': 50, 'rr_score': 85.8, 'base_tech': np.float64(65.8)}","{'base_tech_score': np.float64(65.8), 'insider_bonus': 0.0, 'deviation_penalty': 0.0, 'blowoff_penalty': 0.0, 'short_excessive_penalty': 25, 'weekly_penalty': 0.0, 'resistance_penalty': 15, 'rr_penalty': 0.0, 'cmf_confluence_val': -6, 'penny_penalty': 0.0, 'penny_non_acc_penalty': 0.0, 'scalping_bonus': 0.0, 'fund_penalty': -18.0, 'macd_reversal_bonus': 0.0, 'sector_rs_bonus': 0.0, 'confluence_bonus': 0.0, 'short_squeeze_bonus': 0.0, 'ai_momentum_bonus': 0.0}",N/A,,,,,-0.27,0.62,0.62,False,False
HTFL,"Heartflow, Inc.",$28.82,28.81999969482422,Healthcare,Health Information Services,5.99,16.5,64.0,0.05286,False,False,False,58.0,Markup,"{'trend': 60.0, 'momentum': 95.5, 'flow': 65.0, 'volatility': 33, 'structure': 80.0, 'momentum_quality': 98.2, 'insider': 50.0}",-8.0,39.36313437184718,0.098900005,Tactical Overweight,매수 우위 (강력 매수 - 다중지표 강세 컨플루언스 확인),True,상승,상단 돌파,골든크로스 진행,11.5,10.0,상승,3146854.8472607266,,0.413,0.78059995,-0.41877,-48654124.0,"[{'text': '상승 추세', 'cls': 'positive'}, {'text': '🚨 강력한 하방 압력(공매도 급증 +39.4%)', 'cls': 'negative'}, {'text': '📊 VWAP 상회 주의', 'cls': 'neutral'}, {'text': 'Stoch 골든크로스', 'cls': 'positive'}, {'text': 'OBV 상승', 'cls': 'positive'}, {'text': '🚀 매출 고성장', 'cls': 'positive'}, {'text': '🔴 영업손실(-42%)', 'cls': 'negative'}, {'text': '🔴 적자기업(PER<0)', 'cls': 'negative'}]","{'mfc': 64, 'wyckoff': 80, 'stochastic': 63.392192262729736, 'obv': 75, 'bollinger': 0, 'momentum_quality': 98.2, 'regime_score': 50, 'rr_score': 100, 'base_tech': np.float64(68.1)}","{'base_tech_score': np.float64(68.1), 'insider_bonus': 0.0, 'deviation_penalty': 0.0, 'blowoff_penalty': 0.0, 'short_excessive_penalty': 25, 'weekly_penalty': 0.0, 'resistance_penalty': 0.0, 'rr_penalty': 0.0, 'cmf_confluence_val': 0.0, 'penny_penalty': 0.0, 'penny_non_acc_penalty': 0.0, 'scalping_bonus': 10.0, 'fund_penalty': 15.0, 'macd_reversal_bonus': 0.0, 'sector_rs_bonus': 0.0, 'confluence_bonus': 0.0, 'short_squeeze_bonus': 0.0, 'ai_momentum_bonus': 0.0}",N/A,,,,,5.99,0.51,0.51,False,False
AKAM,"Akamai Technologies, Inc.",$110.54,110.54000091552734,Technology,Software - Infrastructure,-6.76,16.3,43.4,0.02123,False,False,False,40.4,Markdown,"{'trend': 60.0, 'momentum': 52.7, 'flow': 22.0, 'volatility': 48, 'structure': 15.0, 'momentum_quality': 6.8, 'insider': 50.0}",-1.5,-1.568026477767152,0.159,Avoid / Sell-off,매도 우위 (전면 회피 - 다중지표 약세 컨플루언스 확인),False,하락,하단,골든크로스 진행,-6.7,5.0,하락,39175374.209604464,-0.234,0.054,0.57452,0.076290004,710060096.0,"[{'text': '하락 추세', 'cls': 'negative'}, {'text': '📊 VWAP 하회 매수↗', 'cls': 'positive'}, {'text': '⚠️ EPS 감소(-23%)', 'cls': 'negative'}, {'text': '🚨 공매도 비중 주의 (15.90%)', 'cls': 'negative'}]","{'mfc': 43, 'wyckoff': 10, 'stochastic': 16.326856729995143, 'obv': 25, 'bollinger': 100, 'momentum_quality': 6.8, 'regime_score': 50, 'rr_score': 100, 'base_tech': np.float64(31.0)}","{'base_tech_score': np.float64(31.0), 'insider_bonus': 0.0, 'deviation_penalty': 0.0, 'blowoff_penalty': 0.0, 'short_excessive_penalty': 0.0, 'weekly_penalty': 0.0, 'resistance_penalty': 0.0, 'rr_penalty': 0.0, 'cmf_confluence_val': 0.0, 'penny_penalty': 0.0, 'penny_non_acc_penalty': 0.0, 'scalping_bonus': 5.0, 'fund_penalty': 12.0, 'macd_reversal_bonus': 0.0, 'sector_rs_bonus': 0.0, 'confluence_bonus': 0.0, 'short_squeeze_bonus': 0.0, 'ai_momentum_bonus': 0.0}",N/A,,,,,-6.76,1.78,1.78,False,False
LUMN,"Lumen Technologies, Inc.",$6.24,6.239999771118164,Communication Services,Telecom Services,5.76,16.2,46.7,0.080249995,False,False,False,42.2,Markdown,"{'trend': 48.0, 'momentum': 54.2, 'flow': 58.0, 'volatility': 63, 'structure': 15.0, 'momentum_quality': 37.8, 'insider': 50.0}",-2.0,7.216878703322095,0.073,Tactical Hold,매도 우위 (비중 축소 - 지지선 단기 이탈 및 추세 악화),False,상승,하단,혼합,-2.2,10.0,하락,-147187125.1842237,,-0.093,0.47794,-0.02888,2116249984.0,"[{'text': '하락 추세', 'cls': 'negative'}, {'text': 'OBV 상승', 'cls': 'positive'}, {'text': '⚠️ 매출 감소(-9%)', 'cls': 'negative'}, {'text': '🔴 적자기업(PER<0)', 'cls': 'negative'}]","{'mfc': 47, 'wyckoff': 10, 'stochastic': 15.666742645469697, 'obv': 75, 'bollinger': 100, 'momentum_quality': 37.8, 'regime_score': 50, 'rr_score': 100, 'base_tech': np.float64(42.7)}","{'base_tech_score': np.float64(42.7), 'insider_bonus': 0.0, 'deviation_penalty': 0.0, 'blowoff_penalty': 0.0, 'short_excessive_penalty': 0.0, 'weekly_penalty': 0.0, 'resistance_penalty': 0.0, 'rr_penalty': 0.0, 'cmf_confluence_val': 0.0, 'penny_penalty': 0.0, 'penny_non_acc_penalty': 0.0, 'scalping_bonus': 10.0, 'fund_penalty': 26.0, 'macd_reversal_bonus': 0.0, 'sector_rs_bonus': 0.0, 'confluence_bonus': 0.0, 'short_squeeze_bonus': 0.0, 'ai_momentum_bonus': 0.0}",N/A,,,,,5.76,1.36,1.36,False,False
CENX,Century Aluminum Company,$51.23,51.22999954223633,Basic Materials,Aluminum,11.49,16.1,56.9,0.30885,False,False,False,61.7,Accumulation,"{'trend': 55.0, 'momentum': 69.3, 'flow': 30.0, 'volatility': 33, 'structure': 75.0, 'momentum_quality': 92.2, 'insider': 50.0}",-5.0,18.447927765740214,0.1423,Aggressive Buy,매수 우위 (분할 매수 - 바닥 확인 후 모멘텀 턴어라운드),False,하락,상단 돌파,골든크로스 진행,13.5,10.0,하락,3605059.5909648864,,0.197,0.18889,0.28135002,-46287500.0,"[{'text': '매집 구간', 'cls': 'positive'}, {'text': '🚨 강력한 하방 압력(공매도 급증 +18.4%)', 'cls': 'negative'}, {'text': '⚠️ 주봉 역배열(하락추세)', 'cls': 'negative'}, {'text': '🚨 공매도 비중 주의 (14.23%)', 'cls': 'negative'}]","{'mfc': 57, 'wyckoff': 100, 'stochastic': 44.914286378872745, 'obv': 25, 'bollinger': 0, 'momentum_quality': 92.2, 'regime_score': 50, 'rr_score': 100, 'base_tech': np.float64(60.1)}","{'base_tech_score': np.float64(60.1), 'insider_bonus': 0.0, 'deviation_penalty': 0.0, 'blowoff_penalty': 0.0, 'short_excessive_penalty': 25, 'weekly_penalty': 10, 'resistance_penalty': 0.0, 'rr_penalty': 0.0, 'cmf_confluence_val': 0.0, 'penny_penalty': 0.0, 'penny_non_acc_penalty': 0.0, 'scalping_bonus': 10.0, 'fund_penalty': 2.0, 'macd_reversal_bonus': 0.0, 'sector_rs_bonus': 0.0, 'confluence_bonus': 0.0, 'short_squeeze_bonus': 0.0, 'ai_momentum_bonus': 0.0}",N/A,,,,,11.49,1.74,1.74,False,False
GRAL,"GRAIL, Inc.",$69.48,69.4800033569336,Healthcare,Diagnostics & Research,9.59,15.9,67.0,0.050240003,False,False,False,50.9,Markup,"{'trend': 100, 'momentum': 48.7, 'flow': 100, 'volatility': 43, 'structure': 80.0, 'momentum_quality': 23.7, 'insider': 50.0}",-3.5,8.850323407326588,0.1832,Tactical Overweight,매수 우위 (강력 매수 - 다중지표 강세 컨플루언스 확인),False,상승,하단,정배열,-0.7,10.0,상승,1646064.4526397977,,0.257,0.49707,-3.31998,-103579128.0,"[{'text': '상승 추세', 'cls': 'positive'}, {'text': '🚨 강력한 하방 압력(공매도 급증 +8.9%)', 'cls': 'negative'}, {'text': 'OBV 상승', 'cls': 'positive'}, {'text': '거래량 폭발', 'cls': 'neutral'}, {'text': '🚀 매출 고성장', 'cls': 'positive'}, {'text': '🔴 영업손실(-332%)', 'cls': 'negative'}, {'text': '🔴 적자기업(PER<0)', 'cls': 'negative'}, {'text': '🚨 공매도 비중 주의 (18.32%)', 'cls': 'negative'}]","{'mfc': 67, 'wyckoff': 80, 'stochastic': 27.41427271834805, 'obv': 75, 'bollinger': 100, 'momentum_quality': 23.7, 'regime_score': 50, 'rr_score': 72.7, 'base_tech': np.float64(61.7)}","{'base_tech_score': np.float64(61.7), 'insider_bonus': 0.0, 'deviation_penalty': 0.0, 'blowoff_penalty': 0.0, 'short_excessive_penalty': 25, 'weekly_penalty': 0.0, 'resistance_penalty': 0.0, 'rr_penalty': 0.0, 'cmf_confluence_val': 0.0, 'penny_penalty': 0.0, 'penny_non_acc_penalty': 0.0, 'scalping_bonus': 10.0, 'fund_penalty': 15.0, 'macd_reversal_bonus': 0.0, 'sector_rs_bonus': 0.0, 'confluence_bonus': 0.0, 'short_squeeze_bonus': 0.0, 'ai_momentum_bonus': 0.0}",N/A,,,,,9.59,2.37,2.37,False,False
KDP,Keurig Dr Pepper Inc.,$30.01,30.010000228881836,Consumer Defensive,Beverages - Non-Alcoholic,-1.19,15.2,41.6,0.04977,False,False,False,42.5,Distribution,"{'trend': 53.0, 'momentum': 39.5, 'flow': 0, 'volatility': 78, 'structure': 30.0, 'momentum_quality': 27.6, 'insider': 50.0}",2.0,-5.9995874386337364,0.051599998,Underweight,매도 우위 (투매 경고 - 강한 하방 압력),False,하락,하단,혼합,-2.0,0.0,하락,-66364077.09883132,-0.74,0.756,0.50956,0.13011,4893250048.0,"[{'text': '분산 경고', 'cls': 'negative'}, {'text': 'Squeeze 대기', 'cls': 'neutral'}, {'text': '🚨 EPS 급락(-74%)', 'cls': 'negative'}, {'text': '🚀 매출 고성장', 'cls': 'positive'}]","{'mfc': 42, 'wyckoff': 30, 'stochastic': 11.238521639477213, 'obv': 25, 'bollinger': 100, 'momentum_quality': 27.6, 'regime_score': 50, 'rr_score': 100, 'base_tech': np.float64(36.4)}","{'base_tech_score': np.float64(36.4), 'insider_bonus': 0.0, 'deviation_penalty': 0.0, 'blowoff_penalty': 0.0, 'short_excessive_penalty': 0.0, 'weekly_penalty': 0.0, 'resistance_penalty': 0.0, 'rr_penalty': 0.0, 'cmf_confluence_val': -6, 'penny_penalty': 0.0, 'penny_non_acc_penalty': 0.0, 'scalping_bonus': 0.0, 'fund_penalty': 10.0, 'macd_reversal_bonus': 0.0, 'sector_rs_bonus': 0.0, 'confluence_bonus': 0.0, 'short_squeeze_bonus': 0.0, 'ai_momentum_bonus': 0.0}",N/A,,,,,-1.19,0.9,0.9,False,False
BMNR,"BitMine Immersion Technologies,",$18.82,18.81999969482422,Financial Services,Capital Markets,2.84,14.6,65.5,0.00695,False,False,False,60.4,Markup,"{'trend': 60.0, 'momentum': 78.1, 'flow': 93.0, 'volatility': 23, 'structure': 80.0, 'momentum_quality': 81.1, 'insider': 50.0}",-8.0,38.20693432683093,0.081499994,Tactical Overweight,매수 우위 (강력 매수 - 다중지표 강세 컨플루언스 확인),False,상승,상단,혼합,10.6,10.0,상승,-26018082.9292841,,21.678,0.84438,0.08424,-518096224.0,"[{'text': '상승 추세', 'cls': 'positive'}, {'text': '🚨 강력한 하방 압력(공매도 급증 +38.2%)', 'cls': 'negative'}, {'text': '⚠️ 주봉 역배열(하락추세)', 'cls': 'negative'}, {'text': '⚠️ 장기 매물대(저항선) 충돌 위험', 'cls': 'negative'}, {'text': '🔥 Accumulation Confluence (CMF+ADL)', 'cls': 'positive'}, {'text': 'OBV 상승', 'cls': 'positive'}, {'text': '🚀 매출 고성장', 'cls': 'positive'}]","{'mfc': 66, 'wyckoff': 80, 'stochastic': 49.58790946466646, 'obv': 75, 'bollinger': 0, 'momentum_quality': 81.1, 'regime_score': 50, 'rr_score': 100, 'base_tech': np.float64(64.4)}","{'base_tech_score': np.float64(64.4), 'insider_bonus': 0.0, 'deviation_penalty': 0.0, 'blowoff_penalty': 0.0, 'short_excessive_penalty': 25, 'weekly_penalty': 10, 'resistance_penalty': 15, 'rr_penalty': 0.0, 'cmf_confluence_val': 0.0, 'penny_penalty': 0.0, 'penny_non_acc_penalty': 0.0, 'scalping_bonus': 10.0, 'fund_penalty': -5.0, 'macd_reversal_bonus': 0.0, 'sector_rs_bonus': 0.0, 'confluence_bonus': 0.0, 'short_squeeze_bonus': 0.0, 'ai_momentum_bonus': 0.0}",N/A,,,,,2.84,0.75,0.75,False,False
USAR,"USA Rare Earth, Inc.",$19.33,19.329999923706055,Basic Materials,Other Industrial Metals & Mining,11.03,14.2,68.2,0.14446001,False,False,False,59.0,Markup,"{'trend': 73.0, 'momentum': 100, 'flow': 90.0, 'volatility': 3, 'structure': 80.0, 'momentum_quality': 100, 'insider': 50.0}",-6.5,11.348453344723602,0.1511,Tactical Overweight,매수 우위 (강력 매수 - 다중지표 강세 컨플루언스 확인),True,상승,상단 돌파,골든크로스 진행,21.2,10.0,상승,-10737346.521679766,,,0.040999997,-6.4364696,-100624248.0,"[{'text': '상승 추세', 'cls': 'positive'}, {'text': '🚨 강력한 하방 압력(공매도 급증 +11.3%)', 'cls': 'negative'}, {'text': 'Stoch 골든크로스', 'cls': 'positive'}, {'text': 'OBV 상승', 'cls': 'positive'}, {'text': '🔴 영업손실(-644%)', 'cls': 'negative'}, {'text': '🚨 공매도 비중 주의 (15.11%)', 'cls': 'negative'}]","{'mfc': 68, 'wyckoff': 80, 'stochastic': 60.98783441589134, 'obv': 75, 'bollinger': 0, 'momentum_quality': 100, 'regime_score': 50, 'rr_score': 100, 'base_tech': np.float64(69.6)}","{'base_tech_score': np.float64(69.6), 'insider_bonus': 0.0, 'deviation_penalty': 0.0, 'blowoff_penalty': 0.0, 'short_excessive_penalty': 25, 'weekly_penalty': 0.0, 'resistance_penalty': 0.0, 'rr_penalty': 0.0, 'cmf_confluence_val': 0.0, 'penny_penalty': 0.0, 'penny_non_acc_penalty': 0.0, 'scalping_bonus': 10.0, 'fund_penalty': 20.0, 'macd_reversal_bonus': 0.0, 'sector_rs_bonus': 0.0, 'confluence_bonus': 0.0, 'short_squeeze_bonus': 0.0, 'ai_momentum_bonus': 0.0}",N/A,,,,,11.03,1.36,1.36,False,False
NN,NextNav Inc.,$16.31,16.309999465942383,Technology,Software - Infrastructure,8.73,14.2,61.1,0.27331,False,False,False,59.9,Markup,"{'trend': 68.0, 'momentum': 100, 'flow': 61.0, 'volatility': 3, 'structure': 80.0, 'momentum_quality': 100, 'insider': 50.0}",3.5,-17.624067723758227,0.1594,Tactical Overweight,매수 우위 (강력 매수 - 다중지표 강세 컨플루언스 확인),True,상승,상단 돌파,골든크로스 진행,18.3,10.0,하락,10690853.998530988,,-0.353,-1.01762,-19.13869,-19809124.0,"[{'text': '상승 추세', 'cls': 'positive'}, {'text': '⚠️ 주봉 역배열(하락추세)', 'cls': 'negative'}, {'text': 'Stoch 골든크로스', 'cls': 'positive'}, {'text': 'OBV 상승', 'cls': 'positive'}, {'text': '🚨 매출 강하락(-35%)', 'cls': 'negative'}, {'text': '🔴 영업손실(-1914%)', 'cls': 'negative'}, {'text': '🔴 적자기업(PER<0)', 'cls': 'negative'}, {'text': '🚨 공매도 비중 주의 (15.94%)', 'cls': 'negative'}, {'text': '🔥 숏커버 (-17.6%)', 'cls': 'positive'}]","{'mfc': 61, 'wyckoff': 80, 'stochastic': 82.02363199672075, 'obv': 75, 'bollinger': 0, 'momentum_quality': 100, 'regime_score': 50, 'rr_score': 100, 'base_tech': np.float64(69.6)}","{'base_tech_score': np.float64(69.6), 'insider_bonus': 0.0, 'deviation_penalty': 0.0, 'blowoff_penalty': 0.0, 'short_excessive_penalty': 0.0, 'weekly_penalty': 10, 'resistance_penalty': 0.0, 'rr_penalty': 0.0, 'cmf_confluence_val': 0.0, 'penny_penalty': 0.0, 'penny_non_acc_penalty': 0.0, 'scalping_bonus': 10.0, 'fund_penalty': 45.0, 'macd_reversal_bonus': 0.0, 'sector_rs_bonus': 0.0, 'confluence_bonus': 0.0, 'short_squeeze_bonus': 0.0, 'ai_momentum_bonus': 0.0}",N/A,,,,,8.73,1.06,1.06,False,False
NOK,Nokia Corporation Sponsored,$9.36,9.359999656677246,Technology,Communication Equipment,-0.74,14.2,41.1,0.029719999,False,False,False,39.0,Distribution,"{'trend': 48.0, 'momentum': 55.8, 'flow': 5.0, 'volatility': 23, 'structure': 45.0, 'momentum_quality': 28.6, 'insider': 50.0}",8.0,-21.79869552651264,0.009,Underweight,매도 우위 (투매 경고 - 강한 하방 압력),False,하락,하단,혼합,-5.2,0.0,하락,18372840.65807111,-0.978,0.084,0.45504,0.07934,1182875008.0,"[{'text': '분산 경고', 'cls': 'negative'}, {'text': 'RSI 상승 다이버전스', 'cls': 'positive'}, {'text': '🚨 EPS 급락(-98%)', 'cls': 'negative'}, {'text': '🔥 숏커버 (-21.8%)', 'cls': 'positive'}]","{'mfc': 41, 'wyckoff': 30, 'stochastic': 43.54127877988848, 'obv': 25, 'bollinger': 100, 'momentum_quality': 28.6, 'regime_score': 50, 'rr_score': 100, 'base_tech': np.float64(40.3)}","{'base_tech_score': np.float64(40.3), 'insider_bonus': 0.0, 'deviation_penalty': 0.0, 'blowoff_penalty': 0.0, 'short_excessive_penalty': 0.0, 'weekly_penalty': 0.0, 'resistance_penalty': 0.0, 'rr_penalty': 0.0, 'cmf_confluence_val': -6, 'penny_penalty': 0.0, 'penny_non_acc_penalty': 0.0, 'scalping_bonus': 0.0, 'fund_penalty': 20.0, 'macd_reversal_bonus': 0.0, 'sector_rs_bonus': 0.0, 'confluence_bonus': 0.0, 'short_squeeze_bonus': 0.0, 'ai_momentum_bonus': 0.0}",N/A,,,,,-0.74,0.45,0.45,False,False
HONA,Honeywell Aerospace Inc.,$168.51,168.50999450683594,Industrials,Aerospace & Defense,7.69,13.9,41.8,3.0000001e-05,False,False,False,35.0,Markdown,"{'trend': 50.0, 'momentum': 22.5, 'flow': 54.0, 'volatility': 43, 'structure': 30.0, 'momentum_quality': 0, 'insider': 50.0}",2.0,,0.0,Avoid / Sell-off,매도 우위 (전면 회피 - 다중지표 약세 컨플루언스 확인),False,하락,하단 이탈,혼합,-17.0,10.0,상승,-6079982.099034118,-0.709,0.054,0.34535,0.14684,,"[{'text': '하락 추세', 'cls': 'negative'}, {'text': '📊 VWAP 하회 매수↗', 'cls': 'positive'}, {'text': 'RSI 상승 다이버전스', 'cls': 'positive'}, {'text': '🚨 EPS 급락(-71%)', 'cls': 'negative'}]","{'mfc': 42, 'wyckoff': 10, 'stochastic': 0.028908753568856582, 'obv': 25, 'bollinger': 100, 'momentum_quality': 0, 'regime_score': 50, 'rr_score': 100, 'base_tech': np.float64(27.4)}","{'base_tech_score': np.float64(27.4), 'insider_bonus': 0.0, 'deviation_penalty': 0.0, 'blowoff_penalty': 0.0, 'short_excessive_penalty': 0.0, 'weekly_penalty': 0.0, 'resistance_penalty': 0.0, 'rr_penalty': 0.0, 'cmf_confluence_val': 0.0, 'penny_penalty': 0.0, 'penny_non_acc_penalty': 0.0, 'scalping_bonus': 10.0, 'fund_penalty': 20.0, 'macd_reversal_bonus': 0.0, 'sector_rs_bonus': 0.0, 'confluence_bonus': 0.0, 'short_squeeze_bonus': 0.0, 'ai_momentum_bonus': 0.0}",N/A,,,,,7.69,2.34,2.34,False,False
AUGO,Aura Minerals Inc.,$74.13,74.12999725341797,Basic Materials,Gold,12.95,13.1,71.2,0.51352,False,False,False,69.4,Markup,"{'trend': 68.0, 'momentum': 100, 'flow': 100, 'volatility': 13, 'structure': 80.0, 'momentum_quality': 98.2, 'insider': 50.0}",-8.0,46.377187929547375,0.1402,Tactical Overweight,매수 우위 (강력 매수 - 다중지표 강세 컨플루언스 확인),True,상승,상단 돌파,골든크로스 진행,30.8,10.0,상승,8139694.287783923,25.72,0.764,0.59998,0.51410997,402616128.0,"[{'text': '상승 추세', 'cls': 'positive'}, {'text': '⚠️ 이격도 과다', 'cls': 'negative'}, {'text': '🚨 강력한 하방 압력(공매도 급증 +46.4%)', 'cls': 'negative'}, {'text': '⚠️ 주봉 역배열(하락추세)', 'cls': 'negative'}, {'text': '⚠️ 장기 매물대(저항선) 충돌 위험', 'cls': 'negative'}, {'text': 'Stoch 골든크로스', 'cls': 'positive'}, {'text': 'OBV 상승', 'cls': 'positive'}, {'text': '📈 EPS 반등/턴어라운드', 'cls': 'positive'}, {'text': '🚀 매출 고성장', 'cls': 'positive'}, {'text': '🚨 공매도 비중 주의 (14.02%)', 'cls': 'negative'}]","{'mfc': 71, 'wyckoff': 80, 'stochastic': 59.425026335437146, 'obv': 75, 'bollinger': 0, 'momentum_quality': 98.2, 'regime_score': 50, 'rr_score': 87.2, 'base_tech': np.float64(70.2)}","{'base_tech_score': np.float64(70.2), 'insider_bonus': 0.0, 'deviation_penalty': 20, 'blowoff_penalty': 0.0, 'short_excessive_penalty': 25, 'weekly_penalty': 10, 'resistance_penalty': 15, 'rr_penalty': 0.0, 'cmf_confluence_val': 0.0, 'penny_penalty': 0.0, 'penny_non_acc_penalty': 0.0, 'scalping_bonus': 10.0, 'fund_penalty': -25.0, 'macd_reversal_bonus': 0.0, 'sector_rs_bonus': 0.0, 'confluence_bonus': 0.0, 'short_squeeze_bonus': 0.0, 'ai_momentum_bonus': 0.0}",N/A,,,,,12.95,1.29,1.29,False,False
NVO,Novo Nordisk A/S,$47.26,47.2599983215332,Healthcare,Drug Manufacturers - General,2.81,12.8,51.4,3.0000001e-05,False,False,False,47.7,Accumulation,"{'trend': 50.0, 'momentum': 57.4, 'flow': 37.0, 'volatility': 53, 'structure': 65.0, 'momentum_quality': 28.7, 'insider': 45.0}",-6.0,27.028175983219647,0.0098,Aggressive Buy,매수 우위 (분할 매수 - 바닥 확인 후 모멘텀 턴어라운드),True,상승,하단,데드크로스 진행,-3.0,10.0,하락,19763440.348456968,-0.208,0.021,0.81987,0.42540002,37673250816.0,"[{'text': '매집 구간', 'cls': 'positive'}, {'text': '🚨 강력한 하방 압력(공매도 급증 +27.0%)', 'cls': 'negative'}, {'text': 'Stoch 골든크로스', 'cls': 'positive'}, {'text': 'OBV 상승', 'cls': 'positive'}, {'text': '⚠️ EPS 감소(-21%)', 'cls': 'negative'}]","{'mfc': 51, 'wyckoff': 100, 'stochastic': 72.93659454251743, 'obv': 75, 'bollinger': 100, 'momentum_quality': 28.7, 'regime_score': 50, 'rr_score': 90.5, 'base_tech': np.float64(66.0)}","{'base_tech_score': np.float64(66.0), 'insider_bonus': 0.0, 'deviation_penalty': 0.0, 'blowoff_penalty': 0.0, 'short_excessive_penalty': 25, 'weekly_penalty': 0.0, 'resistance_penalty': 0.0, 'rr_penalty': 0.0, 'cmf_confluence_val': 0.0, 'penny_penalty': 0.0, 'penny_non_acc_penalty': 0.0, 'scalping_bonus': 10.0, 'fund_penalty': 18.0, 'macd_reversal_bonus': 0.0, 'sector_rs_bonus': 0.0, 'confluence_bonus': 0.0, 'short_squeeze_bonus': 0.0, 'ai_momentum_bonus': 0.0}",N/A,,,,,2.81,0.83,0.83,False,False
QUBT,Quantum Computing Inc.,$9.18,9.180000305175781,Technology,Computer Hardware,4.62,12.0,64.1,0.11941,False,False,False,55.7,Markup,"{'trend': 60.0, 'momentum': 86.4, 'flow': 90.0, 'volatility': 23, 'structure': 80.0, 'momentum_quality': 78.0, 'insider': 50.0}",-8.0,10.238338029197893,0.3243,Tactical Overweight,매수 우위 (강력 매수 - 다중지표 강세 컨플루언스 확인),False,상승,상단,골든크로스 진행,12.6,10.0,상승,-68313252.98736131,,93.641,-0.1539,-5.5676003,-40361376.0,"[{'text': '상승 추세', 'cls': 'positive'}, {'text': '🚨 강력한 하방 압력(공매도 급증 +10.2%)', 'cls': 'negative'}, {'text': '📊 VWAP 상회 주의', 'cls': 'neutral'}, {'text': 'OBV 상승', 'cls': 'positive'}, {'text': '🚀 매출 고성장', 'cls': 'positive'}, {'text': '🔴 영업손실(-557%)', 'cls': 'negative'}, {'text': '🔴 적자기업(PER<0)', 'cls': 'negative'}, {'text': '🚨 공매도 비중 주의 (32.43%)', 'cls': 'negative'}]","{'mfc': 64, 'wyckoff': 80, 'stochastic': 40.94978882387004, 'obv': 75, 'bollinger': 0, 'momentum_quality': 78.0, 'regime_score': 50, 'rr_score': 100, 'base_tech': np.float64(62.4)}","{'base_tech_score': np.float64(62.4), 'insider_bonus': 0.0, 'deviation_penalty': 0.0, 'blowoff_penalty': 0.0, 'short_excessive_penalty': 25, 'weekly_penalty': 0.0, 'resistance_penalty': 0.0, 'rr_penalty': 0.0, 'cmf_confluence_val': 0.0, 'penny_penalty': 0.0, 'penny_non_acc_penalty': 0.0, 'scalping_bonus': 10.0, 'fund_penalty': 15.0, 'macd_reversal_bonus': 0.0, 'sector_rs_bonus': 0.0, 'confluence_bonus': 0.0, 'short_squeeze_bonus': 0.0, 'ai_momentum_bonus': 0.0}",N/A,,,,,4.62,0.49,0.49,False,False
SKE,Skeena Resources Limited,$32.54,32.540000915527344,Basic Materials,Other Industrial Metals & Mining,5.44,11.3,74.6,0.02605,False,False,False,67.6,Markup,"{'trend': 80.0, 'momentum': 100, 'flow': 98.0, 'volatility': 33, 'structure': 80.0, 'momentum_quality': 84.0, 'insider': 50.0}",-6.0,41.50299588713907,0.0,Tactical Overweight,매수 우위 (강력 매수 - 다중지표 강세 컨플루언스 확인),True,상승,상단 돌파,골든크로스 진행,18.7,10.0,상승,1825008.2238293919,,,0.0,0.0,-299982240.0,"[{'text': '상승 추세', 'cls': 'positive'}, {'text': '🚨 강력한 하방 압력(공매도 급증 +41.5%)', 'cls': 'negative'}, {'text': '⚠️ 주봉 역배열(하락추세)', 'cls': 'negative'}, {'text': 'Stoch 골든크로스', 'cls': 'positive'}, {'text': 'OBV 상승', 'cls': 'positive'}]","{'mfc': 75, 'wyckoff': 80, 'stochastic': 58.13229766693983, 'obv': 75, 'bollinger': 0, 'momentum_quality': 84.0, 'regime_score': 50, 'rr_score': 65.7, 'base_tech': np.float64(69.1)}","{'base_tech_score': np.float64(69.1), 'insider_bonus': 0.0, 'deviation_penalty': 0.0, 'blowoff_penalty': 0.0, 'short_excessive_penalty': 25, 'weekly_penalty': 10, 'resistance_penalty': 0.0, 'rr_penalty': 0.0, 'cmf_confluence_val': 0.0, 'penny_penalty': 0.0, 'penny_non_acc_penalty': 0.0, 'scalping_bonus': 10.0, 'fund_penalty': 13.0, 'macd_reversal_bonus': 0.0, 'sector_rs_bonus': 0.0, 'confluence_bonus': 0.0, 'short_squeeze_bonus': 0.0, 'ai_momentum_bonus': 0.0}",N/A,,,,,5.44,1.29,1.29,False,False
JOBY,"Joby Aviation, Inc.",$8.64,8.640000343322754,Industrials,Airports & Air Services,4.98,11.2,65.2,0.32404998,False,False,False,58.2,Markup,"{'trend': 55.0, 'momentum': 100, 'flow': 85.0, 'volatility': 23, 'structure': 80.0, 'momentum_quality': 98.2, 'insider': 50.0}",-3.5,8.96015777459002,0.1673,Tactical Overweight,매수 우위 (강력 매수 - 다중지표 강세 컨플루언스 확인),True,상승,상단 돌파,골든크로스 진행,14.7,10.0,상승,-142615001.4247086,,2574.933,0.34289002,-6.75181,-436446240.0,"[{'text': '상승 추세', 'cls': 'positive'}, {'text': '🚨 강력한 하방 압력(공매도 급증 +9.0%)', 'cls': 'negative'}, {'text': '⚠️ 주봉 역배열(하락추세)', 'cls': 'negative'}, {'text': 'Stoch 골든크로스', 'cls': 'positive'}, {'text': 'OBV 상승', 'cls': 'positive'}, {'text': '🚀 매출 고성장', 'cls': 'positive'}, {'text': '🔴 영업손실(-675%)', 'cls': 'negative'}, {'text': '🔴 적자기업(PER<0)', 'cls': 'negative'}, {'text': '🚨 공매도 비중 주의 (16.73%)', 'cls': 'negative'}]","{'mfc': 65, 'wyckoff': 80, 'stochastic': 62.02144138578664, 'obv': 75, 'bollinger': 0, 'momentum_quality': 98.2, 'regime_score': 50, 'rr_score': 100, 'base_tech': np.float64(68.4)}","{'base_tech_score': np.float64(68.4), 'insider_bonus': 0.0, 'deviation_penalty': 0.0, 'blowoff_penalty': 0.0, 'short_excessive_penalty': 25, 'weekly_penalty': 10, 'resistance_penalty': 0.0, 'rr_penalty': 0.0, 'cmf_confluence_val': 0.0, 'penny_penalty': 0.0, 'penny_non_acc_penalty': 0.0, 'scalping_bonus': 10.0, 'fund_penalty': 15.0, 'macd_reversal_bonus': 0.0, 'sector_rs_bonus': 0.0, 'confluence_bonus': 0.0, 'short_squeeze_bonus': 0.0, 'ai_momentum_bonus': 0.0}",N/A,,,,,4.98,0.78,0.78,False,False
UUUU,Energy Fuels Inc,$14.14,14.140000343322754,Energy,Uranium,9.61,10.9,64.1,0.01227,False,False,False,58.7,Markup,"{'trend': 55.0, 'momentum': 100, 'flow': 74.0, 'volatility': 23, 'structure': 80.0, 'momentum_quality': 98.2, 'insider': 50.0}",-8.0,29.73073306665516,0.19790001,Core Holding,매수 우위 (안정적 상승 추세 안착),True,상승,상단 돌파,골든크로스 진행,16.3,10.0,상승,-139248485.38052505,,4.961,0.40851003,-0.79030997,-87706128.0,"[{'text': '상승 추세', 'cls': 'positive'}, {'text': '🚨 강력한 하방 압력(공매도 급증 +29.7%)', 'cls': 'negative'}, {'text': '⚠️ 주봉 역배열(하락추세)', 'cls': 'negative'}, {'text': 'Stoch 골든크로스', 'cls': 'positive'}, {'text': 'OBV 상승', 'cls': 'positive'}, {'text': '🚀 매출 고성장', 'cls': 'positive'}, {'text': '🔴 영업손실(-79%)', 'cls': 'negative'}, {'text': '🚨 공매도 비중 주의 (19.79%)', 'cls': 'negative'}]","{'mfc': 64, 'wyckoff': 80, 'stochastic': 57.09440092130979, 'obv': 75, 'bollinger': 0, 'momentum_quality': 98.2, 'regime_score': 50, 'rr_score': 100, 'base_tech': np.float64(67.4)}","{'base_tech_score': np.float64(67.4), 'insider_bonus': 0.0, 'deviation_penalty': 0.0, 'blowoff_penalty': 0.0, 'short_excessive_penalty': 25, 'weekly_penalty': 10, 'resistance_penalty': 0.0, 'rr_penalty': 0.0, 'cmf_confluence_val': 0.0, 'penny_penalty': 0.0, 'penny_non_acc_penalty': 0.0, 'scalping_bonus': 10.0, 'fund_penalty': 10.0, 'macd_reversal_bonus': 0.0, 'sector_rs_bonus': 0.0, 'confluence_bonus': 0.0, 'short_squeeze_bonus': 0.0, 'ai_momentum_bonus': 0.0}",N/A,,,,,9.61,1.3,1.3,False,False
JMIA,Jumia Technologies AG,$6.19,6.190000057220459,Consumer Cyclical,Internet Retail,8.79,10.9,45.0,0.11083999,False,False,False,48.3,Accumulation,"{'trend': 5, 'momentum': 75.5, 'flow': 39.0, 'volatility': 53, 'structure': 65.0, 'momentum_quality': 76.4, 'insider': 50.0}",-5.0,11.002550826024956,0.0496,Tactical Hold,매도 우위 (하방 경계 - 바닥 탐색 진행 중),True,상승,상단,역배열,0.3,10.0,하락,-49880587.25418414,,0.394,0.54755,-0.25853002,-25725876.0,"[{'text': '매집 구간', 'cls': 'positive'}, {'text': '🚨 강력한 하방 압력(공매도 급증 +11.0%)', 'cls': 'negative'}, {'text': '⚠️ 주봉 역배열(하락추세)', 'cls': 'negative'}, {'text': '🔄 MACD 반전', 'cls': 'positive'}, {'text': '🎯 시그널 컨플루언스 (3)', 'cls': 'positive'}, {'text': 'Stoch 골든크로스', 'cls': 'positive'}, {'text': 'OBV 상승', 'cls': 'positive'}, {'text': '🚀 매출 고성장', 'cls': 'positive'}, {'text': '🔴 영업손실(-26%)', 'cls': 'negative'}, {'text': '🔴 적자기업(PER<0)', 'cls': 'negative'}]","{'mfc': 45, 'wyckoff': 100, 'stochastic': 57.61184676382334, 'obv': 75, 'bollinger': 0, 'momentum_quality': 76.4, 'regime_score': 50, 'rr_score': 100, 'base_tech': np.float64(61.1)}","{'base_tech_score': np.float64(61.1), 'insider_bonus': 0.0, 'deviation_penalty': 0.0, 'blowoff_penalty': 0.0, 'short_excessive_penalty': 25, 'weekly_penalty': 10, 'resistance_penalty': 0.0, 'rr_penalty': 0.0, 'cmf_confluence_val': -6, 'penny_penalty': 0.0, 'penny_non_acc_penalty': 0.0, 'scalping_bonus': 10.0, 'fund_penalty': 15.0, 'macd_reversal_bonus': 5.0, 'sector_rs_bonus': 0.0, 'confluence_bonus': 8.0, 'short_squeeze_bonus': 0.0, 'ai_momentum_bonus': 0.0}",N/A,,,,,8.79,1.16,1.16,False,False
CMCSA,Comcast Corporation,$25.36,25.360000610351562,Communication Services,Telecom Services,0.75,10.8,68.2,0.0074400003,False,False,False,61.7,Markup,"{'trend': 53.0, 'momentum': 83.8, 'flow': 89.0, 'volatility': 53, 'structure': 80.0, 'momentum_quality': 92.0, 'insider': 50.0}",2.0,-4.5365993639213045,0.0271,Tactical Overweight,매수 우위 (강력 매수 - 다중지표 강세 컨플루언스 확인),True,상승,상단,혼합,6.1,0.0,상승,-764334766.3373485,-0.683,-0.012,0.6939,0.17233999,12697624576.0,"[{'text': '상승 추세', 'cls': 'positive'}, {'text': '⚠️ 장기 매물대(저항선) 충돌 위험', 'cls': 'negative'}, {'text': '📊 VWAP 상회 주의', 'cls': 'neutral'}, {'text': 'Stoch 골든크로스', 'cls': 'positive'}, {'text': 'OBV 상승', 'cls': 'positive'}, {'text': '🚨 EPS 급락(-68%)', 'cls': 'negative'}]","{'mfc': 68, 'wyckoff': 80, 'stochastic': 51.15552056737126, 'obv': 75, 'bollinger': 0, 'momentum_quality': 92.0, 'regime_score': 50, 'rr_score': 74.3, 'base_tech': np.float64(67.2)}","{'base_tech_score': np.float64(67.2), 'insider_bonus': 0.0, 'deviation_penalty': 0.0, 'blowoff_penalty': 0.0, 'short_excessive_penalty': 0.0, 'weekly_penalty': 0.0, 'resistance_penalty': 15, 'rr_penalty': 0.0, 'cmf_confluence_val': 0.0, 'penny_penalty': 0.0, 'penny_non_acc_penalty': 0.0, 'scalping_bonus': 0.0, 'fund_penalty': 30.0, 'macd_reversal_bonus': 0.0, 'sector_rs_bonus': 0.0, 'confluence_bonus': 0.0, 'short_squeeze_bonus': 0.0, 'ai_momentum_bonus': 0.0}",N/A,,,,,0.75,0.53,0.53,False,False
ONDS,Ondas Inc,$9.11,9.109999656677246,Technology,Communication Equipment,4.23,10.6,65.3,0.01799,False,False,False,60.1,Markup,"{'trend': 55.0, 'momentum': 100, 'flow': 84.0, 'volatility': 3, 'structure': 80.0, 'momentum_quality': 98.2, 'insider': 50.0}",-8.0,37.035299996631444,0.4053,Tactical Overweight,매수 우위 (강력 매수 - 다중지표 강세 컨플루언스 확인),True,상승,상단,골든크로스 진행,17.9,10.0,상승,-498035643.45574075,,10.799,0.44849,-0.85134006,-15650777.0,"[{'text': '상승 추세', 'cls': 'positive'}, {'text': '🚨 강력한 하방 압력(공매도 급증 +37.0%)', 'cls': 'negative'}, {'text': '⚠️ 주봉 역배열(하락추세)', 'cls': 'negative'}, {'text': 'Stoch 골든크로스', 'cls': 'positive'}, {'text': 'OBV 상승', 'cls': 'positive'}, {'text': '🚀 매출 고성장', 'cls': 'positive'}, {'text': '🔴 영업손실(-85%)', 'cls': 'negative'}, {'text': '🚨 공매도 비중 주의 (40.53%)', 'cls': 'negative'}]","{'mfc': 65, 'wyckoff': 80, 'stochastic': 50.00785962502956, 'obv': 75, 'bollinger': 0, 'momentum_quality': 98.2, 'regime_score': 50, 'rr_score': 100, 'base_tech': np.float64(67.0)}","{'base_tech_score': np.float64(67.0), 'insider_bonus': 0.0, 'deviation_penalty': 0.0, 'blowoff_penalty': 0.0, 'short_excessive_penalty': 25, 'weekly_penalty': 10, 'resistance_penalty': 0.0, 'rr_penalty': 0.0, 'cmf_confluence_val': 0.0, 'penny_penalty': 0.0, 'penny_non_acc_penalty': 0.0, 'scalping_bonus': 10.0, 'fund_penalty': 10.0, 'macd_reversal_bonus': 0.0, 'sector_rs_bonus': 0.0, 'confluence_bonus': 0.0, 'short_squeeze_bonus': 0.0, 'ai_momentum_bonus': 0.0}",N/A,,,,,4.23,0.83,0.83,False,False
AEVA,"Aeva Technologies, Inc.",$26.62,26.6200008392334,Technology,Software - Infrastructure,5.38,9.5,68.4,0.17631,False,False,False,66.9,Markup,"{'trend': 85.0, 'momentum': 100, 'flow': 87.0, 'volatility': 3, 'structure': 80.0, 'momentum_quality': 92.2, 'insider': 50.0}",8.0,-21.829132605105706,0.1022,Tactical Overweight,매수 우위 (강력 매수 - 다중지표 강세 컨플루언스 확인),False,상승,상단 돌파,골든크로스 진행,47.6,10.0,상승,8825057.362832103,,0.113,0.27225,-5.63233,-139472880.0,"[{'text': '상승 추세', 'cls': 'positive'}, {'text': '⚠️ 이격도 과다', 'cls': 'negative'}, {'text': '⚠️ 장기 매물대(저항선) 충돌 위험', 'cls': 'negative'}, {'text': 'OBV 상승', 'cls': 'positive'}, {'text': '🔴 영업손실(-563%)', 'cls': 'negative'}, {'text': '🔴 적자기업(PER<0)', 'cls': 'negative'}, {'text': '🚨 공매도 비중 주의 (10.22%)', 'cls': 'negative'}, {'text': '🔥 숏커버 (-21.8%)', 'cls': 'positive'}]","{'mfc': 68, 'wyckoff': 80, 'stochastic': 48.01381910309992, 'obv': 75, 'bollinger': 0, 'momentum_quality': 92.2, 'regime_score': 50, 'rr_score': 79.8, 'base_tech': np.float64(66.9)}","{'base_tech_score': np.float64(66.9), 'insider_bonus': 0.0, 'deviation_penalty': 20, 'blowoff_penalty': 0.0, 'short_excessive_penalty': 0.0, 'weekly_penalty': 0.0, 'resistance_penalty': 15, 'rr_penalty': 0.0, 'cmf_confluence_val': 0.0, 'penny_penalty': 0.0, 'penny_non_acc_penalty': 0.0, 'scalping_bonus': 10.0, 'fund_penalty': 27.0, 'macd_reversal_bonus': 0.0, 'sector_rs_bonus': 0.0, 'confluence_bonus': 0.0, 'short_squeeze_bonus': 0.0, 'ai_momentum_bonus': 0.0}",N/A,,,,,5.38,1.15,1.15,False,False
CMP,Compass Minerals Intl Inc,$27.35,27.350000381469727,Basic Materials,Other Industrial Metals & Mining,6.59,9.3,45.7,0.23239,False,False,False,40.9,Distribution,"{'trend': 40.0, 'momentum': 39.6, 'flow': 58.0, 'volatility': 73, 'structure': 30.0, 'momentum_quality': 13.8, 'insider': 50.0}",-8.0,37.51175864196139,0.045,Underweight,매도 우위 (투매 경고 - 강한 하방 압력),False,하락,하단,혼합,-6.7,10.0,상승,5461639.705948192,,0.003,0.1722,0.050630003,91150000.0,"[{'text': '분산 경고', 'cls': 'negative'}, {'text': '🚨 강력한 하방 압력(공매도 급증 +37.5%)', 'cls': 'negative'}]","{'mfc': 46, 'wyckoff': 30, 'stochastic': 48.990398777579074, 'obv': 25, 'bollinger': 100, 'momentum_quality': 13.8, 'regime_score': 50, 'rr_score': 100, 'base_tech': np.float64(40.3)}","{'base_tech_score': np.float64(40.3), 'insider_bonus': 0.0, 'deviation_penalty': 0.0, 'blowoff_penalty': 0.0, 'short_excessive_penalty': 25, 'weekly_penalty': 0.0, 'resistance_penalty': 0.0, 'rr_penalty': 0.0, 'cmf_confluence_val': 0.0, 'penny_penalty': 0.0, 'penny_non_acc_penalty': 0.0, 'scalping_bonus': 10.0, 'fund_penalty': 0.0, 'macd_reversal_bonus': 0.0, 'sector_rs_bonus': 0.0, 'confluence_bonus': 0.0, 'short_squeeze_bonus': 0.0, 'ai_momentum_bonus': 0.0}",N/A,,,,,6.59,1.3,1.3,False,False
FRMI,Fermi Inc.,$6.18,6.179999828338623,Real Estate,REIT - Specialty,-0.16,9.1,53.5,0.52535,False,False,False,45.6,Accumulation,"{'trend': 40.0, 'momentum': 45.4, 'flow': 85.0, 'volatility': 43, 'structure': 65.0, 'momentum_quality': 20.5, 'insider': 50.0}",-8.0,21.97637372571477,0.0875,Aggressive Buy,매수 우위 (분할 매수 - 바닥 확인 후 모멘텀 턴어라운드),False,상승,하단,혼합,-2.7,0.0,상승,169551393.61145654,,,0.0,0.0,,"[{'text': '매집 구간', 'cls': 'positive'}, {'text': '🚨 강력한 하방 압력(공매도 급증 +22.0%)', 'cls': 'negative'}, {'text': 'OBV 상승', 'cls': 'positive'}]","{'mfc': 54, 'wyckoff': 100, 'stochastic': 48.70499375344552, 'obv': 75, 'bollinger': 100, 'momentum_quality': 20.5, 'regime_score': 50, 'rr_score': 100, 'base_tech': np.float64(62.6)}","{'base_tech_score': np.float64(62.6), 'insider_bonus': 0.0, 'deviation_penalty': 0.0, 'blowoff_penalty': 0.0, 'short_excessive_penalty': 25, 'weekly_penalty': 0.0, 'resistance_penalty': 0.0, 'rr_penalty': 0.0, 'cmf_confluence_val': 0.0, 'penny_penalty': 0.0, 'penny_non_acc_penalty': 0.0, 'scalping_bonus': 0.0, 'fund_penalty': 8.0, 'macd_reversal_bonus': 0.0, 'sector_rs_bonus': 0.0, 'confluence_bonus': 0.0, 'short_squeeze_bonus': 0.0, 'ai_momentum_bonus': 0.0}",N/A,,,,,-0.16,0.65,0.65,False,False
RKT,"Rocket Companies, Inc.",$13.72,13.720000267028809,Financial Services,Mortgage Finance,3.78,9.0,41.3,0.01283,False,False,False,48.9,Markdown,"{'trend': 5, 'momentum': 70.1, 'flow': 43.0, 'volatility': 53, 'structure': 15.0, 'momentum_quality': 56.7, 'insider': 50.0}",-8.0,41.37730385568534,0.1409,Tactical Hold,매도 우위 (비중 축소 - 지지선 단기 이탈 및 추세 악화),False,상승,하단,역배열,-0.2,10.0,하락,-290139001.5782537,,0.919,1.0,0.27083,-3565769984.0,"[{'text': '하락 추세', 'cls': 'negative'}, {'text': '🚨 강력한 하방 압력(공매도 급증 +41.4%)', 'cls': 'negative'}, {'text': '⚠️ 주봉 역배열(하락추세)', 'cls': 'negative'}, {'text': '🔄 MACD 반전', 'cls': 'positive'}, {'text': 'OBV 상승', 'cls': 'positive'}, {'text': '🚀 매출 고성장', 'cls': 'positive'}, {'text': '🚨 공매도 비중 주의 (14.09%)', 'cls': 'negative'}]","{'mfc': 41, 'wyckoff': 10, 'stochastic': 48.13388759454977, 'obv': 75, 'bollinger': 100, 'momentum_quality': 56.7, 'regime_score': 50, 'rr_score': 91.0, 'base_tech': np.float64(47.5)}","{'base_tech_score': np.float64(47.5), 'insider_bonus': 0.0, 'deviation_penalty': 0.0, 'blowoff_penalty': 0.0, 'short_excessive_penalty': 25, 'weekly_penalty': 10, 'resistance_penalty': 0.0, 'rr_penalty': 0.0, 'cmf_confluence_val': -6, 'penny_penalty': 0.0, 'penny_non_acc_penalty': 0.0, 'scalping_bonus': 10.0, 'fund_penalty': -5.0, 'macd_reversal_bonus': 5.0, 'sector_rs_bonus': 0.0, 'confluence_bonus': 0.0, 'short_squeeze_bonus': 0.0, 'ai_momentum_bonus': 0.0}",N/A,,,,,3.78,1.4,1.4,False,False
AMN,AMN Healthcare Services Inc,$36.00,36.0,Healthcare,Medical Care Facilities,16.88,9.0,52.8,0.0097,False,False,False,60.0,Accumulation,"{'trend': 45.0, 'momentum': 68.4, 'flow': 18.0, 'volatility': 53, 'structure': 65.0, 'momentum_quality': 87.0, 'insider': 50.0}",-5.0,17.48124692702428,0.1105,Tactical Hold,"중립 대기 (방향성 탐색 중, 뚜렷한 주도력 부재)",True,하락,상단 돌파,데드크로스 진행,7.0,-10.0,하락,7933715.23117908,,0.023,0.27786,0.03997,448078624.0,"[{'text': '매집 구간', 'cls': 'positive'}, {'text': '🚨 강력한 하방 압력(공매도 급증 +17.5%)', 'cls': 'negative'}, {'text': 'Stoch 골든크로스', 'cls': 'positive'}, {'text': '🚨 공매도 비중 주의 (11.05%)', 'cls': 'negative'}]","{'mfc': 53, 'wyckoff': 100, 'stochastic': 72.53929870467732, 'obv': 25, 'bollinger': 0, 'momentum_quality': 87.0, 'regime_score': 50, 'rr_score': 50.9, 'base_tech': np.float64(61.2)}","{'base_tech_score': np.float64(61.2), 'insider_bonus': 0.0, 'deviation_penalty': 0.0, 'blowoff_penalty': 0.0, 'short_excessive_penalty': 25, 'weekly_penalty': 0.0, 'resistance_penalty': 0.0, 'rr_penalty': 0.0, 'cmf_confluence_val': 0.0, 'penny_penalty': 0.0, 'penny_non_acc_penalty': 0.0, 'scalping_bonus': -10.0, 'fund_penalty': 0.0, 'macd_reversal_bonus': 0.0, 'sector_rs_bonus': 0.0, 'confluence_bonus': 0.0, 'short_squeeze_bonus': 0.0, 'ai_momentum_bonus': 0.0}",N/A,,,,,16.88,1.27,1.27,False,False
STEP,StepStone Group Inc.,$46.41,46.40999984741211,Financial Services,Asset Management,-7.79,8.9,59.9,0.05515,False,False,False,54.0,Accumulation,"{'trend': 68.0, 'momentum': 76.2, 'flow': 33.0, 'volatility': 53, 'structure': 75.0, 'momentum_quality': 78.0, 'insider': 50.0}",-5.0,16.879329327485916,0.099300005,Aggressive Buy,매수 우위 (분할 매수 - 바닥 확인 후 모멘텀 턴어라운드),False,상승,상단,골든크로스 진행,4.4,13.0,하락,-12260530.769233342,,0.04,-0.48369,-0.54055,,"[{'text': '매집 구간', 'cls': 'positive'}, {'text': '🚨 강력한 하방 압력(공매도 급증 +16.9%)', 'cls': 'negative'}, {'text': '⚠️ 주봉 역배열(하락추세)', 'cls': 'negative'}, {'text': 'OBV 상승', 'cls': 'positive'}, {'text': '거래량 폭발', 'cls': 'neutral'}, {'text': '🔴 영업손실(-54%)', 'cls': 'negative'}]","{'mfc': 60, 'wyckoff': 100, 'stochastic': 33.243948466984925, 'obv': 75, 'bollinger': 0, 'momentum_quality': 78.0, 'regime_score': 50, 'rr_score': 100, 'base_tech': np.float64(63.7)}","{'base_tech_score': np.float64(63.7), 'insider_bonus': 0.0, 'deviation_penalty': 0.0, 'blowoff_penalty': 0.0, 'short_excessive_penalty': 25, 'weekly_penalty': 10, 'resistance_penalty': 0.0, 'rr_penalty': 0.0, 'cmf_confluence_val': 0.0, 'penny_penalty': 0.0, 'penny_non_acc_penalty': 0.0, 'scalping_bonus': 13.0, 'fund_penalty': 15.0, 'macd_reversal_bonus': 0.0, 'sector_rs_bonus': 0.0, 'confluence_bonus': 0.0, 'short_squeeze_bonus': 0.0, 'ai_momentum_bonus': 0.0}",N/A,,,,,-7.79,3.56,3.56,False,False
NTRA,"Natera, Inc.",$322.10,322.1000061035156,Healthcare,Diagnostics & Research,21.37,8.8,74.3,0.02874,False,False,False,74.5,Markup,"{'trend': 100, 'momentum': 94.1, 'flow': 100, 'volatility': 33, 'structure': 55.0, 'momentum_quality': 98.2, 'insider': 50.0}",-5.0,15.05544723839126,0.0357,Tactical Overweight,매수 우위 (강력 매수 - 다중지표 강세 컨플루언스 확인),True,상승,상단 돌파,정배열,19.4,-4.0,상승,17496553.95777093,,0.377,0.65230006,-0.102910005,104029000.0,"[{'text': '상승 추세', 'cls': 'positive'}, {'text': '🚨 상단 클라이맥스', 'cls': 'negative'}, {'text': '🚨 강력한 하방 압력(공매도 급증 +15.1%)', 'cls': 'negative'}, {'text': '🔄 MACD 반전', 'cls': 'positive'}, {'text': '🔥 Accumulation Confluence (CMF+ADL)', 'cls': 'positive'}, {'text': '🎯 시그널 컨플루언스 (3)', 'cls': 'positive'}, {'text': 'Stoch 골든크로스', 'cls': 'positive'}, {'text': 'OBV 상승', 'cls': 'positive'}, {'text': '🚀 매출 고성장', 'cls': 'positive'}, {'text': '🔴 적자기업(PER<0)', 'cls': 'negative'}]","{'mfc': 74, 'wyckoff': 80, 'stochastic': 57.29210998584428, 'obv': 75, 'bollinger': 0, 'momentum_quality': 98.2, 'regime_score': 50, 'rr_score': 68.9, 'base_tech': np.float64(71.0)}","{'base_tech_score': np.float64(71.0), 'insider_bonus': 0.0, 'deviation_penalty': 0.0, 'blowoff_penalty': 30, 'short_excessive_penalty': 25, 'weekly_penalty': 0.0, 'resistance_penalty': 0.0, 'rr_penalty': 0.0, 'cmf_confluence_val': 0.0, 'penny_penalty': 0.0, 'penny_non_acc_penalty': 0.0, 'scalping_bonus': -4.0, 'fund_penalty': 3.0, 'macd_reversal_bonus': 5.0, 'sector_rs_bonus': 0.0, 'confluence_bonus': 8.0, 'short_squeeze_bonus': 0.0, 'ai_momentum_bonus': 0.0}",N/A,,,,,21.37,2.29,2.29,True,False
VALE,VALE S.A.,$14.71,14.710000038146973,Basic Materials,Other Industrial Metals & Mining,-0.07,7.8,49.2,2.0000001e-05,False,False,False,48.0,Markdown,"{'trend': 55.0, 'momentum': 64.4, 'flow': 23.0, 'volatility': 93, 'structure': 15.0, 'momentum_quality': 31.0, 'insider': 50.0}",4.0,-6.021488346989109,0.0137,Tactical Hold,매도 우위 (비중 축소 - 지지선 단기 이탈 및 추세 악화),False,하락,상단,골든크로스 진행,0.5,0.0,하락,-70279829.85886824,-0.433,0.064,0.34924,0.21955,13308999680.0,"[{'text': '하락 추세', 'cls': 'negative'}, {'text': '⚠️ 주봉 역배열(하락추세)', 'cls': 'negative'}, {'text': 'Squeeze 대기', 'cls': 'neutral'}, {'text': '⚠️ EPS 감소(-43%)', 'cls': 'negative'}]","{'mfc': 49, 'wyckoff': 10, 'stochastic': 46.41817136983299, 'obv': 25, 'bollinger': 0, 'momentum_quality': 31.0, 'regime_score': 50, 'rr_score': 100, 'base_tech': np.float64(32.2)}","{'base_tech_score': np.float64(32.2), 'insider_bonus': 0.0, 'deviation_penalty': 0.0, 'blowoff_penalty': 0.0, 'short_excessive_penalty': 0.0, 'weekly_penalty': 10, 'resistance_penalty': 0.0, 'rr_penalty': 0.0, 'cmf_confluence_val': 0.0, 'penny_penalty': 0.0, 'penny_non_acc_penalty': 0.0, 'scalping_bonus': 0.0, 'fund_penalty': 12.0, 'macd_reversal_bonus': 0.0, 'sector_rs_bonus': 0.0, 'confluence_bonus': 0.0, 'short_squeeze_bonus': 0.0, 'ai_momentum_bonus': 0.0}",N/A,,,,,-0.07,0.99,0.99,False,False
INFQ,"Infleqtion, Inc.",$11.91,11.90999984741211,Technology,Software - Infrastructure,7.2,6.8,61.5,0.094239995,False,False,False,55.9,Markup,"{'trend': 60.0, 'momentum': 95.1, 'flow': 73.0, 'volatility': 3, 'structure': 80.0, 'momentum_quality': 78.0, 'insider': 50.0}",-6.0,166.1957878019272,0.0,Tactical Overweight,매수 우위 (강력 매수 - 다중지표 강세 컨플루언스 확인),False,상승,상단 돌파,골든크로스 진행,18.7,10.0,상승,-129858543.44125843,,0.139,0.31012,-3.54878,,"[{'text': '상승 추세', 'cls': 'positive'}, {'text': '🚨 강력한 하방 압력(공매도 급증 +166.2%)', 'cls': 'negative'}, {'text': '📊 VWAP 상회 주의', 'cls': 'neutral'}, {'text': 'OBV 상승', 'cls': 'positive'}, {'text': '🔴 영업손실(-355%)', 'cls': 'negative'}, {'text': '🔴 적자기업(PER<0)', 'cls': 'negative'}]","{'mfc': 62, 'wyckoff': 80, 'stochastic': 47.35883135924347, 'obv': 75, 'bollinger': 0, 'momentum_quality': 78.0, 'regime_score': 50, 'rr_score': 100, 'base_tech': np.float64(62.3)}","{'base_tech_score': np.float64(62.3), 'insider_bonus': 0.0, 'deviation_penalty': 0.0, 'blowoff_penalty': 0.0, 'short_excessive_penalty': 25, 'weekly_penalty': 0.0, 'resistance_penalty': 0.0, 'rr_penalty': 0.0, 'cmf_confluence_val': 0.0, 'penny_penalty': 0.0, 'penny_non_acc_penalty': 0.0, 'scalping_bonus': 10.0, 'fund_penalty': 22.0, 'macd_reversal_bonus': 0.0, 'sector_rs_bonus': 0.0, 'confluence_bonus': 0.0, 'short_squeeze_bonus': 0.0, 'ai_momentum_bonus': 0.0}",N/A,,,,,7.2,0.44,0.44,False,False
EVGO,EVgo Inc.,$1.62,1.6200000047683716,Consumer Cyclical,Specialty Retail,6.58,6.8,33.3,0.055999998,False,True,False,47.1,Markdown,"{'trend': 5, 'momentum': 66.0, 'flow': 14.0, 'volatility': 43, 'structure': 15.0, 'momentum_quality': 68.6, 'insider': 50.0}",-1.0,-9.924368267413248,0.3134,Avoid / Sell-off,매도 우위 (전면 회피 - 다중지표 약세 컨플루언스 확인),False,하락,하단,역배열,-0.2,10.0,하락,-71035095.39765309,,-0.157,0.39938,-0.45885,-171632256.0,"[{'text': '하락 추세', 'cls': 'negative'}, {'text': '⚠️ 주봉 역배열(하락추세)', 'cls': 'negative'}, {'text': '🚀 숏스퀴즈 가능성', 'cls': 'positive'}, {'text': '⚠️ 매출 감소(-16%)', 'cls': 'negative'}, {'text': '🔴 영업손실(-46%)', 'cls': 'negative'}, {'text': '🔴 적자기업(PER<0)', 'cls': 'negative'}, {'text': '🚨 공매도 비중 주의 (31.34%)', 'cls': 'negative'}]","{'mfc': 33, 'wyckoff': 10, 'stochastic': 31.7608764708422, 'obv': 25, 'bollinger': 100, 'momentum_quality': 68.6, 'regime_score': 50, 'rr_score': 100, 'base_tech': np.float64(38.6)}","{'base_tech_score': np.float64(38.6), 'insider_bonus': 0.0, 'deviation_penalty': 0.0, 'blowoff_penalty': 0.0, 'short_excessive_penalty': 0.0, 'weekly_penalty': 10, 'resistance_penalty': 0.0, 'rr_penalty': 0.0, 'cmf_confluence_val': 0.0, 'penny_penalty': 0.0, 'penny_non_acc_penalty': 0.0, 'scalping_bonus': 10.0, 'fund_penalty': 38.0, 'macd_reversal_bonus': 0.0, 'sector_rs_bonus': 0.0, 'confluence_bonus': 0.0, 'short_squeeze_bonus': 15.0, 'ai_momentum_bonus': 0.0}",N/A,,,,,6.58,1.39,1.39,False,False
NKE,"Nike, Inc.",$41.70,41.70000076293945,Consumer Cyclical,Footwear & Accessories,-0.71,6.8,36.0,0.01675,False,False,False,45.2,Distribution,"{'trend': 5, 'momentum': 52.8, 'flow': 15.0, 'volatility': 73, 'structure': 20.0, 'momentum_quality': 26.1, 'insider': 50.0}",-5.0,12.098774820861099,0.067,Underweight,매도 우위 (투매 경고 - 강한 하방 압력),True,하락,하단,역배열,-2.1,0.0,하락,-273357639.68557906,4.066,-0.011,0.43245,0.12687,1889250048.0,"[{'text': '분산 경고', 'cls': 'negative'}, {'text': '🚨 강력한 하방 압력(공매도 급증 +12.1%)', 'cls': 'negative'}, {'text': '⚠️ 주봉 역배열(하락추세)', 'cls': 'negative'}, {'text': 'Stoch 골든크로스', 'cls': 'positive'}, {'text': '📈 EPS 반등/턴어라운드', 'cls': 'positive'}]","{'mfc': 36, 'wyckoff': 30, 'stochastic': 56.75150259220949, 'obv': 25, 'bollinger': 100, 'momentum_quality': 26.1, 'regime_score': 50, 'rr_score': 100, 'base_tech': np.float64(39.7)}","{'base_tech_score': np.float64(39.7), 'insider_bonus': 0.0, 'deviation_penalty': 0.0, 'blowoff_penalty': 0.0, 'short_excessive_penalty': 25, 'weekly_penalty': 10, 'resistance_penalty': 0.0, 'rr_penalty': 0.0, 'cmf_confluence_val': 0.0, 'penny_penalty': 0.0, 'penny_non_acc_penalty': 0.0, 'scalping_bonus': 0.0, 'fund_penalty': -15.0, 'macd_reversal_bonus': 0.0, 'sector_rs_bonus': 0.0, 'confluence_bonus': 0.0, 'short_squeeze_bonus': 0.0, 'ai_momentum_bonus': 0.0}",N/A,,,,,-0.71,0.84,0.84,False,False
OGG,Osisko Gold Group Inc.,$2.80,2.799999952316284,Basic Materials,Gold,6.06,6.6,64.9,0.2723,False,False,False,69.7,Markup,"{'trend': 68.0, 'momentum': 100, 'flow': 51.0, 'volatility': 33, 'structure': 80.0, 'momentum_quality': 98.2, 'insider': 50.0}",-3.0,15.57236430574997,0.0,Tactical Overweight,매수 우위 (강력 매수 - 다중지표 강세 컨플루언스 확인),True,상승,상단 돌파,골든크로스 진행,17.9,10.0,하락,25893143.416421983,,,0.61460996,-4.14092,-25438124.0,"[{'text': '상승 추세', 'cls': 'positive'}, {'text': '🚨 강력한 하방 압력(공매도 급증 +15.6%)', 'cls': 'negative'}, {'text': '⚠️ 주봉 역배열(하락추세)', 'cls': 'negative'}, {'text': 'Stoch 골든크로스', 'cls': 'positive'}, {'text': 'OBV 상승', 'cls': 'positive'}, {'text': '🔴 영업손실(-414%)', 'cls': 'negative'}]","{'mfc': 65, 'wyckoff': 80, 'stochastic': 61.93013630395427, 'obv': 75, 'bollinger': 0, 'momentum_quality': 98.2, 'regime_score': 50, 'rr_score': 100, 'base_tech': np.float64(68.3)}","{'base_tech_score': np.float64(68.3), 'insider_bonus': 0.0, 'deviation_penalty': 0.0, 'blowoff_penalty': 0.0, 'short_excessive_penalty': 25, 'weekly_penalty': 10, 'resistance_penalty': 0.0, 'rr_penalty': 0.0, 'cmf_confluence_val': 0.0, 'penny_penalty': 0.0, 'penny_non_acc_penalty': 0.0, 'scalping_bonus': 10.0, 'fund_penalty': 20.0, 'macd_reversal_bonus': 0.0, 'sector_rs_bonus': 0.0, 'confluence_bonus': 0.0, 'short_squeeze_bonus': 0.0, 'ai_momentum_bonus': 0.0}",N/A,,,,,6.06,0.87,0.87,False,False
BTE,Baytex Energy Corp,$4.18,4.179999828338623,Energy,Oil & Gas E&P,0.97,4.2,40.7,0.00614,False,False,False,48.4,Markdown,"{'trend': 40.0, 'momentum': 63.1, 'flow': 0, 'volatility': 73, 'structure': 15.0, 'momentum_quality': 25.8, 'insider': 50.0}",-3.0,10.341512343297783,0.0,Avoid / Sell-off,매도 우위 (전면 회피 - 다중지표 약세 컨플루언스 확인),False,하락,하단,혼합,-1.0,0.0,하락,100007797.03964725,0.154,0.513,0.5901,0.40842998,-225579008.0,"[{'text': '하락 추세', 'cls': 'negative'}, {'text': '🚨 강력한 하방 압력(공매도 급증 +10.3%)', 'cls': 'negative'}, {'text': '🚀 매출 고성장', 'cls': 'positive'}]","{'mfc': 41, 'wyckoff': 10, 'stochastic': 36.50790785444866, 'obv': 25, 'bollinger': 100, 'momentum_quality': 25.8, 'regime_score': 50, 'rr_score': 100, 'base_tech': np.float64(35.3)}","{'base_tech_score': np.float64(35.3), 'insider_bonus': 0.0, 'deviation_penalty': 0.0, 'blowoff_penalty': 0.0, 'short_excessive_penalty': 25, 'weekly_penalty': 0.0, 'resistance_penalty': 0.0, 'rr_penalty': 0.0, 'cmf_confluence_val': -6, 'penny_penalty': 0.0, 'penny_non_acc_penalty': 0.0, 'scalping_bonus': 0.0, 'fund_penalty': -10.0, 'macd_reversal_bonus': 0.0, 'sector_rs_bonus': 0.0, 'confluence_bonus': 0.0, 'short_squeeze_bonus': 0.0, 'ai_momentum_bonus': 0.0}",N/A,,,,,0.97,0.86,0.86,False,False
LEU,Centrus Energy Corp.,$191.37,191.3699951171875,Energy,Uranium,7.49,3.4,64.4,0.0423,False,True,False,58.9,Markup,"{'trend': 80.0, 'momentum': 75.8, 'flow': 60.0, 'volatility': 43, 'structure': 80.0, 'momentum_quality': 91.7, 'insider': 50.0}",-8.0,18.29309128109918,0.26549998,Tactical Overweight,매수 우위 (강력 매수 - 다중지표 강세 컨플루언스 확인),False,상승,상단,골든크로스 진행,12.5,10.0,상승,-1455669.5202987737,-0.419,0.14,0.23655,0.053379998,-127300000.0,"[{'text': '상승 추세', 'cls': 'positive'}, {'text': '🚨 강력한 하방 압력(공매도 급증 +18.3%)', 'cls': 'negative'}, {'text': '⚠️ 주봉 역배열(하락추세)', 'cls': 'negative'}, {'text': '⚠️ 장기 매물대(저항선) 충돌 위험', 'cls': 'negative'}, {'text': '📊 VWAP 상회 주의', 'cls': 'neutral'}, {'text': '🚀 숏스퀴즈 가능성', 'cls': 'positive'}, {'text': 'OBV 상승', 'cls': 'positive'}, {'text': '⚠️ EPS 감소(-42%)', 'cls': 'negative'}, {'text': '🚨 공매도 비중 주의 (26.55%)', 'cls': 'negative'}]","{'mfc': 64, 'wyckoff': 80, 'stochastic': 27.165828202001805, 'obv': 75, 'bollinger': 0, 'momentum_quality': 91.7, 'regime_score': 50, 'rr_score': 60.0, 'base_tech': np.float64(63.0)}","{'base_tech_score': np.float64(63.0), 'insider_bonus': 0.0, 'deviation_penalty': 0.0, 'blowoff_penalty': 0.0, 'short_excessive_penalty': 25, 'weekly_penalty': 10, 'resistance_penalty': 15, 'rr_penalty': 0.0, 'cmf_confluence_val': 0.0, 'penny_penalty': 0.0, 'penny_non_acc_penalty': 0.0, 'scalping_bonus': 10.0, 'fund_penalty': 14.0, 'macd_reversal_bonus': 0.0, 'sector_rs_bonus': 0.0, 'confluence_bonus': 0.0, 'short_squeeze_bonus': 15.0, 'ai_momentum_bonus': 0.0}",N/A,,,,,7.49,0.63,0.63,False,False
WBD,"Warner Bros. Discovery, Inc. - ",$26.78,26.780000686645508,Communication Services,Entertainment,1.44,3.0,53.2,0.04202,False,False,False,56.8,Accumulation,"{'trend': 20.0, 'momentum': 86.9, 'flow': 60.0, 'volatility': 63, 'structure': 65.0, 'momentum_quality': 67.5, 'insider': 50.0}",2.0,-1.3258524107331362,0.025999999,Aggressive Buy,매수 우위 (분할 매수 - 바닥 확인 후 모멘텀 턴어라운드),True,상승,상단,역배열,2.1,0.0,상승,-289725872.14466655,-0.906,-0.112,0.47811002,0.05105,16167374848.0,"[{'text': '매집 구간', 'cls': 'positive'}, {'text': '⚠️ 주봉 역배열(하락추세)', 'cls': 'negative'}, {'text': '⚠️ 장기 매물대(저항선) 충돌 위험', 'cls': 'negative'}, {'text': '📊 VWAP 상회 주의', 'cls': 'neutral'}, {'text': 'Stoch 골든크로스', 'cls': 'positive'}, {'text': 'OBV 상승', 'cls': 'positive'}, {'text': '🚨 EPS 급락(-91%)', 'cls': 'negative'}, {'text': '⚠️ 매출 감소(-11%)', 'cls': 'negative'}]","{'mfc': 53, 'wyckoff': 100, 'stochastic': 98.35251364493843, 'obv': 75, 'bollinger': 0, 'momentum_quality': 67.5, 'regime_score': 50, 'rr_score': 63.2, 'base_tech': np.float64(67.5)}","{'base_tech_score': np.float64(67.5), 'insider_bonus': 0.0, 'deviation_penalty': 0.0, 'blowoff_penalty': 0.0, 'short_excessive_penalty': 0.0, 'weekly_penalty': 10, 'resistance_penalty': 15, 'rr_penalty': 0.0, 'cmf_confluence_val': 0.0, 'penny_penalty': 0.0, 'penny_non_acc_penalty': 0.0, 'scalping_bonus': 0.0, 'fund_penalty': 28.0, 'macd_reversal_bonus': 0.0, 'sector_rs_bonus': 0.0, 'confluence_bonus': 0.0, 'short_squeeze_bonus': 0.0, 'ai_momentum_bonus': 0.0}",N/A,,,,,1.44,0.55,0.55,False,False
AXTI,AXT Inc,$88.58,88.58000183105469,Technology,Semiconductor Equipment & Materials,17.84,2.9,69.7,0.071609996,False,False,False,65.5,Markup,"{'trend': 73.0, 'momentum': 100, 'flow': 100, 'volatility': 3, 'structure': 80.0, 'momentum_quality': 100, 'insider': 50.0}",-8.0,44.94374678451602,0.1759,Tactical Overweight,매수 우위 (강력 매수 - 다중지표 강세 컨플루언스 확인),True,상승,상단 돌파,골든크로스 진행,59.2,-10.0,상승,129037489.38162671,,1.648,0.32184,0.21902001,,"[{'text': '상승 추세', 'cls': 'positive'}, {'text': '⚠️ 이격도 과다', 'cls': 'negative'}, {'text': '🚨 강력한 하방 압력(공매도 급증 +44.9%)', 'cls': 'negative'}, {'text': 'Stoch 골든크로스', 'cls': 'positive'}, {'text': 'OBV 상승', 'cls': 'positive'}, {'text': '🚀 매출 고성장', 'cls': 'positive'}, {'text': '🚨 공매도 비중 주의 (17.59%)', 'cls': 'negative'}]","{'mfc': 70, 'wyckoff': 80, 'stochastic': 59.13573052397638, 'obv': 75, 'bollinger': 0, 'momentum_quality': 100, 'regime_score': 50, 'rr_score': 100, 'base_tech': np.float64(69.9)}","{'base_tech_score': np.float64(69.9), 'insider_bonus': 0.0, 'deviation_penalty': 20, 'blowoff_penalty': 0.0, 'short_excessive_penalty': 25, 'weekly_penalty': 0.0, 'resistance_penalty': 0.0, 'rr_penalty': 0.0, 'cmf_confluence_val': 0.0, 'penny_penalty': 0.0, 'penny_non_acc_penalty': 0.0, 'scalping_bonus': -10.0, 'fund_penalty': -10.0, 'macd_reversal_bonus': 0.0, 'sector_rs_bonus': 0.0, 'confluence_bonus': 0.0, 'short_squeeze_bonus': 0.0, 'ai_momentum_bonus': 0.0}",N/A,,,,,17.84,1.9,1.9,False,False
AVO,"Mission Produce, Inc.",$13.20,13.199999809265137,Consumer Defensive,Food Distribution,5.1,2.7,54.3,0.38122,False,False,False,57.1,Accumulation,"{'trend': 40.0, 'momentum': 69.0, 'flow': 50.0, 'volatility': 53, 'structure': 65.0, 'momentum_quality': 71.5, 'insider': 50.0}",-8.0,21.36565552199687,0.0874,Aggressive Buy,매수 우위 (분할 매수 - 바닥 확인 후 모멘텀 턴어라운드),True,하락,상단,데드크로스 진행,2.6,10.0,상승,-12664166.035204394,,-0.235,0.12229,-0.00206,33287500.0,"[{'text': '매집 구간', 'cls': 'positive'}, {'text': '🚨 강력한 하방 압력(공매도 급증 +21.4%)', 'cls': 'negative'}, {'text': 'Stoch 골든크로스', 'cls': 'positive'}, {'text': '🚨 매출 강하락(-24%)', 'cls': 'negative'}]","{'mfc': 54, 'wyckoff': 100, 'stochastic': 84.8473554903164, 'obv': 25, 'bollinger': 0, 'momentum_quality': 71.5, 'regime_score': 50, 'rr_score': 78.9, 'base_tech': np.float64(60.9)}","{'base_tech_score': np.float64(60.9), 'insider_bonus': 0.0, 'deviation_penalty': 0.0, 'blowoff_penalty': 0.0, 'short_excessive_penalty': 25, 'weekly_penalty': 0.0, 'resistance_penalty': 0.0, 'rr_penalty': 0.0, 'cmf_confluence_val': 0.0, 'penny_penalty': 0.0, 'penny_non_acc_penalty': 0.0, 'scalping_bonus': 10.0, 'fund_penalty': 23.0, 'macd_reversal_bonus': 0.0, 'sector_rs_bonus': 0.0, 'confluence_bonus': 0.0, 'short_squeeze_bonus': 0.0, 'ai_momentum_bonus': 0.0}",N/A,,,,,5.1,0.98,0.98,False,False
EXFY,"Expensify, Inc.",$2.69,2.690000057220459,Technology,Software - Application,35.86,2.3,73.5,0.23971,False,False,False,82.7,Markup,"{'trend': 100, 'momentum': 84.3, 'flow': 100, 'volatility': 3, 'structure': 55.0, 'momentum_quality': 100, 'insider': 50.0}",8.0,-83.26778699438273,0.0105,Tactical Overweight,매수 우위 (강력 매수 - 다중지표 강세 컨플루언스 확인),True,상승,상단 돌파,정배열,44.2,-2.0,상승,18474332.055512093,,-0.058,0.49613,-0.05805,17930750.0,"[{'text': '상승 추세', 'cls': 'positive'}, {'text': '⚠️ 이격도 과다', 'cls': 'negative'}, {'text': '🚨 상단 클라이맥스', 'cls': 'negative'}, {'text': '🔥 Accumulation Confluence (CMF+ADL)', 'cls': 'positive'}, {'text': 'Stoch 골든크로스', 'cls': 'positive'}, {'text': 'OBV 상승', 'cls': 'positive'}, {'text': '⚠️ 매출 감소(-6%)', 'cls': 'negative'}, {'text': '🔥 숏커버 (-83.3%)', 'cls': 'positive'}]","{'mfc': 74, 'wyckoff': 80, 'stochastic': 52.40660030776574, 'obv': 75, 'bollinger': 0, 'momentum_quality': 100, 'regime_score': 40, 'rr_score': 83.5, 'base_tech': np.float64(70.4)}","{'base_tech_score': np.float64(70.4), 'insider_bonus': 0.0, 'deviation_penalty': 20, 'blowoff_penalty': 30, 'short_excessive_penalty': 0.0, 'weekly_penalty': 0.0, 'resistance_penalty': 0.0, 'rr_penalty': 0.0, 'cmf_confluence_val': 0.0, 'penny_penalty': 0.0, 'penny_non_acc_penalty': 0.0, 'scalping_bonus': -2.0, 'fund_penalty': 16.0, 'macd_reversal_bonus': 0.0, 'sector_rs_bonus': 0.0, 'confluence_bonus': 0.0, 'short_squeeze_bonus': 0.0, 'ai_momentum_bonus': 0.0}",N/A,,,,,35.86,4.08,4.08,False,False
SNEX,StoneX Group Inc.,$65.84,65.83999633789062,Financial Services,Capital Markets,-1.33,1.8,31.0,0.09097999,False,False,False,33.9,Markdown,"{'trend': 40.0, 'momentum': 25.9, 'flow': 0, 'volatility': 38, 'structure': 15.0, 'momentum_quality': 0, 'insider': 50.0}",-5.0,15.394959709662093,0.0708,Avoid / Sell-off,매도 우위 (전면 회피 - 다중지표 약세 컨플루언스 확인),False,하락,하단 이탈,혼합,-10.6,0.0,하락,7146712.68978544,1.017,0.152,0.01731,0.00418,,"[{'text': '하락 추세', 'cls': 'negative'}, {'text': '🚨 강력한 하방 압력(공매도 급증 +15.4%)', 'cls': 'negative'}, {'text': '📈 EPS 반등/턴어라운드', 'cls': 'positive'}]","{'mfc': 31, 'wyckoff': 10, 'stochastic': 9.166576104487554, 'obv': 25, 'bollinger': 100, 'momentum_quality': 0, 'regime_score': 50, 'rr_score': 100, 'base_tech': np.float64(24.7)}","{'base_tech_score': np.float64(24.7), 'insider_bonus': 0.0, 'deviation_penalty': 0.0, 'blowoff_penalty': 0.0, 'short_excessive_penalty': 25, 'weekly_penalty': 0.0, 'resistance_penalty': 0.0, 'rr_penalty': 0.0, 'cmf_confluence_val': -6, 'penny_penalty': 0.0, 'penny_non_acc_penalty': 0.0, 'scalping_bonus': 0.0, 'fund_penalty': -18.0, 'macd_reversal_bonus': 0.0, 'sector_rs_bonus': 0.0, 'confluence_bonus': 0.0, 'short_squeeze_bonus': 0.0, 'ai_momentum_bonus': 0.0}",N/A,,,,,-1.33,0.93,0.93,False,False
DNN,Denison Mines Corp,$3.22,3.2200000286102295,Energy,Uranium,2.88,1.3,59.9,0.00311,False,False,False,57.8,Markup,"{'trend': 55.0, 'momentum': 90.3, 'flow': 65.0, 'volatility': 33, 'structure': 80.0, 'momentum_quality': 85.6, 'insider': 50.0}",2.0,0.08447756826038144,0.0,Core Holding,매수 우위 (안정적 상승 추세 안착),True,상승,상단,골든크로스 진행,8.7,10.0,상승,-61807528.66728436,,-0.196,-0.58271,-20.60759,-95892000.0,"[{'text': '상승 추세', 'cls': 'positive'}, {'text': '⚠️ 주봉 역배열(하락추세)', 'cls': 'negative'}, {'text': '⚠️ 장기 매물대(저항선) 충돌 위험', 'cls': 'negative'}, {'text': 'Stoch 골든크로스', 'cls': 'positive'}, {'text': 'OBV 상승', 'cls': 'positive'}, {'text': '⚠️ 매출 감소(-20%)', 'cls': 'negative'}, {'text': '🔴 영업손실(-2061%)', 'cls': 'negative'}, {'text': '🔴 적자기업(PER<0)', 'cls': 'negative'}]","{'mfc': 60, 'wyckoff': 80, 'stochastic': 68.28742833577415, 'obv': 75, 'bollinger': 0, 'momentum_quality': 85.6, 'regime_score': 50, 'rr_score': 88.4, 'base_tech': np.float64(65.4)}","{'base_tech_score': np.float64(65.4), 'insider_bonus': 0.0, 'deviation_penalty': 0.0, 'blowoff_penalty': 0.0, 'short_excessive_penalty': 0.0, 'weekly_penalty': 10, 'resistance_penalty': 15, 'rr_penalty': 0.0, 'cmf_confluence_val': 0.0, 'penny_penalty': 0.0, 'penny_non_acc_penalty': 0.0, 'scalping_bonus': 10.0, 'fund_penalty': 38.0, 'macd_reversal_bonus': 0.0, 'sector_rs_bonus': 0.0, 'confluence_bonus': 0.0, 'short_squeeze_bonus': 0.0, 'ai_momentum_bonus': 0.0}",N/A,,,,,2.88,0.82,0.82,False,False
HYMC,Hycroft Mining Holding Corporat,$26.54,26.540000915527344,Basic Materials,Gold,11.51,1.1,68.4,0.33216998,False,True,False,63.8,Markup,"{'trend': 68.0, 'momentum': 100, 'flow': 98.0, 'volatility': 3, 'structure': 80.0, 'momentum_quality': 98.2, 'insider': 50.0}",-6.5,19.724205844065388,0.22489999,Tactical Overweight,매수 우위 (강력 매수 - 다중지표 강세 컨플루언스 확인),True,상승,상단 돌파,골든크로스 진행,26.5,10.0,상승,-13404902.575143931,,,0.0,0.0,-26857250.0,"[{'text': '상승 추세', 'cls': 'positive'}, {'text': '⚠️ 이격도 과다', 'cls': 'negative'}, {'text': '🚨 강력한 하방 압력(공매도 급증 +19.7%)', 'cls': 'negative'}, {'text': '⚠️ 주봉 역배열(하락추세)', 'cls': 'negative'}, {'text': '🔥 Accumulation Confluence (CMF+ADL)', 'cls': 'positive'}, {'text': '🚀 숏스퀴즈 가능성', 'cls': 'positive'}, {'text': 'Stoch 골든크로스', 'cls': 'positive'}, {'text': 'OBV 상승', 'cls': 'positive'}, {'text': '🔴 적자기업(PER<0)', 'cls': 'negative'}, {'text': '🚨 공매도 비중 주의 (22.49%)', 'cls': 'negative'}]","{'mfc': 68, 'wyckoff': 80, 'stochastic': 51.53283921864766, 'obv': 75, 'bollinger': 0, 'momentum_quality': 98.2, 'regime_score': 50, 'rr_score': 100, 'base_tech': np.float64(68.3)}","{'base_tech_score': np.float64(68.3), 'insider_bonus': 0.0, 'deviation_penalty': 20, 'blowoff_penalty': 0.0, 'short_excessive_penalty': 25, 'weekly_penalty': 10, 'resistance_penalty': 0.0, 'rr_penalty': 0.0, 'cmf_confluence_val': 0.0, 'penny_penalty': 0.0, 'penny_non_acc_penalty': 0.0, 'scalping_bonus': 10.0, 'fund_penalty': 23.0, 'macd_reversal_bonus': 0.0, 'sector_rs_bonus': 0.0, 'confluence_bonus': 0.0, 'short_squeeze_bonus': 15.0, 'ai_momentum_bonus': 0.0}",N/A,,,,,11.51,1.06,1.06,False,False
XRAY,DENTSPLY SIRONA Inc.,$12.12,12.119999885559082,Healthcare,Medical Instruments & Supplies,-7.97,1.1,48.4,0.00635,False,False,False,43.5,Distribution,"{'trend': 73.0, 'momentum': 34.3, 'flow': 38.0, 'volatility': 48, 'structure': 30.0, 'momentum_quality': 19.9, 'insider': 50.0}",-8.0,21.075175359019358,0.1666,Underweight,매도 우위 (투매 경고 - 강한 하방 압력),False,하락,하단 이탈,혼합,-9.6,5.0,하락,-5089577.601096798,,-0.041,0.4952,0.09243,141624992.0,"[{'text': '분산 경고', 'cls': 'negative'}, {'text': '🚨 강력한 하방 압력(공매도 급증 +21.1%)', 'cls': 'negative'}, {'text': '🚨 공매도 비중 주의 (16.66%)', 'cls': 'negative'}]","{'mfc': 48, 'wyckoff': 30, 'stochastic': 0, 'obv': 25, 'bollinger': 100, 'momentum_quality': 19.9, 'regime_score': 50, 'rr_score': 100, 'base_tech': np.float64(36.3)}","{'base_tech_score': np.float64(36.3), 'insider_bonus': 0.0, 'deviation_penalty': 0.0, 'blowoff_penalty': 0.0, 'short_excessive_penalty': 25, 'weekly_penalty': 0.0, 'resistance_penalty': 0.0, 'rr_penalty': 0.0, 'cmf_confluence_val': 0.0, 'penny_penalty': 0.0, 'penny_non_acc_penalty': 0.0, 'scalping_bonus': 5.0, 'fund_penalty': 0.0, 'macd_reversal_bonus': 0.0, 'sector_rs_bonus': 0.0, 'confluence_bonus': 0.0, 'short_squeeze_bonus': 0.0, 'ai_momentum_bonus': 0.0}",N/A,,,,,-7.97,1.48,1.48,False,False
UA,"Under Armour, Inc.",$5.93,5.929999828338623,Consumer Cyclical,Apparel Manufacturing,-5.42,0.9,35.9,0.10476,False,False,False,37.1,Markdown,"{'trend': 40.0, 'momentum': 30.6, 'flow': 22.0, 'volatility': 48, 'structure': 15.0, 'momentum_quality': 0, 'insider': 50.0}",-3.0,13.541653501876771,0.0,Avoid / Sell-off,매도 우위 (전면 회피 - 다중지표 약세 컨플루언스 확인),False,하락,하단 이탈,데드크로스 진행,-12.2,5.0,하락,5848874.4943068065,,-0.032,0.47044,0.04772,146248624.0,"[{'text': '하락 추세', 'cls': 'negative'}, {'text': '🚨 강력한 하방 압력(공매도 급증 +13.5%)', 'cls': 'negative'}, {'text': '📊 VWAP 하회 매수↗', 'cls': 'positive'}]","{'mfc': 36, 'wyckoff': 10, 'stochastic': 37.7124212155279, 'obv': 25, 'bollinger': 100, 'momentum_quality': 0, 'regime_score': 50, 'rr_score': 100, 'base_tech': np.float64(29.9)}","{'base_tech_score': np.float64(29.9), 'insider_bonus': 0.0, 'deviation_penalty': 0.0, 'blowoff_penalty': 0.0, 'short_excessive_penalty': 25, 'weekly_penalty': 0.0, 'resistance_penalty': 0.0, 'rr_penalty': 0.0, 'cmf_confluence_val': 0.0, 'penny_penalty': 0.0, 'penny_non_acc_penalty': 0.0, 'scalping_bonus': 5.0, 'fund_penalty': 0.0, 'macd_reversal_bonus': 0.0, 'sector_rs_bonus': 0.0, 'confluence_bonus': 0.0, 'short_squeeze_bonus': 0.0, 'ai_momentum_bonus': 0.0}",N/A,,,,,-5.42,1.59,1.59,False,False
GTN,"Gray Media, Inc.",$5.37,5.369999885559082,Communication Services,Broadcasting,25.47,0.8,66.2,0.07138,False,False,False,77.9,Accumulation,"{'trend': 65.0, 'momentum': 85.2, 'flow': 100, 'volatility': 13, 'structure': 65.0, 'momentum_quality': 92.2, 'insider': 50.0}",7.0,-16.42292490118577,0.0,Aggressive Buy,매수 우위 (분할 매수 - 바닥 확인 후 모멘텀 턴어라운드),False,상승,상단 돌파,혼합,29.7,-2.0,상승,-8502292.897393513,,0.087,0.26048002,0.18594,155124992.0,"[{'text': '매집 구간', 'cls': 'positive'}, {'text': '⚠️ 이격도 과다', 'cls': 'negative'}, {'text': '🚨 상단 클라이맥스', 'cls': 'negative'}, {'text': 'OBV 상승', 'cls': 'positive'}, {'text': '🔴 적자기업(PER<0)', 'cls': 'negative'}, {'text': '🔥 숏커버 (-16.4%)', 'cls': 'positive'}]","{'mfc': 66, 'wyckoff': 100, 'stochastic': 48.35879359169624, 'obv': 75, 'bollinger': 0, 'momentum_quality': 92.2, 'regime_score': 50, 'rr_score': 60.2, 'base_tech': np.float64(69.8)}","{'base_tech_score': np.float64(69.8), 'insider_bonus': 0.0, 'deviation_penalty': 20, 'blowoff_penalty': 30, 'short_excessive_penalty': 0.0, 'weekly_penalty': 0.0, 'resistance_penalty': 0.0, 'rr_penalty': 0.0, 'cmf_confluence_val': 0.0, 'penny_penalty': 0.0, 'penny_non_acc_penalty': 0.0, 'scalping_bonus': -2.0, 'fund_penalty': 10.0, 'macd_reversal_bonus': 0.0, 'sector_rs_bonus': 0.0, 'confluence_bonus': 0.0, 'short_squeeze_bonus': 0.0, 'ai_momentum_bonus': 0.0}",N/A,,,,,25.47,2.92,2.92,False,False
PLNT,"Planet Fitness, Inc.",$50.01,50.0099983215332,Consumer Cyclical,Leisure,-2.34,0.4,38.1,0.00464,False,False,False,36.1,Markdown,"{'trend': 40.0, 'momentum': 28.3, 'flow': 23.0, 'volatility': 48, 'structure': 15.0, 'momentum_quality': 20.6, 'insider': 50.0}",-8.0,26.01251086781331,0.1507,Avoid / Sell-off,매도 우위 (전면 회피 - 다중지표 약세 컨플루언스 확인),False,하락,하단,혼합,-7.3,5.0,하락,12950733.441192837,0.156,0.045,0.58525,0.33653998,156152992.0,"[{'text': '하락 추세', 'cls': 'negative'}, {'text': '🚨 강력한 하방 압력(공매도 급증 +26.0%)', 'cls': 'negative'}, {'text': '🚨 공매도 비중 주의 (15.07%)', 'cls': 'negative'}]","{'mfc': 38, 'wyckoff': 10, 'stochastic': 0, 'obv': 25, 'bollinger': 100, 'momentum_quality': 20.6, 'regime_score': 50, 'rr_score': 93.1, 'base_tech': np.float64(29.2)}","{'base_tech_score': np.float64(29.2), 'insider_bonus': 0.0, 'deviation_penalty': 0.0, 'blowoff_penalty': 0.0, 'short_excessive_penalty': 25, 'weekly_penalty': 0.0, 'resistance_penalty': 0.0, 'rr_penalty': 0.0, 'cmf_confluence_val': 0.0, 'penny_penalty': 0.0, 'penny_non_acc_penalty': 0.0, 'scalping_bonus': 5.0, 'fund_penalty': -5.0, 'macd_reversal_bonus': 0.0, 'sector_rs_bonus': 0.0, 'confluence_bonus': 0.0, 'short_squeeze_bonus': 0.0, 'ai_momentum_bonus': 0.0}",N/A,,,,,-2.34,1.17,1.17,False,False
XE,"X-Energy, Inc.",$22.65,22.649999618530273,Industrials,Specialty Industrial Machinery,8.79,0.1,62.1,0.45163,False,False,False,67.9,Markup,"{'trend': 50.0, 'momentum': 100, 'flow': 79.0, 'volatility': 3, 'structure': 80.0, 'momentum_quality': 98.2, 'insider': 50.0}",-8.0,22.553232808518402,0.0664,Tactical Overweight,매수 우위 (강력 매수 - 다중지표 강세 컨플루언스 확인),True,상승,상단 돌파,혼합,36.8,10.0,상승,-22093749.078680716,,1.335,-0.69124,-1.65659,,"[{'text': '상승 추세', 'cls': 'positive'}, {'text': '⚠️ 이격도 과다', 'cls': 'negative'}, {'text': '🚨 강력한 하방 압력(공매도 급증 +22.6%)', 'cls': 'negative'}, {'text': 'Stoch 골든크로스', 'cls': 'positive'}, {'text': 'OBV 상승', 'cls': 'positive'}, {'text': '🚀 매출 고성장', 'cls': 'positive'}, {'text': '🔴 영업손실(-166%)', 'cls': 'negative'}, {'text': '🔴 적자기업(PER<0)', 'cls': 'negative'}]","{'mfc': 62, 'wyckoff': 80, 'stochastic': 54.560380858371644, 'obv': 75, 'bollinger': 0, 'momentum_quality': 98.2, 'regime_score': 50, 'rr_score': 100, 'base_tech': np.float64(66.4)}","{'base_tech_score': np.float64(66.4), 'insider_bonus': 0.0, 'deviation_penalty': 20, 'blowoff_penalty': 0.0, 'short_excessive_penalty': 25, 'weekly_penalty': 0.0, 'resistance_penalty': 0.0, 'rr_penalty': 0.0, 'cmf_confluence_val': 0.0, 'penny_penalty': 0.0, 'penny_non_acc_penalty': 0.0, 'scalping_bonus': 10.0, 'fund_penalty': 10.0, 'macd_reversal_bonus': 0.0, 'sector_rs_bonus': 0.0, 'confluence_bonus': 0.0, 'short_squeeze_bonus': 0.0, 'ai_momentum_bonus': 0.0}",N/A,,,,,8.79,1.17,1.17,False,False
RIOT,"Riot Platforms, Inc.",$20.52,20.520000457763672,Financial Services,Capital Markets,-3.25,-0.6,40.2,0.06813,False,False,False,45.2,Markdown,"{'trend': 60.0, 'momentum': 60.3, 'flow': 13.0, 'volatility': 43, 'structure': 15.0, 'momentum_quality': 6.8, 'insider': 50.0}",-1.5,-3.892049450740819,0.1532,Tactical Hold,매도 우위 (비중 축소 - 지지선 단기 이탈 및 추세 악화),False,하락,하단,골든크로스 진행,-2.0,5.0,하락,76329414.85814467,,0.036,0.32346,-2.80494,-445848640.0,"[{'text': '하락 추세', 'cls': 'negative'}, {'text': '🔴 영업손실(-280%)', 'cls': 'negative'}, {'text': '🔴 적자기업(PER<0)', 'cls': 'negative'}, {'text': '🚨 공매도 비중 주의 (15.32%)', 'cls': 'negative'}]","{'mfc': 40, 'wyckoff': 10, 'stochastic': 37.093221210946865, 'obv': 25, 'bollinger': 100, 'momentum_quality': 6.8, 'regime_score': 50, 'rr_score': 100, 'base_tech': np.float64(32.3)}","{'base_tech_score': np.float64(32.3), 'insider_bonus': 0.0, 'deviation_penalty': 0.0, 'blowoff_penalty': 0.0, 'short_excessive_penalty': 0.0, 'weekly_penalty': 0.0, 'resistance_penalty': 0.0, 'rr_penalty': 0.0, 'cmf_confluence_val': 0.0, 'penny_penalty': 0.0, 'penny_non_acc_penalty': 0.0, 'scalping_bonus': 5.0, 'fund_penalty': 30.0, 'macd_reversal_bonus': 0.0, 'sector_rs_bonus': 0.0, 'confluence_bonus': 0.0, 'short_squeeze_bonus': 0.0, 'ai_momentum_bonus': 0.0}",N/A,,,,,-3.25,0.73,0.73,False,False
SPCE,"Virgin Galactic Holdings, Inc.",$3.10,3.0999999046325684,Industrials,Aerospace & Defense,5.8,-0.9,65.6,0.00442,False,True,False,58.2,Markup,"{'trend': 68.0, 'momentum': 100, 'flow': 78.0, 'volatility': 23, 'structure': 80.0, 'momentum_quality': 84.0, 'insider': 50.0}",-8.0,11.498854101714274,0.3121,Tactical Overweight,매수 우위 (강력 매수 - 다중지표 강세 컨플루언스 확인),True,상승,상단 돌파,골든크로스 진행,16.5,10.0,상승,-142305094.07219774,,-0.508,0.0,-288.95154,-313179616.0,"[{'text': '상승 추세', 'cls': 'positive'}, {'text': '🚨 강력한 하방 압력(공매도 급증 +11.5%)', 'cls': 'negative'}, {'text': '📊 VWAP 상회 주의', 'cls': 'neutral'}, {'text': '🚀 숏스퀴즈 가능성', 'cls': 'positive'}, {'text': 'Stoch 골든크로스', 'cls': 'positive'}, {'text': 'OBV 상승', 'cls': 'positive'}, {'text': '🚨 매출 강하락(-51%)', 'cls': 'negative'}, {'text': '🔴 영업손실(-28895%)', 'cls': 'negative'}, {'text': '🔴 적자기업(PER<0)', 'cls': 'negative'}, {'text': '🚨 공매도 비중 주의 (31.21%)', 'cls': 'negative'}]","{'mfc': 66, 'wyckoff': 80, 'stochastic': 51.06435528414622, 'obv': 75, 'bollinger': 0, 'momentum_quality': 84.0, 'regime_score': 50, 'rr_score': 100, 'base_tech': np.float64(65.1)}","{'base_tech_score': np.float64(65.1), 'insider_bonus': 0.0, 'deviation_penalty': 0.0, 'blowoff_penalty': 0.0, 'short_excessive_penalty': 25, 'weekly_penalty': 0.0, 'resistance_penalty': 0.0, 'rr_penalty': 0.0, 'cmf_confluence_val': 0.0, 'penny_penalty': 0.0, 'penny_non_acc_penalty': 0.0, 'scalping_bonus': 10.0, 'fund_penalty': 45.0, 'macd_reversal_bonus': 0.0, 'sector_rs_bonus': 0.0, 'confluence_bonus': 0.0, 'short_squeeze_bonus': 15.0, 'ai_momentum_bonus': 0.0}",N/A,,,,,5.8,0.3,0.3,False,False
JBLU,JetBlue Airways Corporation,$6.07,6.070000171661377,Industrials,Airlines,-1.94,-0.9,67.0,0.105500005,False,False,False,55.9,Markup,"{'trend': 100, 'momentum': 79.5, 'flow': 40.0, 'volatility': 53, 'structure': 80.0, 'momentum_quality': 92.2, 'insider': 50.0}",-8.0,13.090637366758484,0.2628,Tactical Overweight,매수 우위 (강력 매수 - 다중지표 강세 컨플루언스 확인),False,상승,상단,정배열,6.2,0.0,하락,-299166006.04294366,,0.145,0.20225,-0.05228,-921249984.0,"[{'text': '상승 추세', 'cls': 'positive'}, {'text': '🚨 강력한 하방 압력(공매도 급증 +13.1%)', 'cls': 'negative'}, {'text': 'OBV 상승', 'cls': 'positive'}, {'text': '🔴 적자기업(PER<0)', 'cls': 'negative'}, {'text': '🚨 공매도 비중 주의 (26.28%)', 'cls': 'negative'}]","{'mfc': 67, 'wyckoff': 80, 'stochastic': 36.68006211902188, 'obv': 75, 'bollinger': 0, 'momentum_quality': 92.2, 'regime_score': 50, 'rr_score': 74.3, 'base_tech': np.float64(65.1)}","{'base_tech_score': np.float64(65.1), 'insider_bonus': 0.0, 'deviation_penalty': 0.0, 'blowoff_penalty': 0.0, 'short_excessive_penalty': 25, 'weekly_penalty': 0.0, 'resistance_penalty': 0.0, 'rr_penalty': 0.0, 'cmf_confluence_val': 0.0, 'penny_penalty': 0.0, 'penny_non_acc_penalty': 0.0, 'scalping_bonus': 0.0, 'fund_penalty': 20.0, 'macd_reversal_bonus': 0.0, 'sector_rs_bonus': 0.0, 'confluence_bonus': 0.0, 'short_squeeze_bonus': 0.0, 'ai_momentum_bonus': 0.0}",N/A,,,,,-1.94,0.74,0.74,False,False
FRVO,Fervo Energy Company,$25.85,25.850000381469727,Utilities,Utilities - Renewable,12.39,-1.3,42.1,0.21995,False,False,False,51.5,Accumulation,"{'trend': 5, 'momentum': 62.9, 'flow': 61.0, 'volatility': 23, 'structure': 65.0, 'momentum_quality': 41.7, 'insider': 50.0}",-6.0,67.78782311287365,0.0,Tactical Hold,"중립 대기 (방향성 탐색 중, 뚜렷한 주도력 부재)",True,상승,상단,역배열,8.4,10.0,상승,-42149569.729691155,,,-2.10553,-328.7213,,"[{'text': '매집 구간', 'cls': 'positive'}, {'text': '🚨 강력한 하방 압력(공매도 급증 +67.8%)', 'cls': 'negative'}, {'text': '📊 VWAP 상회 주의', 'cls': 'neutral'}, {'text': 'Stoch 골든크로스', 'cls': 'positive'}, {'text': 'OBV 상승', 'cls': 'positive'}, {'text': '🔴 영업손실(-32872%)', 'cls': 'negative'}, {'text': '🔴 적자기업(PER<0)', 'cls': 'negative'}]","{'mfc': 42, 'wyckoff': 100, 'stochastic': 66.17294134329576, 'obv': 75, 'bollinger': 0, 'momentum_quality': 41.7, 'regime_score': 50, 'rr_score': 100, 'base_tech': np.float64(55.9)}","{'base_tech_score': np.float64(55.9), 'insider_bonus': 0.0, 'deviation_penalty': 0.0, 'blowoff_penalty': 0.0, 'short_excessive_penalty': 25, 'weekly_penalty': 0.0, 'resistance_penalty': 0.0, 'rr_penalty': 0.0, 'cmf_confluence_val': 0.0, 'penny_penalty': 0.0, 'penny_non_acc_penalty': 0.0, 'scalping_bonus': 10.0, 'fund_penalty': 25.0, 'macd_reversal_bonus': 0.0, 'sector_rs_bonus': 0.0, 'confluence_bonus': 0.0, 'short_squeeze_bonus': 0.0, 'ai_momentum_bonus': 0.0}",N/A,,,,,12.39,0.64,0.64,False,False
TBLA,Taboola.com Ltd.,$4.10,4.099999904632568,Communication Services,Internet Content & Information,1.49,-1.9,39.9,0.19553,False,False,False,34.9,Distribution,"{'trend': 25.0, 'momentum': 25.7, 'flow': 63.0, 'volatility': 23, 'structure': 35.0, 'momentum_quality': 0, 'insider': 50.0}",-8.0,136.27964243431435,0.056399997,Underweight,매도 우위 (투매 경고 - 강한 하방 압력),False,상승,하단,데드크로스 진행,-17.9,0.0,상승,31000122.256472394,,0.024,0.29754,0.02774,116133248.0,"[{'text': '분산 경고', 'cls': 'negative'}, {'text': '🚨 강력한 하방 압력(공매도 급증 +136.3%)', 'cls': 'negative'}, {'text': 'OBV 상승', 'cls': 'positive'}, {'text': 'RSI 상승 다이버전스', 'cls': 'positive'}]","{'mfc': 40, 'wyckoff': 30, 'stochastic': 20.544453970102865, 'obv': 75, 'bollinger': 100, 'momentum_quality': 0, 'regime_score': 50, 'rr_score': 100, 'base_tech': np.float64(38.8)}","{'base_tech_score': np.float64(38.8), 'insider_bonus': 0.0, 'deviation_penalty': 0.0, 'blowoff_penalty': 0.0, 'short_excessive_penalty': 25, 'weekly_penalty': 0.0, 'resistance_penalty': 0.0, 'rr_penalty': 0.0, 'cmf_confluence_val': 0.0, 'penny_penalty': 0.0, 'penny_non_acc_penalty': 0.0, 'scalping_bonus': 0.0, 'fund_penalty': 0.0, 'macd_reversal_bonus': 0.0, 'sector_rs_bonus': 0.0, 'confluence_bonus': 0.0, 'short_squeeze_bonus': 0.0, 'ai_momentum_bonus': 0.0}",N/A,,,,,1.49,0.99,0.99,False,False
IFRX,InflaRx N.V.,$1.84,1.840000033378601,Healthcare,Biotechnology,6.98,-2.4,51.8,0.0295,False,False,False,50.3,Accumulation,"{'trend': 40.0, 'momentum': 79.0, 'flow': 47.0, 'volatility': 43, 'structure': 65.0, 'momentum_quality': 63.1, 'insider': 50.0}",-8.0,27.721098662998894,0.0657,Aggressive Buy,매수 우위 (분할 매수 - 바닥 확인 후 모멘텀 턴어라운드),True,상승,상단,혼합,2.0,10.0,하락,-15579364.683971973,,,0.0,-1447.6981,-15887300.0,"[{'text': '매집 구간', 'cls': 'positive'}, {'text': '🚨 강력한 하방 압력(공매도 급증 +27.7%)', 'cls': 'negative'}, {'text': 'Stoch 골든크로스', 'cls': 'positive'}, {'text': 'OBV 상승', 'cls': 'positive'}, {'text': '🔴 영업손실(-144770%)', 'cls': 'negative'}, {'text': '🔴 적자기업(PER<0)', 'cls': 'negative'}]","{'mfc': 52, 'wyckoff': 100, 'stochastic': 71.77087444760639, 'obv': 75, 'bollinger': 0, 'momentum_quality': 63.1, 'regime_score': 50, 'rr_score': 100, 'base_tech': np.float64(63.2)}","{'base_tech_score': np.float64(63.2), 'insider_bonus': 0.0, 'deviation_penalty': 0.0, 'blowoff_penalty': 0.0, 'short_excessive_penalty': 25, 'weekly_penalty': 0.0, 'resistance_penalty': 0.0, 'rr_penalty': 0.0, 'cmf_confluence_val': 0.0, 'penny_penalty': 0.0, 'penny_non_acc_penalty': 0.0, 'scalping_bonus': 10.0, 'fund_penalty': 30.0, 'macd_reversal_bonus': 0.0, 'sector_rs_bonus': 0.0, 'confluence_bonus': 0.0, 'short_squeeze_bonus': 0.0, 'ai_momentum_bonus': 0.0}",N/A,,,,,6.98,0.91,0.91,False,False
POST,"Post Holdings, Inc.",$78.69,78.69000244140625,Consumer Defensive,Packaged Foods,-12.79,-2.8,27.6,0.15863,False,False,False,31.4,Markdown,"{'trend': 5, 'momentum': 25.4, 'flow': 0, 'volatility': 48, 'structure': 40.0, 'momentum_quality': 0, 'insider': 50.0}",0.5,-9.266546162402669,0.1595,Avoid / Sell-off,매도 우위 (전면 회피 - 다중지표 약세 컨플루언스 확인),False,하락,하단 이탈,역배열,-11.9,13.0,하락,-14303395.369298993,-0.417,-0.018,0.2882,0.102819994,394649984.0,"[{'text': '하락 추세', 'cls': 'negative'}, {'text': '⚠️ 주봉 역배열(하락추세)', 'cls': 'negative'}, {'text': '⚠️ MACD 하향', 'cls': 'negative'}, {'text': '📊 VWAP 하회 매수↗', 'cls': 'positive'}, {'text': '거래량 폭발', 'cls': 'neutral'}, {'text': '⚠️ EPS 감소(-42%)', 'cls': 'negative'}, {'text': '🚨 공매도 비중 주의 (15.95%)', 'cls': 'negative'}]","{'mfc': 28, 'wyckoff': 10, 'stochastic': 28.158339955482383, 'obv': 25, 'bollinger': 100, 'momentum_quality': 0, 'regime_score': 50, 'rr_score': 100, 'base_tech': np.float64(25.8)}","{'base_tech_score': np.float64(25.8), 'insider_bonus': 0.0, 'deviation_penalty': 0.0, 'blowoff_penalty': 0.0, 'short_excessive_penalty': 0.0, 'weekly_penalty': 10, 'resistance_penalty': 0.0, 'rr_penalty': 0.0, 'cmf_confluence_val': -6, 'penny_penalty': 0.0, 'penny_non_acc_penalty': 0.0, 'scalping_bonus': 13.0, 'fund_penalty': 18.0, 'macd_reversal_bonus': -3.0, 'sector_rs_bonus': 0.0, 'confluence_bonus': 0.0, 'short_squeeze_bonus': 0.0, 'ai_momentum_bonus': 0.0}",N/A,,,,,-12.79,3.87,3.87,False,False
ROAD,"Construction Partners, Inc.",$119.74,119.73999786376953,Industrials,Engineering & Construction,19.55,-3.2,54.1,0.01351,False,False,False,63.4,Accumulation,"{'trend': 76.0, 'momentum': 57.7, 'flow': 11.0, 'volatility': 33, 'structure': 75.0, 'momentum_quality': 92.2, 'insider': 50.0}",-5.0,13.821980181107374,0.055999998,Aggressive Buy,매수 우위 (분할 매수 - 바닥 확인 후 모멘텀 턴어라운드),False,하락,상단 돌파,골든크로스 진행,15.2,-10.0,하락,-9991154.409707326,0.352,0.282,0.15759,0.10667,52442000.0,"[{'text': '매집 구간', 'cls': 'positive'}, {'text': '🚨 강력한 하방 압력(공매도 급증 +13.8%)', 'cls': 'negative'}, {'text': '⚠️ 주봉 역배열(하락추세)', 'cls': 'negative'}, {'text': '⚠️ 장기 매물대(저항선) 충돌 위험', 'cls': 'negative'}, {'text': '🚀 매출 고성장', 'cls': 'positive'}]","{'mfc': 54, 'wyckoff': 100, 'stochastic': 39.91391109194808, 'obv': 25, 'bollinger': 0, 'momentum_quality': 92.2, 'regime_score': 50, 'rr_score': 70.5, 'base_tech': np.float64(58.6)}","{'base_tech_score': np.float64(58.6), 'insider_bonus': 0.0, 'deviation_penalty': 0.0, 'blowoff_penalty': 0.0, 'short_excessive_penalty': 25, 'weekly_penalty': 10, 'resistance_penalty': 15, 'rr_penalty': 0.0, 'cmf_confluence_val': 0.0, 'penny_penalty': 0.0, 'penny_non_acc_penalty': 0.0, 'scalping_bonus': -10.0, 'fund_penalty': -15.0, 'macd_reversal_bonus': 0.0, 'sector_rs_bonus': 0.0, 'confluence_bonus': 0.0, 'short_squeeze_bonus': 0.0, 'ai_momentum_bonus': 0.0}",N/A,,,,,19.55,2.19,2.19,False,False
UAA,"Under Armour, Inc.",$6.11,6.110000133514404,Consumer Cyclical,Apparel Manufacturing,-4.53,-3.7,36.7,0.00287,False,False,False,37.6,Markdown,"{'trend': 40.0, 'momentum': 31.6, 'flow': 25.0, 'volatility': 53, 'structure': 15.0, 'momentum_quality': 0, 'insider': 50.0}",-8.0,14.088449033106196,0.3759,Avoid / Sell-off,매도 우위 (전면 회피 - 다중지표 약세 컨플루언스 확인),False,하락,하단 이탈,데드크로스 진행,-11.6,5.0,하락,1531176.2728696503,,-0.032,0.47044,0.04772,146248624.0,"[{'text': '하락 추세', 'cls': 'negative'}, {'text': '🚨 강력한 하방 압력(공매도 급증 +14.1%)', 'cls': 'negative'}, {'text': '📊 VWAP 하회 매수↗', 'cls': 'positive'}, {'text': '🚨 공매도 비중 주의 (37.59%)', 'cls': 'negative'}]","{'mfc': 37, 'wyckoff': 10, 'stochastic': 39.77916294107486, 'obv': 25, 'bollinger': 100, 'momentum_quality': 0, 'regime_score': 50, 'rr_score': 100, 'base_tech': np.float64(30.4)}","{'base_tech_score': np.float64(30.4), 'insider_bonus': 0.0, 'deviation_penalty': 0.0, 'blowoff_penalty': 0.0, 'short_excessive_penalty': 25, 'weekly_penalty': 0.0, 'resistance_penalty': 0.0, 'rr_penalty': 0.0, 'cmf_confluence_val': 0.0, 'penny_penalty': 0.0, 'penny_non_acc_penalty': 0.0, 'scalping_bonus': 5.0, 'fund_penalty': 0.0, 'macd_reversal_bonus': 0.0, 'sector_rs_bonus': 0.0, 'confluence_bonus': 0.0, 'short_squeeze_bonus': 0.0, 'ai_momentum_bonus': 0.0}",N/A,,,,,-4.53,1.71,1.71,False,False
HST,"Host Hotels & Resorts, Inc.",$23.29,23.290000915527344,Real Estate,REIT - Hotel & Motel,-0.38,-4.3,50.3,0.01487,False,False,False,39.8,Markdown,"{'trend': 100, 'momentum': 33.0, 'flow': 19.0, 'volatility': 78, 'structure': 15.0, 'momentum_quality': 11.2, 'insider': 50.0}",-5.0,18.975832322639647,0.081599995,Tactical Hold,매도 우위 (비중 축소 - 지지선 단기 이탈 및 추세 악화),False,하락,하단,정배열,-4.4,0.0,하락,23238340.799019314,0.072,0.036,0.29195,0.18215,1692375040.0,"[{'text': '하락 추세', 'cls': 'negative'}, {'text': '🚨 강력한 하방 압력(공매도 급증 +19.0%)', 'cls': 'negative'}]","{'mfc': 50, 'wyckoff': 10, 'stochastic': 0, 'obv': 25, 'bollinger': 100, 'momentum_quality': 11.2, 'regime_score': 50, 'rr_score': 100, 'base_tech': np.float64(32.1)}","{'base_tech_score': np.float64(32.1), 'insider_bonus': 0.0, 'deviation_penalty': 0.0, 'blowoff_penalty': 0.0, 'short_excessive_penalty': 25, 'weekly_penalty': 0.0, 'resistance_penalty': 0.0, 'rr_penalty': 0.0, 'cmf_confluence_val': 0.0, 'penny_penalty': 0.0, 'penny_non_acc_penalty': 0.0, 'scalping_bonus': 0.0, 'fund_penalty': 0.0, 'macd_reversal_bonus': 0.0, 'sector_rs_bonus': 0.0, 'confluence_bonus': 0.0, 'short_squeeze_bonus': 0.0, 'ai_momentum_bonus': 0.0}",N/A,,,,,-0.38,1.1,1.1,False,False
LASR,"nLIGHT, Inc.",$56.15,56.154998779296875,Technology,Semiconductors,-25.56,-4.4,32.2,0.02921,False,False,False,39.2,Markdown,"{'trend': 60.0, 'momentum': 26.9, 'flow': 0, 'volatility': 18, 'structure': 15.0, 'momentum_quality': 0, 'insider': 50.0}",-5.0,14.933959087112164,0.052199997,Avoid / Sell-off,매도 우위 (전면 회피 - 다중지표 약세 컨플루언스 확인),False,하락,하단 이탈,골든크로스 진행,-18.7,13.0,하락,8275911.58675545,,0.338,0.31524,-0.04319,42769124.0,"[{'text': '하락 추세', 'cls': 'negative'}, {'text': '🚨 강력한 하방 압력(공매도 급증 +14.9%)', 'cls': 'negative'}, {'text': '⚠️ MACD 하향', 'cls': 'negative'}, {'text': '📊 VWAP 하회 매수↗', 'cls': 'positive'}, {'text': '거래량 폭발', 'cls': 'neutral'}, {'text': '🚀 매출 고성장', 'cls': 'positive'}]","{'mfc': 32, 'wyckoff': 10, 'stochastic': 3.6215684894308566, 'obv': 25, 'bollinger': 100, 'momentum_quality': 0, 'regime_score': 50, 'rr_score': 97.2, 'base_tech': np.float64(24.5)}","{'base_tech_score': np.float64(24.5), 'insider_bonus': 0.0, 'deviation_penalty': 0.0, 'blowoff_penalty': 0.0, 'short_excessive_penalty': 25, 'weekly_penalty': 0.0, 'resistance_penalty': 0.0, 'rr_penalty': 0.0, 'cmf_confluence_val': -6, 'penny_penalty': 0.0, 'penny_non_acc_penalty': 0.0, 'scalping_bonus': 13.0, 'fund_penalty': -2.0, 'macd_reversal_bonus': -3.0, 'sector_rs_bonus': 0.0, 'confluence_bonus': 0.0, 'short_squeeze_bonus': 0.0, 'ai_momentum_bonus': 0.0}",N/A,,,,,-25.56,4.29,4.29,False,False
DOW,Dow Inc.,$29.34,29.34000015258789,Basic Materials,Chemicals,-3.17,-5.1,32.5,0.00208,False,False,False,45.0,Markdown,"{'trend': 5, 'momentum': 60.7, 'flow': 0, 'volatility': 73, 'structure': 15.0, 'momentum_quality': 30.4, 'insider': 50.0}",-5.0,10.326569407119818,0.0529,Avoid / Sell-off,매도 우위 (전면 회피 - 다중지표 약세 컨플루언스 확인),False,하락,하단,역배열,-2.3,5.0,하락,-51127945.382839054,,0.197,0.09787,0.11594,237624992.0,"[{'text': '하락 추세', 'cls': 'negative'}, {'text': '🚨 강력한 하방 압력(공매도 급증 +10.3%)', 'cls': 'negative'}, {'text': '⚠️ 주봉 역배열(하락추세)', 'cls': 'negative'}]","{'mfc': 32, 'wyckoff': 10, 'stochastic': 40.30864385910977, 'obv': 25, 'bollinger': 100, 'momentum_quality': 30.4, 'regime_score': 50, 'rr_score': 100, 'base_tech': np.float64(33.6)}","{'base_tech_score': np.float64(33.6), 'insider_bonus': 0.0, 'deviation_penalty': 0.0, 'blowoff_penalty': 0.0, 'short_excessive_penalty': 25, 'weekly_penalty': 10, 'resistance_penalty': 0.0, 'rr_penalty': 0.0, 'cmf_confluence_val': 0.0, 'penny_penalty': 0.0, 'penny_non_acc_penalty': 0.0, 'scalping_bonus': 5.0, 'fund_penalty': -3.0, 'macd_reversal_bonus': 0.0, 'sector_rs_bonus': 0.0, 'confluence_bonus': 0.0, 'short_squeeze_bonus': 0.0, 'ai_momentum_bonus': 0.0}",N/A,,,,,-3.17,0.79,0.79,False,False
JELD,"JELD-WEN Holding, Inc.",$1.89,1.8899999856948853,Industrials,Building Products & Equipment,6.78,-6.0,71.7,0.03373,False,False,False,72.7,Markup,"{'trend': 98.0, 'momentum': 90.2, 'flow': 91.0, 'volatility': 3, 'structure': 80.0, 'momentum_quality': 100, 'insider': 50.0}",-3.5,9.329178446142086,0.1538,Core Holding,매수 우위 (안정적 상승 추세 안착),False,상승,상단 돌파,골든크로스 진행,41.3,10.0,상승,-33468201.41543181,,-0.007,0.15333,-0.0018099999,-80187872.0,"[{'text': '상승 추세', 'cls': 'positive'}, {'text': '⚠️ 이격도 과다', 'cls': 'negative'}, {'text': '🚨 강력한 하방 압력(공매도 급증 +9.3%)', 'cls': 'negative'}, {'text': 'OBV 상승', 'cls': 'positive'}, {'text': '🔴 적자기업(PER<0)', 'cls': 'negative'}, {'text': '🚨 공매도 비중 주의 (15.38%)', 'cls': 'negative'}]","{'mfc': 72, 'wyckoff': 80, 'stochastic': 49.042208020770595, 'obv': 75, 'bollinger': 0, 'momentum_quality': 100, 'regime_score': 50, 'rr_score': 90.3, 'base_tech': np.float64(69.4)}","{'base_tech_score': np.float64(69.4), 'insider_bonus': 0.0, 'deviation_penalty': 20, 'blowoff_penalty': 0.0, 'short_excessive_penalty': 25, 'weekly_penalty': 0.0, 'resistance_penalty': 0.0, 'rr_penalty': 0.0, 'cmf_confluence_val': 0.0, 'penny_penalty': 0.0, 'penny_non_acc_penalty': 0.0, 'scalping_bonus': 10.0, 'fund_penalty': 23.0, 'macd_reversal_bonus': 0.0, 'sector_rs_bonus': 0.0, 'confluence_bonus': 0.0, 'short_squeeze_bonus': 0.0, 'ai_momentum_bonus': 0.0}",N/A,,,,,6.78,0.96,0.96,False,False
TNGX,"Tango Therapeutics, Inc.",$27.07,27.06999969482422,Healthcare,Biotechnology,-6.66,-7.0,61.6,0.011729999,False,False,False,46.2,Accumulation,"{'trend': 100, 'momentum': 60.5, 'flow': 58.0, 'volatility': 43, 'structure': 75.0, 'momentum_quality': 22.3, 'insider': 50.0}",-8.0,25.498770067465255,0.26540002,Aggressive Buy,매수 우위 (분할 매수 - 바닥 확인 후 모멘텀 턴어라운드),False,상승,하단,정배열,-3.1,5.0,하락,35853239.34534856,,,-1.26798,-2.06218,-68235000.0,"[{'text': '매집 구간', 'cls': 'positive'}, {'text': '🚨 강력한 하방 압력(공매도 급증 +25.5%)', 'cls': 'negative'}, {'text': 'OBV 상승', 'cls': 'positive'}, {'text': '🔴 영업손실(-206%)', 'cls': 'negative'}, {'text': '🔴 적자기업(PER<0)', 'cls': 'negative'}, {'text': '🚨 공매도 비중 주의 (26.54%)', 'cls': 'negative'}]","{'mfc': 62, 'wyckoff': 100, 'stochastic': 32.3285950461142, 'obv': 75, 'bollinger': 100, 'momentum_quality': 22.3, 'regime_score': 50, 'rr_score': 100, 'base_tech': np.float64(63.8)}","{'base_tech_score': np.float64(63.8), 'insider_bonus': 0.0, 'deviation_penalty': 0.0, 'blowoff_penalty': 0.0, 'short_excessive_penalty': 25, 'weekly_penalty': 0.0, 'resistance_penalty': 0.0, 'rr_penalty': 0.0, 'cmf_confluence_val': 0.0, 'penny_penalty': 0.0, 'penny_non_acc_penalty': 0.0, 'scalping_bonus': 5.0, 'fund_penalty': 30.0, 'macd_reversal_bonus': 0.0, 'sector_rs_bonus': 0.0, 'confluence_bonus': 0.0, 'short_squeeze_bonus': 0.0, 'ai_momentum_bonus': 0.0}",N/A,,,,,-6.66,0.82,0.82,False,False
RIG,Transocean Ltd (Switzerland),$5.26,5.260000228881836,Energy,Oil & Gas Drilling,1.94,-9.4,41.1,0.09252,False,False,False,50.3,Distribution,"{'trend': 5, 'momentum': 66.7, 'flow': 40.0, 'volatility': 73, 'structure': 20.0, 'momentum_quality': 37.1, 'insider': 50.0}",-6.5,10.691833083616345,0.2409,Underweight,매도 우위 (투매 경고 - 강한 하방 압력),False,상승,상단,역배열,1.2,0.0,하락,328908255.26284176,,-0.022,0.41646,0.17391,872625024.0,"[{'text': '분산 경고', 'cls': 'negative'}, {'text': '🚨 강력한 하방 압력(공매도 급증 +10.7%)', 'cls': 'negative'}, {'text': '⚠️ 주봉 역배열(하락추세)', 'cls': 'negative'}, {'text': 'OBV 상승', 'cls': 'positive'}, {'text': '🚨 공매도 비중 주의 (24.09%)', 'cls': 'negative'}]","{'mfc': 41, 'wyckoff': 30, 'stochastic': 48.4905772924231, 'obv': 75, 'bollinger': 0, 'momentum_quality': 37.1, 'regime_score': 50, 'rr_score': 100, 'base_tech': np.float64(40.2)}","{'base_tech_score': np.float64(40.2), 'insider_bonus': 0.0, 'deviation_penalty': 0.0, 'blowoff_penalty': 0.0, 'short_excessive_penalty': 25, 'weekly_penalty': 10, 'resistance_penalty': 0.0, 'rr_penalty': 0.0, 'cmf_confluence_val': 0.0, 'penny_penalty': 0.0, 'penny_non_acc_penalty': 0.0, 'scalping_bonus': 0.0, 'fund_penalty': 0.0, 'macd_reversal_bonus': 0.0, 'sector_rs_bonus': 0.0, 'confluence_bonus': 0.0, 'short_squeeze_bonus': 0.0, 'ai_momentum_bonus': 0.0}",N/A,,,,,1.94,0.76,0.76,False,False
AEG,Aegon Ltd. New York Registry Sh,$9.53,9.529999732971191,Financial Services,Insurance - Diversified,0.74,-10.5,69.2,0.0,False,False,False,69.1,Markup,"{'trend': 100, 'momentum': 80.7, 'flow': 37.0, 'volatility': 63, 'structure': 80.0, 'momentum_quality': 85.8, 'insider': 45.0}",-6.0,32.92885988440559,0.0034,Tactical Overweight,매수 우위 (강력 매수 - 다중지표 강세 컨플루언스 확인),False,상승,상단,정배열,3.7,6.0,하락,-37070017.16862564,-0.469,-0.137,0.43976003,0.00271,-204500000.0,"[{'text': '상승 추세', 'cls': 'positive'}, {'text': '🚨 강력한 하방 압력(공매도 급증 +32.9%)', 'cls': 'negative'}, {'text': 'OBV 상승', 'cls': 'positive'}, {'text': '⚠️ EPS 감소(-47%)', 'cls': 'negative'}, {'text': '⚠️ 매출 감소(-14%)', 'cls': 'negative'}]","{'mfc': 69, 'wyckoff': 80, 'stochastic': 48.414026648134225, 'obv': 75, 'bollinger': 0, 'momentum_quality': 85.8, 'regime_score': 50, 'rr_score': 85.5, 'base_tech': np.float64(66.3)}","{'base_tech_score': np.float64(66.3), 'insider_bonus': 0.0, 'deviation_penalty': 0.0, 'blowoff_penalty': 0.0, 'short_excessive_penalty': 25, 'weekly_penalty': 0.0, 'resistance_penalty': 0.0, 'rr_penalty': 0.0, 'cmf_confluence_val': 0.0, 'penny_penalty': 0.0, 'penny_non_acc_penalty': 0.0, 'scalping_bonus': 6.0, 'fund_penalty': 37.5, 'macd_reversal_bonus': 0.0, 'sector_rs_bonus': 0.0, 'confluence_bonus': 0.0, 'short_squeeze_bonus': 0.0, 'ai_momentum_bonus': 0.0}",N/A,,,,,0.74,0.93,0.93,True,False
SPCX,Space Exploration Technologies ,$133.11,133.11000061035156,Industrials,Aerospace & Defense,15.83,-12.3,67.4,0.18178,False,False,False,52.7,Markup,"{'trend': 58.0, 'momentum': 100, 'flow': 100, 'volatility': 3, 'structure': 80.0, 'momentum_quality': 100, 'insider': 50.0}",-6.0,607.114432441258,0.026700001,Tactical Overweight,매수 우위 (강력 매수 - 다중지표 강세 컨플루언스 확인),True,상승,상단,혼합,10.2,-10.0,상승,92528313.46938998,,0.919,0.51875,-0.01804,,"[{'text': '상승 추세', 'cls': 'positive'}, {'text': '🚨 상단 클라이맥스', 'cls': 'negative'}, {'text': '🚨 강력한 하방 압력(공매도 급증 +607.1%)', 'cls': 'negative'}, {'text': 'Stoch 골든크로스', 'cls': 'positive'}, {'text': 'OBV 상승', 'cls': 'positive'}, {'text': '🚀 매출 고성장', 'cls': 'positive'}]","{'mfc': 67, 'wyckoff': 80, 'stochastic': 73.6339474798799, 'obv': 75, 'bollinger': 0, 'momentum_quality': 100, 'regime_score': 50, 'rr_score': 100, 'base_tech': np.float64(70.8)}","{'base_tech_score': np.float64(70.8), 'insider_bonus': 0.0, 'deviation_penalty': 0.0, 'blowoff_penalty': 30, 'short_excessive_penalty': 25, 'weekly_penalty': 0.0, 'resistance_penalty': 0.0, 'rr_penalty': 0.0, 'cmf_confluence_val': 0.0, 'penny_penalty': 0.0, 'penny_non_acc_penalty': 0.0, 'scalping_bonus': -10.0, 'fund_penalty': -2.0, 'macd_reversal_bonus': 0.0, 'sector_rs_bonus': 0.0, 'confluence_bonus': 0.0, 'short_squeeze_bonus': 0.0, 'ai_momentum_bonus': 0.0}",N/A,,,,,15.83,2.0,2.0,False,False
NRGV,"Energy Vault Holdings, Inc.",$3.49,3.490000009536743,Utilities,Utilities - Renewable,17.91,-12.9,64.7,0.15194,False,True,False,52.7,Markup,"{'trend': 60.0, 'momentum': 92.9, 'flow': 90.0, 'volatility': 23, 'structure': 80.0, 'momentum_quality': 80.9, 'insider': 50.0}",-8.0,36.161766024859496,0.2027,Core Holding,매수 우위 (안정적 상승 추세 안착),True,상승,상단,골든크로스 진행,13.2,-2.0,상승,-12090024.009945987,,1.564,0.22073,-1.10613,-66226248.0,"[{'text': '상승 추세', 'cls': 'positive'}, {'text': '🚨 상단 클라이맥스', 'cls': 'negative'}, {'text': '🚨 강력한 하방 압력(공매도 급증 +36.2%)', 'cls': 'negative'}, {'text': '🚀 숏스퀴즈 가능성', 'cls': 'positive'}, {'text': 'Stoch 골든크로스', 'cls': 'positive'}, {'text': 'OBV 상승', 'cls': 'positive'}, {'text': '🚀 매출 고성장', 'cls': 'positive'}, {'text': '🔴 영업손실(-111%)', 'cls': 'negative'}, {'text': '🔴 적자기업(PER<0)', 'cls': 'negative'}, {'text': '🚨 공매도 비중 주의 (20.27%)', 'cls': 'negative'}]","{'mfc': 65, 'wyckoff': 80, 'stochastic': 58.12472756465128, 'obv': 75, 'bollinger': 0, 'momentum_quality': 80.9, 'regime_score': 50, 'rr_score': 100, 'base_tech': np.float64(65.2)}","{'base_tech_score': np.float64(65.2), 'insider_bonus': 0.0, 'deviation_penalty': 0.0, 'blowoff_penalty': 30, 'short_excessive_penalty': 25, 'weekly_penalty': 0.0, 'resistance_penalty': 0.0, 'rr_penalty': 0.0, 'cmf_confluence_val': 0.0, 'penny_penalty': 0.0, 'penny_non_acc_penalty': 0.0, 'scalping_bonus': -2.0, 'fund_penalty': 15.0, 'macd_reversal_bonus': 0.0, 'sector_rs_bonus': 0.0, 'confluence_bonus': 0.0, 'short_squeeze_bonus': 15.0, 'ai_momentum_bonus': 0.0}",N/A,,,,,17.91,3.28,3.28,False,False
CNH,CNH Industrial N.V.,$10.91,10.90999984741211,Industrials,Farm & Heavy Construction Machinery,0.55,-13.2,57.9,0.29977,False,False,False,52.8,Accumulation,"{'trend': 65.0, 'momentum': 71.2, 'flow': 33.0, 'volatility': 73, 'structure': 65.0, 'momentum_quality': 66.5, 'insider': 50.0}",-5.0,12.921605593950716,0.0872,Aggressive Buy,매수 우위 (분할 매수 - 바닥 확인 후 모멘텀 턴어라운드),False,상승,상단,혼합,1.9,0.0,하락,-91150686.85403445,-0.352,0.02,0.17789,0.05538,566249984.0,"[{'text': '매집 구간', 'cls': 'positive'}, {'text': '🚨 강력한 하방 압력(공매도 급증 +12.9%)', 'cls': 'negative'}, {'text': '⚠️ 장기 매물대(저항선) 충돌 위험', 'cls': 'negative'}, {'text': 'OBV 상승', 'cls': 'positive'}, {'text': '⚠️ EPS 감소(-35%)', 'cls': 'negative'}]","{'mfc': 58, 'wyckoff': 100, 'stochastic': 41.71029072962932, 'obv': 75, 'bollinger': 0, 'momentum_quality': 66.5, 'regime_score': 50, 'rr_score': 74.6, 'base_tech': np.float64(62.2)}","{'base_tech_score': np.float64(62.2), 'insider_bonus': 0.0, 'deviation_penalty': 0.0, 'blowoff_penalty': 0.0, 'short_excessive_penalty': 25, 'weekly_penalty': 0.0, 'resistance_penalty': 15, 'rr_penalty': 0.0, 'cmf_confluence_val': -6, 'penny_penalty': 0.0, 'penny_non_acc_penalty': 0.0, 'scalping_bonus': 0.0, 'fund_penalty': 12.0, 'macd_reversal_bonus': 0.0, 'sector_rs_bonus': 0.0, 'confluence_bonus': 0.0, 'short_squeeze_bonus': 0.0, 'ai_momentum_bonus': 0.0}",N/A,,,,,0.55,0.72,0.72,False,False
ZTS,Zoetis Inc.,$72.66,72.66000366210938,Healthcare,Drug Manufacturers - Specialty & Generic,-5.97,-13.4,32.2,0.00155,False,False,False,40.5,Markdown,"{'trend': 5, 'momentum': 40.6, 'flow': 10.0, 'volatility': 78, 'structure': 15.0, 'momentum_quality': 17.4, 'insider': 50.0}",-5.0,16.650156357110518,0.0506,Avoid / Sell-off,매도 우위 (전면 회피 - 다중지표 약세 컨플루언스 확인),False,하락,하단 이탈,역배열,-4.0,5.0,하락,-83567202.11749917,-0.048,-0.002,0.71738,0.40721,2016999936.0,"[{'text': '하락 추세', 'cls': 'negative'}, {'text': '🚨 강력한 하방 압력(공매도 급증 +16.7%)', 'cls': 'negative'}, {'text': '⚠️ 주봉 역배열(하락추세)', 'cls': 'negative'}, {'text': '⚠️ MACD 하향', 'cls': 'negative'}, {'text': '📊 VWAP 하회 매수↗', 'cls': 'positive'}, {'text': 'Squeeze 대기', 'cls': 'neutral'}]","{'mfc': 32, 'wyckoff': 10, 'stochastic': 34.053809210708636, 'obv': 25, 'bollinger': 100, 'momentum_quality': 17.4, 'regime_score': 50, 'rr_score': 82.0, 'base_tech': np.float64(30.8)}","{'base_tech_score': np.float64(30.8), 'insider_bonus': 0.0, 'deviation_penalty': 0.0, 'blowoff_penalty': 0.0, 'short_excessive_penalty': 25, 'weekly_penalty': 10, 'resistance_penalty': 0.0, 'rr_penalty': 0.0, 'cmf_confluence_val': 0.0, 'penny_penalty': 0.0, 'penny_non_acc_penalty': 0.0, 'scalping_bonus': 5.0, 'fund_penalty': 0.0, 'macd_reversal_bonus': -3.0, 'sector_rs_bonus': 0.0, 'confluence_bonus': 0.0, 'short_squeeze_bonus': 0.0, 'ai_momentum_bonus': 0.0}",N/A,,,,,-5.97,1.56,1.56,False,False
CYTK,"Cytokinetics, Incorporated",$76.76,76.76000213623047,Healthcare,Biotechnology,-5.67,-13.5,49.6,0.0064999997,False,False,False,43.0,Accumulation,"{'trend': 38.0, 'momentum': 47.6, 'flow': 74.0, 'volatility': 73, 'structure': 65.0, 'momentum_quality': 24.9, 'insider': 50.0}",-6.5,15.47765252334731,0.1942,Tactical Hold,"중립 대기 (방향성 탐색 중, 뚜렷한 주도력 부재)",True,상승,하단,데드크로스 진행,-4.1,5.0,상승,5991362.093749862,,-0.571,0.0,-6.2595,-397408736.0,"[{'text': '매집 구간', 'cls': 'positive'}, {'text': '🚨 강력한 하방 압력(공매도 급증 +15.5%)', 'cls': 'negative'}, {'text': '📊 VWAP 하회 매수↗', 'cls': 'positive'}, {'text': '🎯 시그널 컨플루언스 (3)', 'cls': 'positive'}, {'text': 'Stoch 골든크로스', 'cls': 'positive'}, {'text': 'OBV 상승', 'cls': 'positive'}, {'text': '🚨 매출 강하락(-57%)', 'cls': 'negative'}, {'text': '🔴 영업손실(-626%)', 'cls': 'negative'}, {'text': '🔴 적자기업(PER<0)', 'cls': 'negative'}, {'text': '🚨 공매도 비중 주의 (19.42%)', 'cls': 'negative'}]","{'mfc': 50, 'wyckoff': 100, 'stochastic': 53.79072991836946, 'obv': 75, 'bollinger': 100, 'momentum_quality': 24.9, 'regime_score': 50, 'rr_score': 100, 'base_tech': np.float64(62.5)}","{'base_tech_score': np.float64(62.5), 'insider_bonus': 0.0, 'deviation_penalty': 0.0, 'blowoff_penalty': 0.0, 'short_excessive_penalty': 25, 'weekly_penalty': 0.0, 'resistance_penalty': 0.0, 'rr_penalty': 0.0, 'cmf_confluence_val': 0.0, 'penny_penalty': 0.0, 'penny_non_acc_penalty': 0.0, 'scalping_bonus': 5.0, 'fund_penalty': 45.0, 'macd_reversal_bonus': 0.0, 'sector_rs_bonus': 0.0, 'confluence_bonus': 8.0, 'short_squeeze_bonus': 0.0, 'ai_momentum_bonus': 0.0}",N/A,,,,,-5.67,1.68,1.68,False,False
WULF,TeraWulf Inc.,$17.08,17.079999923706055,Financial Services,Capital Markets,-3.06,-13.6,36.7,0.2292,False,False,False,39.7,Distribution,"{'trend': 48.0, 'momentum': 53.8, 'flow': 2.0, 'volatility': 43, 'structure': 45.0, 'momentum_quality': 7.5, 'insider': 50.0}",-1.5,-3.947404726485703,0.248,Underweight,매도 우위 (투매 경고 - 강한 하방 압력),False,하락,하단,혼합,-7.3,5.0,하락,-47401808.22631187,,-0.06,0.69262004,-3.0703602,-234116752.0,"[{'text': '분산 경고', 'cls': 'negative'}, {'text': 'RSI 상승 다이버전스', 'cls': 'positive'}, {'text': '⚠️ 매출 감소(-6%)', 'cls': 'negative'}, {'text': '🔴 영업손실(-307%)', 'cls': 'negative'}, {'text': '🔴 적자기업(PER<0)', 'cls': 'negative'}, {'text': '🚨 공매도 비중 주의 (24.80%)', 'cls': 'negative'}]","{'mfc': 37, 'wyckoff': 30, 'stochastic': 27.160503185788745, 'obv': 25, 'bollinger': 100, 'momentum_quality': 7.5, 'regime_score': 50, 'rr_score': 100, 'base_tech': np.float64(33.6)}","{'base_tech_score': np.float64(33.6), 'insider_bonus': 0.0, 'deviation_penalty': 0.0, 'blowoff_penalty': 0.0, 'short_excessive_penalty': 0.0, 'weekly_penalty': 0.0, 'resistance_penalty': 0.0, 'rr_penalty': 0.0, 'cmf_confluence_val': -6, 'penny_penalty': 0.0, 'penny_non_acc_penalty': 0.0, 'scalping_bonus': 5.0, 'fund_penalty': 38.0, 'macd_reversal_bonus': 0.0, 'sector_rs_bonus': 0.0, 'confluence_bonus': 0.0, 'short_squeeze_bonus': 0.0, 'ai_momentum_bonus': 0.0}",N/A,,,,,-3.04,1.3,1.3,False,False
AROC,"Archrock, Inc.",$33.08,33.08000183105469,Energy,Oil & Gas Equipment & Services,-0.81,-13.7,32.1,0.026770001,False,False,False,34.1,Markdown,"{'trend': 40.0, 'momentum': 28.7, 'flow': 0, 'volatility': 48, 'structure': 15.0, 'momentum_quality': 0, 'insider': 50.0}",-5.0,11.009953904936026,0.0594,Avoid / Sell-off,매도 우위 (전면 회피 - 다중지표 약세 컨플루언스 확인),False,하락,하단,혼합,-8.2,0.0,하락,3832598.262335449,0.052,-0.031,0.67337996,0.35931998,241304496.0,"[{'text': '하락 추세', 'cls': 'negative'}, {'text': '🚨 강력한 하방 압력(공매도 급증 +11.0%)', 'cls': 'negative'}]","{'mfc': 32, 'wyckoff': 10, 'stochastic': 31.89229387780178, 'obv': 25, 'bollinger': 100, 'momentum_quality': 0, 'regime_score': 50, 'rr_score': 100, 'base_tech': np.float64(27.9)}","{'base_tech_score': np.float64(27.9), 'insider_bonus': 0.0, 'deviation_penalty': 0.0, 'blowoff_penalty': 0.0, 'short_excessive_penalty': 25, 'weekly_penalty': 0.0, 'resistance_penalty': 0.0, 'rr_penalty': 0.0, 'cmf_confluence_val': -6, 'penny_penalty': 0.0, 'penny_non_acc_penalty': 0.0, 'scalping_bonus': 0.0, 'fund_penalty': 0.0, 'macd_reversal_bonus': 0.0, 'sector_rs_bonus': 0.0, 'confluence_bonus': 0.0, 'short_squeeze_bonus': 0.0, 'ai_momentum_bonus': 0.0}",N/A,,,,,-0.81,0.88,0.88,False,False
HTZ,"Hertz Global Holdings, Inc",$2.27,2.2699999809265137,Industrials,Rental & Leasing Services,12.38,-14.1,45.2,0.01127,False,True,False,52.5,Accumulation,"{'trend': 5, 'momentum': 64.5, 'flow': 65.0, 'volatility': 23, 'structure': 65.0, 'momentum_quality': 100, 'insider': 50.0}",-8.0,79.31689889101663,0.7385,Tactical Hold,매도 우위 (하방 경계 - 바닥 탐색 진행 중),True,상승,상단 돌파,역배열,25.9,18.0,상승,-291253392.9521825,,0.097,0.16315001,0.07137,1476000000.0,"[{'text': '매집 구간', 'cls': 'positive'}, {'text': '⚠️ 이격도 과다', 'cls': 'negative'}, {'text': '🚨 상단 클라이맥스', 'cls': 'negative'}, {'text': '🚨 강력한 하방 압력(공매도 급증 +79.3%)', 'cls': 'negative'}, {'text': '⚠️ 주봉 역배열(하락추세)', 'cls': 'negative'}, {'text': '🚀 숏스퀴즈 가능성', 'cls': 'positive'}, {'text': 'Stoch 골든크로스', 'cls': 'positive'}, {'text': 'OBV 상승', 'cls': 'positive'}, {'text': '🔴 적자기업(PER<0)', 'cls': 'negative'}, {'text': '🚨 공매도 비중 주의 (73.85%)', 'cls': 'negative'}]","{'mfc': 45, 'wyckoff': 100, 'stochastic': 100, 'obv': 75, 'bollinger': 0, 'momentum_quality': 100, 'regime_score': 50, 'rr_score': 100, 'base_tech': np.float64(69.8)}","{'base_tech_score': np.float64(69.8), 'insider_bonus': 0.0, 'deviation_penalty': 20, 'blowoff_penalty': 30, 'short_excessive_penalty': 25, 'weekly_penalty': 10, 'resistance_penalty': 0.0, 'rr_penalty': 0.0, 'cmf_confluence_val': 0.0, 'penny_penalty': 0.0, 'penny_non_acc_penalty': 0.0, 'scalping_bonus': 18.0, 'fund_penalty': 10.0, 'macd_reversal_bonus': 0.0, 'sector_rs_bonus': 0.0, 'confluence_bonus': 0.0, 'short_squeeze_bonus': 15.0, 'ai_momentum_bonus': 0.0}",N/A,,,,,12.38,9.71,9.71,False,False
BTDR,Bitdeer Technologies Group,$10.88,10.880000114440918,Technology,Software - Application,3.42,-14.1,37.2,0.33473998,False,False,False,43.2,Markdown,"{'trend': 40.0, 'momentum': 58.7, 'flow': 32.0, 'volatility': 23, 'structure': 15.0, 'momentum_quality': 6.8, 'insider': 50.0}",-8.0,25.673869835450446,0.3678,Tactical Hold,매도 우위 (비중 축소 - 지지선 단기 이탈 및 추세 악화),False,상승,하단,혼합,-3.8,10.0,하락,-55207601.50461755,,1.694,0.03507,-0.43352002,-736072640.0,"[{'text': '하락 추세', 'cls': 'negative'}, {'text': '🚨 강력한 하방 압력(공매도 급증 +25.7%)', 'cls': 'negative'}, {'text': 'OBV 상승', 'cls': 'positive'}, {'text': '🚀 매출 고성장', 'cls': 'positive'}, {'text': '🔴 영업손실(-43%)', 'cls': 'negative'}, {'text': '🔴 적자기업(PER<0)', 'cls': 'negative'}, {'text': '🚨 공매도 비중 주의 (36.78%)', 'cls': 'negative'}]","{'mfc': 37, 'wyckoff': 10, 'stochastic': 37.81692216898904, 'obv': 75, 'bollinger': 100, 'momentum_quality': 6.8, 'regime_score': 50, 'rr_score': 100, 'base_tech': np.float64(37.4)}","{'base_tech_score': np.float64(37.4), 'insider_bonus': 0.0, 'deviation_penalty': 0.0, 'blowoff_penalty': 0.0, 'short_excessive_penalty': 25, 'weekly_penalty': 0.0, 'resistance_penalty': 0.0, 'rr_penalty': 0.0, 'cmf_confluence_val': -6, 'penny_penalty': 0.0, 'penny_non_acc_penalty': 0.0, 'scalping_bonus': 10.0, 'fund_penalty': 15.0, 'macd_reversal_bonus': 0.0, 'sector_rs_bonus': 0.0, 'confluence_bonus': 0.0, 'short_squeeze_bonus': 0.0, 'ai_momentum_bonus': 0.0}",N/A,,,,,3.42,0.87,0.87,False,False
CHYM,"Chime Financial, Inc.",$29.10,29.100000381469727,Technology,Software - Application,-6.88,-14.9,63.0,0.07202,False,False,False,73.1,Accumulation,"{'trend': 73.0, 'momentum': 51.0, 'flow': 85.0, 'volatility': 33, 'structure': 50.0, 'momentum_quality': 100, 'insider': 50.0}",-8.0,58.3599612453593,0.0785,Aggressive Buy,매수 우위 (분할 매수 - 바닥 확인 후 모멘텀 턴어라운드),False,상승,상단 돌파,혼합,25.4,13.0,상승,15581430.111485828,,0.268,0.88707,0.18605,437652256.0,"[{'text': '매집 구간', 'cls': 'positive'}, {'text': '⚠️ 이격도 과다', 'cls': 'negative'}, {'text': '🚨 상단 클라이맥스', 'cls': 'negative'}, {'text': '🚨 강력한 하방 압력(공매도 급증 +58.4%)', 'cls': 'negative'}, {'text': '⚠️ 장기 매물대(저항선) 충돌 위험', 'cls': 'negative'}, {'text': '🔥 Accumulation Confluence (CMF+ADL)', 'cls': 'positive'}, {'text': 'OBV 상승', 'cls': 'positive'}, {'text': '🚀 매출 고성장', 'cls': 'positive'}]","{'mfc': 63, 'wyckoff': 100, 'stochastic': 29.301031620048192, 'obv': 75, 'bollinger': 0, 'momentum_quality': 100, 'regime_score': 50, 'rr_score': 100, 'base_tech': np.float64(67.6)}","{'base_tech_score': np.float64(67.6), 'insider_bonus': 0.0, 'deviation_penalty': 20, 'blowoff_penalty': 30, 'short_excessive_penalty': 25, 'weekly_penalty': 0.0, 'resistance_penalty': 15, 'rr_penalty': 0.0, 'cmf_confluence_val': 0.0, 'penny_penalty': 0.0, 'penny_non_acc_penalty': 0.0, 'scalping_bonus': 13.0, 'fund_penalty': -10.0, 'macd_reversal_bonus': 0.0, 'sector_rs_bonus': 0.0, 'confluence_bonus': 0.0, 'short_squeeze_bonus': 0.0, 'ai_momentum_bonus': 0.0}",N/A,,,,,-6.88,3.43,3.43,False,False
ITUB,Itau Unibanco Banco Holding SA,$7.94,7.940000057220459,Financial Services,Banks - Regional,-2.93,-15.4,35.7,2.0000001e-05,False,False,False,40.2,Markdown,"{'trend': 23.0, 'momentum': 36.6, 'flow': 0, 'volatility': 88, 'structure': 15.0, 'momentum_quality': 24.9, 'insider': 50.0}",-3.0,14.517447390829613,0.005,Avoid / Sell-off,매도 우위 (전면 회피 - 다중지표 약세 컨플루언스 확인),False,하락,하단 이탈,데드크로스 진행,-4.6,5.0,하락,-329189183.3998171,0.076,0.175,0.0,0.39073002,,"[{'text': '하락 추세', 'cls': 'negative'}, {'text': '🚨 강력한 하방 압력(공매도 급증 +14.5%)', 'cls': 'negative'}, {'text': '⚠️ 장기 매물대(저항선) 충돌 위험', 'cls': 'negative'}, {'text': 'Squeeze 대기', 'cls': 'neutral'}]","{'mfc': 36, 'wyckoff': 10, 'stochastic': 24.88693002600671, 'obv': 25, 'bollinger': 100, 'momentum_quality': 24.9, 'regime_score': 50, 'rr_score': 100, 'base_tech': np.float64(32.0)}","{'base_tech_score': np.float64(32.0), 'insider_bonus': 0.0, 'deviation_penalty': 0.0, 'blowoff_penalty': 0.0, 'short_excessive_penalty': 25, 'weekly_penalty': 0.0, 'resistance_penalty': 15, 'rr_penalty': 0.0, 'cmf_confluence_val': -6, 'penny_penalty': 0.0, 'penny_non_acc_penalty': 0.0, 'scalping_bonus': 5.0, 'fund_penalty': -3.0, 'macd_reversal_bonus': 0.0, 'sector_rs_bonus': 0.0, 'confluence_bonus': 0.0, 'short_squeeze_bonus': 0.0, 'ai_momentum_bonus': 0.0}",N/A,,,,,-2.93,1.25,1.25,False,False
AUTL,Autolus Therapeutics plc,$2.11,2.109999895095825,Healthcare,Biotechnology,5.5,-16.4,69.9,0.18082,False,False,False,73.8,Markup,"{'trend': 98.0, 'momentum': 96.2, 'flow': 77.0, 'volatility': 3, 'structure': 80.0, 'momentum_quality': 100, 'insider': 50.0}",-5.0,12.368723030006928,0.0877,Tactical Overweight,매수 우위 (강력 매수 - 다중지표 강세 컨플루언스 확인),True,상승,상단 돌파,골든크로스 진행,32.8,10.0,상승,-15130043.459233232,,,0.0,-65.70746,,"[{'text': '상승 추세', 'cls': 'positive'}, {'text': '⚠️ 이격도 과다', 'cls': 'negative'}, {'text': '🚨 강력한 하방 압력(공매도 급증 +12.4%)', 'cls': 'negative'}, {'text': 'Stoch 골든크로스', 'cls': 'positive'}, {'text': 'OBV 상승', 'cls': 'positive'}, {'text': '🔴 영업손실(-6571%)', 'cls': 'negative'}, {'text': '🔴 적자기업(PER<0)', 'cls': 'negative'}]","{'mfc': 70, 'wyckoff': 80, 'stochastic': 65.97880982968363, 'obv': 75, 'bollinger': 0, 'momentum_quality': 100, 'regime_score': 50, 'rr_score': 44.1, 'base_tech': np.float64(70.8)}","{'base_tech_score': np.float64(70.8), 'insider_bonus': 0.0, 'deviation_penalty': 20, 'blowoff_penalty': 0.0, 'short_excessive_penalty': 25, 'weekly_penalty': 0.0, 'resistance_penalty': 0.0, 'rr_penalty': 8, 'cmf_confluence_val': 0.0, 'penny_penalty': 0.0, 'penny_non_acc_penalty': 0.0, 'scalping_bonus': 10.0, 'fund_penalty': 25.0, 'macd_reversal_bonus': 0.0, 'sector_rs_bonus': 0.0, 'confluence_bonus': 0.0, 'short_squeeze_bonus': 0.0, 'ai_momentum_bonus': 0.0}",N/A,,,,,5.5,1.27,1.27,False,False
RUN,Sunrun Inc.,$10.20,10.199999809265137,Technology,Solar,8.74,-17.7,32.6,0.02823,False,True,False,42.6,Markdown,"{'trend': 5, 'momentum': 59.5, 'flow': 26.0, 'volatility': 23, 'structure': 15.0, 'momentum_quality': 33.0, 'insider': 50.0}",-8.0,14.594786480120781,0.33169997,Avoid / Sell-off,매도 우위 (전면 회피 - 다중지표 약세 컨플루언스 확인),False,하락,하단,역배열,-5.6,10.0,상승,-141003890.85377342,-0.588,0.528,0.35292998,0.03999,-1971139840.0,"[{'text': '하락 추세', 'cls': 'negative'}, {'text': '🚨 강력한 하방 압력(공매도 급증 +14.6%)', 'cls': 'negative'}, {'text': '⚠️ 주봉 역배열(하락추세)', 'cls': 'negative'}, {'text': '🚀 숏스퀴즈 가능성', 'cls': 'positive'}, {'text': '🚨 EPS 급락(-59%)', 'cls': 'negative'}, {'text': '🚀 매출 고성장', 'cls': 'positive'}, {'text': '🚨 공매도 비중 주의 (33.17%)', 'cls': 'negative'}]","{'mfc': 33, 'wyckoff': 10, 'stochastic': 46.514281956029876, 'obv': 25, 'bollinger': 100, 'momentum_quality': 33.0, 'regime_score': 50, 'rr_score': 100, 'base_tech': np.float64(34.7)}","{'base_tech_score': np.float64(34.7), 'insider_bonus': 0.0, 'deviation_penalty': 0.0, 'blowoff_penalty': 0.0, 'short_excessive_penalty': 25, 'weekly_penalty': 10, 'resistance_penalty': 0.0, 'rr_penalty': 0.0, 'cmf_confluence_val': 0.0, 'penny_penalty': 0.0, 'penny_non_acc_penalty': 0.0, 'scalping_bonus': 10.0, 'fund_penalty': 27.5, 'macd_reversal_bonus': 0.0, 'sector_rs_bonus': 0.0, 'confluence_bonus': 0.0, 'short_squeeze_bonus': 15.0, 'ai_momentum_bonus': 0.0}",N/A,,,,,8.74,1.14,1.14,False,False
CIFR,Cipher Digital Inc.,$17.18,17.18000030517578,Technology,Information Technology Services,-5.66,-18.1,28.9,0.03551,False,False,False,40.7,Markdown,"{'trend': 40.0, 'momentum': 32.3, 'flow': 7.0, 'volatility': 18, 'structure': 15.0, 'momentum_quality': 0, 'insider': 50.0}",-1.5,2.927967854507756,0.1674,Avoid / Sell-off,매도 우위 (전면 회피 - 다중지표 약세 컨플루언스 확인),False,하락,하단,혼합,-17.3,5.0,하락,74571770.12486024,,-0.43,-0.100360006,-3.01691,-2897558784.0,"[{'text': '하락 추세', 'cls': 'negative'}, {'text': '📊 VWAP 하회 매수↗', 'cls': 'positive'}, {'text': '🚨 매출 강하락(-43%)', 'cls': 'negative'}, {'text': '🔴 영업손실(-302%)', 'cls': 'negative'}, {'text': '🚨 공매도 비중 주의 (16.74%)', 'cls': 'negative'}]","{'mfc': 29, 'wyckoff': 10, 'stochastic': 10.71669558297235, 'obv': 25, 'bollinger': 100, 'momentum_quality': 0, 'regime_score': 50, 'rr_score': 100, 'base_tech': np.float64(24.2)}","{'base_tech_score': np.float64(24.2), 'insider_bonus': 0.0, 'deviation_penalty': 0.0, 'blowoff_penalty': 0.0, 'short_excessive_penalty': 0.0, 'weekly_penalty': 0.0, 'resistance_penalty': 0.0, 'rr_penalty': 0.0, 'cmf_confluence_val': -6, 'penny_penalty': 0.0, 'penny_non_acc_penalty': 0.0, 'scalping_bonus': 5.0, 'fund_penalty': 35.0, 'macd_reversal_bonus': 0.0, 'sector_rs_bonus': 0.0, 'confluence_bonus': 0.0, 'short_squeeze_bonus': 0.0, 'ai_momentum_bonus': 0.0}",N/A,,,,,-5.66,1.68,1.68,False,False
APTV,Aptiv PLC,$49.55,49.54999923706055,Consumer Cyclical,Auto Parts,7.02,-19.1,29.1,0.00837,False,False,False,35.3,Markdown,"{'trend': 5, 'momentum': 31.3, 'flow': 14.0, 'volatility': 33, 'structure': 30.0, 'momentum_quality': 0, 'insider': 50.0}",-5.0,19.54204152456454,0.075,Avoid / Sell-off,매도 우위 (전면 회피 - 다중지표 약세 컨플루언스 확인),False,하락,하단,역배열,-11.2,10.0,하락,-36413946.24927756,-0.369,0.023,0.19251,0.12675999,1615874944.0,"[{'text': '하락 추세', 'cls': 'negative'}, {'text': '🚨 강력한 하방 압력(공매도 급증 +19.5%)', 'cls': 'negative'}, {'text': '⚠️ 주봉 역배열(하락추세)', 'cls': 'negative'}, {'text': 'RSI 상승 다이버전스', 'cls': 'positive'}, {'text': '⚠️ EPS 감소(-37%)', 'cls': 'negative'}]","{'mfc': 29, 'wyckoff': 10, 'stochastic': 47.094323244401096, 'obv': 25, 'bollinger': 100, 'momentum_quality': 0, 'regime_score': 50, 'rr_score': 100, 'base_tech': np.float64(28.6)}","{'base_tech_score': np.float64(28.6), 'insider_bonus': 0.0, 'deviation_penalty': 0.0, 'blowoff_penalty': 0.0, 'short_excessive_penalty': 25, 'weekly_penalty': 10, 'resistance_penalty': 0.0, 'rr_penalty': 0.0, 'cmf_confluence_val': 0.0, 'penny_penalty': 0.0, 'penny_non_acc_penalty': 0.0, 'scalping_bonus': 10.0, 'fund_penalty': 12.0, 'macd_reversal_bonus': 0.0, 'sector_rs_bonus': 0.0, 'confluence_bonus': 0.0, 'short_squeeze_bonus': 0.0, 'ai_momentum_bonus': 0.0}",N/A,,,,,7.02,1.35,1.35,False,False
DQ,DAQO New Energy Corp.,$14.72,14.720000267028809,Technology,Semiconductor Equipment & Materials,8.63,-20.9,74.8,0.21141,False,False,False,66.8,Markup,"{'trend': 81.0, 'momentum': 100, 'flow': 100, 'volatility': 33, 'structure': 80.0, 'momentum_quality': 100, 'insider': 50.0}",-8.0,26.361995982074195,0.1107,Tactical Overweight,매수 우위 (강력 매수 - 다중지표 강세 컨플루언스 확인),True,상승,상단 돌파,골든크로스 진행,18.6,10.0,상승,-3948802.39275425,,-0.784,-0.34438,-5.64374,-290246496.0,"[{'text': '상승 추세', 'cls': 'positive'}, {'text': '🚨 강력한 하방 압력(공매도 급증 +26.4%)', 'cls': 'negative'}, {'text': '⚠️ 주봉 역배열(하락추세)', 'cls': 'negative'}, {'text': 'Stoch 골든크로스', 'cls': 'positive'}, {'text': 'OBV 상승', 'cls': 'positive'}, {'text': '🚨 매출 강하락(-78%)', 'cls': 'negative'}, {'text': '🔴 영업손실(-564%)', 'cls': 'negative'}, {'text': '🔴 적자기업(PER<0)', 'cls': 'negative'}, {'text': '🚨 공매도 비중 주의 (11.07%)', 'cls': 'negative'}]","{'mfc': 75, 'wyckoff': 80, 'stochastic': 56.928625925303, 'obv': 75, 'bollinger': 0, 'momentum_quality': 100, 'regime_score': 50, 'rr_score': 100, 'base_tech': np.float64(71.4)}","{'base_tech_score': np.float64(71.4), 'insider_bonus': 0.0, 'deviation_penalty': 0.0, 'blowoff_penalty': 0.0, 'short_excessive_penalty': 25, 'weekly_penalty': 10, 'resistance_penalty': 0.0, 'rr_penalty': 0.0, 'cmf_confluence_val': 0.0, 'penny_penalty': 0.0, 'penny_non_acc_penalty': 0.0, 'scalping_bonus': 10.0, 'fund_penalty': 45.0, 'macd_reversal_bonus': 0.0, 'sector_rs_bonus': 0.0, 'confluence_bonus': 0.0, 'short_squeeze_bonus': 0.0, 'ai_momentum_bonus': 0.0}",N/A,,,,,8.63,1.48,1.48,False,False
STLA,Stellantis N.V.,$5.52,5.519999980926514,Consumer Cyclical,Auto Manufacturers,-0.54,-22.3,34.8,0.23527001,False,False,False,39.5,Markdown,"{'trend': 5, 'momentum': 53.7, 'flow': 19.0, 'volatility': 68, 'structure': 15.0, 'momentum_quality': 21.7, 'insider': 50.0}",-8.0,42.772498412204044,0.0379,Avoid / Sell-off,매도 우위 (전면 회피 - 다중지표 약세 컨플루언스 확인),False,하락,하단,역배열,-4.0,0.0,하락,-348767979.99546885,,0.131,0.06865,0.02238,-3031000064.0,"[{'text': '하락 추세', 'cls': 'negative'}, {'text': '🚨 강력한 하방 압력(공매도 급증 +42.8%)', 'cls': 'negative'}, {'text': '⚠️ 주봉 역배열(하락추세)', 'cls': 'negative'}, {'text': '📊 VWAP 하회 매수↗', 'cls': 'positive'}]","{'mfc': 35, 'wyckoff': 10, 'stochastic': 27.140281275780943, 'obv': 25, 'bollinger': 100, 'momentum_quality': 21.7, 'regime_score': 50, 'rr_score': 100, 'base_tech': np.float64(31.5)}","{'base_tech_score': np.float64(31.5), 'insider_bonus': 0.0, 'deviation_penalty': 0.0, 'blowoff_penalty': 0.0, 'short_excessive_penalty': 25, 'weekly_penalty': 10, 'resistance_penalty': 0.0, 'rr_penalty': 0.0, 'cmf_confluence_val': 0.0, 'penny_penalty': 0.0, 'penny_non_acc_penalty': 0.0, 'scalping_bonus': 0.0, 'fund_penalty': 4.5, 'macd_reversal_bonus': 0.0, 'sector_rs_bonus': 0.0, 'confluence_bonus': 0.0, 'short_squeeze_bonus': 0.0, 'ai_momentum_bonus': 0.0}",N/A,,,,,-0.54,1.54,1.54,False,False
NBIS,Nebius Group N.V.,$187.97,187.97000122070312,Communication Services,Internet Content & Information,-1.01,-22.3,39.9,0.03692,False,False,False,45.8,Distribution,"{'trend': 60.0, 'momentum': 57.8, 'flow': 0, 'volatility': 23, 'structure': 30.0, 'momentum_quality': 6.0, 'insider': 50.0}",-8.0,19.903345699506623,0.28,Underweight,매도 우위 (투매 경고 - 강한 하방 압력),False,하락,하단,골든크로스 진행,-3.6,0.0,하락,6262559.089471666,,6.839,0.72058,-0.3208,-6147975168.0,"[{'text': '분산 경고', 'cls': 'negative'}, {'text': '🚨 강력한 하방 압력(공매도 급증 +19.9%)', 'cls': 'negative'}, {'text': '🚀 매출 고성장', 'cls': 'positive'}, {'text': '🔴 영업손실(-32%)', 'cls': 'negative'}, {'text': '🚨 공매도 비중 주의 (28.00%)', 'cls': 'negative'}]","{'mfc': 40, 'wyckoff': 30, 'stochastic': 17.705455130452314, 'obv': 25, 'bollinger': 100, 'momentum_quality': 6.0, 'regime_score': 50, 'rr_score': 100, 'base_tech': np.float64(33.4)}","{'base_tech_score': np.float64(33.4), 'insider_bonus': 0.0, 'deviation_penalty': 0.0, 'blowoff_penalty': 0.0, 'short_excessive_penalty': 25, 'weekly_penalty': 0.0, 'resistance_penalty': 0.0, 'rr_penalty': 0.0, 'cmf_confluence_val': -6, 'penny_penalty': 0.0, 'penny_non_acc_penalty': 0.0, 'scalping_bonus': 0.0, 'fund_penalty': 10.0, 'macd_reversal_bonus': 0.0, 'sector_rs_bonus': 0.0, 'confluence_bonus': 0.0, 'short_squeeze_bonus': 0.0, 'ai_momentum_bonus': 0.0}",N/A,,,,,-1.01,1.14,1.14,False,False
CLSK,"CleanSpark, Inc.",$12.30,12.300000190734863,Financial Services,Capital Markets,-3.53,-22.5,28.4,0.03499,False,False,False,41.8,Markdown,"{'trend': 40.0, 'momentum': 30.7, 'flow': 0, 'volatility': 38, 'structure': 15.0, 'momentum_quality': 0, 'insider': 50.0}",-1.0,-7.9943151121742355,0.42540002,Avoid / Sell-off,매도 우위 (전면 회피 - 다중지표 약세 컨플루언스 확인),False,하락,하단,혼합,-11.0,5.0,하락,140805.33052069694,,-0.305,0.46993,-1.65191,48898124.0,"[{'text': '하락 추세', 'cls': 'negative'}, {'text': '🚨 매출 강하락(-30%)', 'cls': 'negative'}, {'text': '🔴 영업손실(-165%)', 'cls': 'negative'}, {'text': '🔴 적자기업(PER<0)', 'cls': 'negative'}, {'text': '🚨 공매도 비중 주의 (42.54%)', 'cls': 'negative'}]","{'mfc': 28, 'wyckoff': 10, 'stochastic': 13.30992203347266, 'obv': 25, 'bollinger': 100, 'momentum_quality': 0, 'regime_score': 50, 'rr_score': 100, 'base_tech': np.float64(24.3)}","{'base_tech_score': np.float64(24.3), 'insider_bonus': 0.0, 'deviation_penalty': 0.0, 'blowoff_penalty': 0.0, 'short_excessive_penalty': 0.0, 'weekly_penalty': 0.0, 'resistance_penalty': 0.0, 'rr_penalty': 0.0, 'cmf_confluence_val': -6, 'penny_penalty': 0.0, 'penny_non_acc_penalty': 0.0, 'scalping_bonus': 5.0, 'fund_penalty': 40.0, 'macd_reversal_bonus': 0.0, 'sector_rs_bonus': 0.0, 'confluence_bonus': 0.0, 'short_squeeze_bonus': 0.0, 'ai_momentum_bonus': 0.0}",N/A,,,,,-3.53,1.01,1.01,False,False
WWR,"Westwater Resources, Inc.",$0.77,0.7699999809265137,Basic Materials,Other Industrial Metals & Mining,87.8,-22.8,69.7,0.05551,False,False,False,82.4,Markup,"{'trend': 93.0, 'momentum': 78.7, 'flow': 100, 'volatility': 23, 'structure': 55.0, 'momentum_quality': 100, 'insider': 50.0}",2.0,0.23130950522865618,0.0105,Core Holding,매수 우위 (안정적 상승 추세 안착),False,상승,상단 돌파,골든크로스 진행,76.6,-2.0,상승,21025521.768133037,,,0.0,0.0,-20513500.0,"[{'text': '상승 추세', 'cls': 'positive'}, {'text': '⚠️ 이격도 과다', 'cls': 'negative'}, {'text': '🚨 상단 클라이맥스', 'cls': 'negative'}, {'text': '⚠️ 주봉 역배열(하락추세)', 'cls': 'negative'}, {'text': '🔥 Accumulation Confluence (CMF+ADL)', 'cls': 'positive'}, {'text': 'OBV 상승', 'cls': 'positive'}, {'text': '🔴 적자기업(PER<0)', 'cls': 'negative'}]","{'mfc': 70, 'wyckoff': 80, 'stochastic': 41.77487089187359, 'obv': 75, 'bollinger': 0, 'momentum_quality': 100, 'regime_score': 40, 'rr_score': 100, 'base_tech': np.float64(67.8)}","{'base_tech_score': np.float64(67.8), 'insider_bonus': 0.0, 'deviation_penalty': 20, 'blowoff_penalty': 30, 'short_excessive_penalty': 0.0, 'weekly_penalty': 10, 'resistance_penalty': 0.0, 'rr_penalty': 0.0, 'cmf_confluence_val': 0.0, 'penny_penalty': 0.0, 'penny_non_acc_penalty': 0.0, 'scalping_bonus': -2.0, 'fund_penalty': 23.0, 'macd_reversal_bonus': 0.0, 'sector_rs_bonus': 0.0, 'confluence_bonus': 0.0, 'short_squeeze_bonus': 0.0, 'ai_momentum_bonus': 0.0}",N/A,,,,,87.76,41.87,41.87,False,False
MARA,"MARA Holdings, Inc.",$10.09,10.09000015258789,Financial Services,Capital Markets,-5.26,-23.9,33.4,0.00846,False,False,False,38.3,Markdown,"{'trend': 40.0, 'momentum': 28.0, 'flow': 14.0, 'volatility': 38, 'structure': 30.0, 'momentum_quality': 0, 'insider': 50.0}",-5.0,7.525362105705261,0.33150002,Avoid / Sell-off,매도 우위 (전면 회피 - 다중지표 약세 컨플루언스 확인),False,하락,하단 이탈,혼합,-12.9,5.0,하락,-260516134.93145117,,-0.267,0.40122002,-2.65211,-1168091392.0,"[{'text': '하락 추세', 'cls': 'negative'}, {'text': 'RSI 상승 다이버전스', 'cls': 'positive'}, {'text': '🚨 매출 강하락(-27%)', 'cls': 'negative'}, {'text': '🔴 영업손실(-265%)', 'cls': 'negative'}, {'text': '🔴 적자기업(PER<0)', 'cls': 'negative'}, {'text': '🚨 공매도 비중 주의 (33.15%)', 'cls': 'negative'}]","{'mfc': 33, 'wyckoff': 10, 'stochastic': 16.113010827706198, 'obv': 25, 'bollinger': 100, 'momentum_quality': 0, 'regime_score': 50, 'rr_score': 100, 'base_tech': np.float64(26.4)}","{'base_tech_score': np.float64(26.4), 'insider_bonus': 0.0, 'deviation_penalty': 0.0, 'blowoff_penalty': 0.0, 'short_excessive_penalty': 0.0, 'weekly_penalty': 0.0, 'resistance_penalty': 0.0, 'rr_penalty': 0.0, 'cmf_confluence_val': 0.0, 'penny_penalty': 0.0, 'penny_non_acc_penalty': 0.0, 'scalping_bonus': 5.0, 'fund_penalty': 45.0, 'macd_reversal_bonus': 0.0, 'sector_rs_bonus': 0.0, 'confluence_bonus': 0.0, 'short_squeeze_bonus': 0.0, 'ai_momentum_bonus': 0.0}",N/A,,,,,-5.26,1.28,1.28,False,False
ONT,"Onterris, Inc.",$16.51,16.510000228881836,Industrials,Waste Management,9.41,-24.3,41.6,0.08197,False,False,False,38.8,Markdown,"{'trend': 15.0, 'momentum': 25.9, 'flow': 100, 'volatility': 23, 'structure': 30.0, 'momentum_quality': 0, 'insider': 50.0}",-8.0,29.29054154500705,0.121300004,Tactical Hold,매도 우위 (비중 축소 - 지지선 단기 이탈 및 추세 악화),False,상승,하단 이탈,데드크로스 진행,-17.9,18.0,상승,3952006.3577304618,-0.926,-0.204,0.40407002,0.03607,53012248.0,"[{'text': '하락 추세', 'cls': 'negative'}, {'text': '🚨 강력한 하방 압력(공매도 급증 +29.3%)', 'cls': 'negative'}, {'text': '📊 VWAP 하회 매수↗', 'cls': 'positive'}, {'text': '🔥 Accumulation Confluence (CMF+ADL)', 'cls': 'positive'}, {'text': '🎯 시그널 컨플루언스 (3)', 'cls': 'positive'}, {'text': 'OBV 상승', 'cls': 'positive'}, {'text': 'RSI 상승 다이버전스', 'cls': 'positive'}, {'text': '거래량 폭발', 'cls': 'neutral'}, {'text': '🚨 EPS 급락(-93%)', 'cls': 'negative'}, {'text': '🚨 매출 강하락(-20%)', 'cls': 'negative'}, {'text': '🚨 공매도 비중 주의 (12.13%)', 'cls': 'negative'}]","{'mfc': 42, 'wyckoff': 10, 'stochastic': 0, 'obv': 75, 'bollinger': 100, 'momentum_quality': 0, 'regime_score': 50, 'rr_score': 95.5, 'base_tech': np.float64(33.4)}","{'base_tech_score': np.float64(33.4), 'insider_bonus': 0.0, 'deviation_penalty': 0.0, 'blowoff_penalty': 0.0, 'short_excessive_penalty': 25, 'weekly_penalty': 0.0, 'resistance_penalty': 0.0, 'rr_penalty': 0.0, 'cmf_confluence_val': 0.0, 'penny_penalty': 0.0, 'penny_non_acc_penalty': 0.0, 'scalping_bonus': 18.0, 'fund_penalty': 50, 'macd_reversal_bonus': 0.0, 'sector_rs_bonus': 0.0, 'confluence_bonus': 8.0, 'short_squeeze_bonus': 0.0, 'ai_momentum_bonus': 0.0}",N/A,,,,,9.41,3.74,3.74,False,False
FIGS,"FIGS, Inc.",$14.26,14.260000228881836,Consumer Cyclical,Apparel Manufacturing,26.87,-31.3,58.3,0.0461,False,True,False,79.4,Accumulation,"{'trend': 80.0, 'momentum': 49.3, 'flow': 40.0, 'volatility': 23, 'structure': 75.0, 'momentum_quality': 92.2, 'insider': 50.0}",-8.0,42.197420784365185,0.2141,Tactical Hold,"중립 대기 (방향성 탐색 중, 뚜렷한 주도력 부재)",False,상승,상단 돌파,골든크로스 진행,36.0,-2.0,하락,8295620.706073742,,0.28,0.66608,0.02804,28934624.0,"[{'text': '매집 구간', 'cls': 'positive'}, {'text': '⚠️ 이격도 과다', 'cls': 'negative'}, {'text': '🚨 상단 클라이맥스', 'cls': 'negative'}, {'text': '🚨 강력한 하방 압력(공매도 급증 +42.2%)', 'cls': 'negative'}, {'text': '⚠️ 주봉 역배열(하락추세)', 'cls': 'negative'}, {'text': '⚠️ 장기 매물대(저항선) 충돌 위험', 'cls': 'negative'}, {'text': '🚀 숏스퀴즈 가능성', 'cls': 'positive'}, {'text': 'OBV 상승', 'cls': 'positive'}, {'text': '🚀 매출 고성장', 'cls': 'positive'}, {'text': '🚨 공매도 비중 주의 (21.41%)', 'cls': 'negative'}]","{'mfc': 58, 'wyckoff': 100, 'stochastic': 49.10700667239425, 'obv': 75, 'bollinger': 0, 'momentum_quality': 92.2, 'regime_score': 50, 'rr_score': 94.1, 'base_tech': np.float64(67.1)}","{'base_tech_score': np.float64(67.1), 'insider_bonus': 0.0, 'deviation_penalty': 20, 'blowoff_penalty': 30, 'short_excessive_penalty': 25, 'weekly_penalty': 10, 'resistance_penalty': 15, 'rr_penalty': 0.0, 'cmf_confluence_val': 0.0, 'penny_penalty': 0.0, 'penny_non_acc_penalty': 0.0, 'scalping_bonus': -2.0, 'fund_penalty': -10.0, 'macd_reversal_bonus': 0.0, 'sector_rs_bonus': 0.0, 'confluence_bonus': 0.0, 'short_squeeze_bonus': 15.0, 'ai_momentum_bonus': 0.0}",N/A,,,,,26.87,3.43,3.43,False,False
NG,Novagold Resources Inc.,$7.59,7.590000152587891,Basic Materials,Gold,10.0,-34.4,69.4,0.0129700005,False,False,False,68.3,Markup,"{'trend': 68.0, 'momentum': 100, 'flow': 95.0, 'volatility': 13, 'structure': 80.0, 'momentum_quality': 98.2, 'insider': 50.0}",-8.0,49.68742637031479,0.0833,Tactical Overweight,매수 우위 (강력 매수 - 다중지표 강세 컨플루언스 확인),True,상승,상단 돌파,골든크로스 진행,26.5,10.0,상승,-17663377.43382486,,,0.0,0.0,-23863124.0,"[{'text': '상승 추세', 'cls': 'positive'}, {'text': '⚠️ 이격도 과다', 'cls': 'negative'}, {'text': '🚨 강력한 하방 압력(공매도 급증 +49.7%)', 'cls': 'negative'}, {'text': '⚠️ 주봉 역배열(하락추세)', 'cls': 'negative'}, {'text': '⚠️ 장기 매물대(저항선) 충돌 위험', 'cls': 'negative'}, {'text': 'Stoch 골든크로스', 'cls': 'positive'}, {'text': 'OBV 상승', 'cls': 'positive'}, {'text': '🔴 적자기업(PER<0)', 'cls': 'negative'}]","{'mfc': 69, 'wyckoff': 80, 'stochastic': 69.80346129611192, 'obv': 75, 'bollinger': 0, 'momentum_quality': 98.2, 'regime_score': 50, 'rr_score': 100, 'base_tech': np.float64(70.8)}","{'base_tech_score': np.float64(70.8), 'insider_bonus': 0.0, 'deviation_penalty': 20, 'blowoff_penalty': 0.0, 'short_excessive_penalty': 25, 'weekly_penalty': 10, 'resistance_penalty': 15, 'rr_penalty': 0.0, 'cmf_confluence_val': 0.0, 'penny_penalty': 0.0, 'penny_non_acc_penalty': 0.0, 'scalping_bonus': 10.0, 'fund_penalty': 23.0, 'macd_reversal_bonus': 0.0, 'sector_rs_bonus': 0.0, 'confluence_bonus': 0.0, 'short_squeeze_bonus': 0.0, 'ai_momentum_bonus': 0.0}",N/A,,,,,10.0,1.44,1.44,False,False
EMBC,Embecta Corp.,$4.42,4.420000076293945,Healthcare,Medical Instruments & Supplies,26.29,-35.3,62.4,0.018170001,False,False,False,71.1,Accumulation,"{'trend': 53.0, 'momentum': 53.1, 'flow': 100, 'volatility': 13, 'structure': 65.0, 'momentum_quality': 92.2, 'insider': 50.0}",5.0,-13.358510652217268,0.12100001,Aggressive Buy,매수 우위 (분할 매수 - 바닥 확인 후 모멘텀 턴어라운드),False,상승,상단 돌파,혼합,26.7,-2.0,상승,-36885355.06511424,-0.536,-0.081,0.59674,0.24144,146512496.0,"[{'text': '매집 구간', 'cls': 'positive'}, {'text': '⚠️ 이격도 과다', 'cls': 'negative'}, {'text': '🚨 상단 클라이맥스', 'cls': 'negative'}, {'text': 'OBV 상승', 'cls': 'positive'}, {'text': '🚨 EPS 급락(-54%)', 'cls': 'negative'}, {'text': '⚠️ 매출 감소(-8%)', 'cls': 'negative'}, {'text': '🚨 공매도 비중 주의 (12.10%)', 'cls': 'negative'}, {'text': '🔥 숏커버 (-13.4%)', 'cls': 'positive'}]","{'mfc': 62, 'wyckoff': 100, 'stochastic': 36.62070125099138, 'obv': 75, 'bollinger': 0, 'momentum_quality': 92.2, 'regime_score': 50, 'rr_score': 73.6, 'base_tech': np.float64(67.1)}","{'base_tech_score': np.float64(67.1), 'insider_bonus': 0.0, 'deviation_penalty': 20, 'blowoff_penalty': 30, 'short_excessive_penalty': 0.0, 'weekly_penalty': 0.0, 'resistance_penalty': 0.0, 'rr_penalty': 0.0, 'cmf_confluence_val': 0.0, 'penny_penalty': 0.0, 'penny_non_acc_penalty': 0.0, 'scalping_bonus': -2.0, 'fund_penalty': 42.0, 'macd_reversal_bonus': 0.0, 'sector_rs_bonus': 0.0, 'confluence_bonus': 0.0, 'short_squeeze_bonus': 0.0, 'ai_momentum_bonus': 0.0}",N/A,,,,,26.29,2.63,2.63,False,False
SES,SES AI Corporation,$0.56,0.5619999766349792,Consumer Cyclical,Auto Parts,10.63,-35.3,28.0,0.15795,False,False,False,40.0,Markdown,"{'trend': 5, 'momentum': 57.4, 'flow': 0, 'volatility': 23, 'structure': 30.0, 'momentum_quality': 25.1, 'insider': 50.0}",-8.0,50.96886041523086,0.1043,Avoid / Sell-off,매도 우위 (전면 회피 - 다중지표 약세 컨플루언스 확인),False,하락,하단,역배열,-3.3,10.0,하락,-242614351.08435947,,0.158,0.3634,-2.66264,-24361250.0,"[{'text': '하락 추세', 'cls': 'negative'}, {'text': '🚨 강력한 하방 압력(공매도 급증 +51.0%)', 'cls': 'negative'}, {'text': '⚠️ 주봉 역배열(하락추세)', 'cls': 'negative'}, {'text': '📊 VWAP 하회 매수↗', 'cls': 'positive'}, {'text': 'RSI 상승 다이버전스', 'cls': 'positive'}, {'text': '🔴 영업손실(-266%)', 'cls': 'negative'}, {'text': '🔴 적자기업(PER<0)', 'cls': 'negative'}, {'text': '🚨 공매도 비중 주의 (10.43%)', 'cls': 'negative'}]","{'mfc': 28, 'wyckoff': 10, 'stochastic': 48.06840226380636, 'obv': 25, 'bollinger': 100, 'momentum_quality': 25.1, 'regime_score': 50, 'rr_score': 100, 'base_tech': np.float64(32.1)}","{'base_tech_score': np.float64(32.1), 'insider_bonus': 0.0, 'deviation_penalty': 0.0, 'blowoff_penalty': 0.0, 'short_excessive_penalty': 25, 'weekly_penalty': 10, 'resistance_penalty': 0.0, 'rr_penalty': 0.0, 'cmf_confluence_val': -6, 'penny_penalty': 0.0, 'penny_non_acc_penalty': 0.0, 'scalping_bonus': 10.0, 'fund_penalty': 22.0, 'macd_reversal_bonus': 0.0, 'sector_rs_bonus': 0.0, 'confluence_bonus': 0.0, 'short_squeeze_bonus': 0.0, 'ai_momentum_bonus': 0.0}",N/A,,,,,10.74,1.8,1.8,False,False
ZENA,"ZenaTech, Inc.",$1.65,1.649999976158142,Technology,Software - Infrastructure,19.57,-35.9,65.3,0.38136002,False,False,False,65.0,Markup,"{'trend': 68.0, 'momentum': 100, 'flow': 70.0, 'volatility': 23, 'structure': 80.0, 'momentum_quality': 82.3, 'insider': 45.0}",-8.0,28.896189240075554,0.0988,Tactical Overweight,매수 우위 (강력 매수 - 다중지표 강세 컨플루언스 확인),True,상승,상단 돌파,골든크로스 진행,17.3,-2.0,상승,-34728329.511709124,,6.399,1.0,-2.56705,-56532908.0,"[{'text': '상승 추세', 'cls': 'positive'}, {'text': '🚨 상단 클라이맥스', 'cls': 'negative'}, {'text': '🚨 강력한 하방 압력(공매도 급증 +28.9%)', 'cls': 'negative'}, {'text': '⚠️ 주봉 역배열(하락추세)', 'cls': 'negative'}, {'text': 'Stoch 골든크로스', 'cls': 'positive'}, {'text': 'OBV 상승', 'cls': 'positive'}, {'text': '🚀 매출 고성장', 'cls': 'positive'}, {'text': '🔴 영업손실(-257%)', 'cls': 'negative'}, {'text': '🔴 적자기업(PER<0)', 'cls': 'negative'}]","{'mfc': 65, 'wyckoff': 80, 'stochastic': 85.62954311310436, 'obv': 75, 'bollinger': 0, 'momentum_quality': 82.3, 'regime_score': 50, 'rr_score': 100, 'base_tech': np.float64(68.9)}","{'base_tech_score': np.float64(68.9), 'insider_bonus': 0.0, 'deviation_penalty': 0.0, 'blowoff_penalty': 30, 'short_excessive_penalty': 25, 'weekly_penalty': 10, 'resistance_penalty': 0.0, 'rr_penalty': 0.0, 'cmf_confluence_val': 0.0, 'penny_penalty': 0.0, 'penny_non_acc_penalty': 0.0, 'scalping_bonus': -2.0, 'fund_penalty': 15.0, 'macd_reversal_bonus': 0.0, 'sector_rs_bonus': 0.0, 'confluence_bonus': 0.0, 'short_squeeze_bonus': 0.0, 'ai_momentum_bonus': 0.0}",N/A,,,,,19.57,12.21,12.21,False,False
EVTL,Vertical Aerospace Ltd.,$1.36,1.3600000143051147,Industrials,Aerospace & Defense,7.94,-37.0,33.8,0.037469998,False,False,False,41.7,Distribution,"{'trend': 5, 'momentum': 59.1, 'flow': 65.0, 'volatility': 23, 'structure': 20.0, 'momentum_quality': 7.5, 'insider': 50.0}",-2.0,9.67642423124497,0.14770001,Underweight,매도 우위 (투매 경고 - 강한 하방 압력),False,상승,하단,역배열,-4.8,10.0,상승,-61880371.613774545,-0.846,,0.0,0.0,-280308384.0,"[{'text': '분산 경고', 'cls': 'negative'}, {'text': '🚨 강력한 하방 압력(공매도 급증 +9.7%)', 'cls': 'negative'}, {'text': '⚠️ 주봉 역배열(하락추세)', 'cls': 'negative'}, {'text': 'OBV 상승', 'cls': 'positive'}, {'text': '🚨 EPS 급락(-85%)', 'cls': 'negative'}, {'text': '🔴 적자기업(PER<0)', 'cls': 'negative'}, {'text': '🚨 공매도 비중 주의 (14.77%)', 'cls': 'negative'}]","{'mfc': 34, 'wyckoff': 30, 'stochastic': 48.72313709076778, 'obv': 75, 'bollinger': 100, 'momentum_quality': 7.5, 'regime_score': 50, 'rr_score': 100, 'base_tech': 41.2}","{'base_tech_score': 41.2, 'insider_bonus': 0.0, 'deviation_penalty': 0.0, 'blowoff_penalty': 0.0, 'short_excessive_penalty': 25, 'weekly_penalty': 10, 'resistance_penalty': 0.0, 'rr_penalty': 0.0, 'cmf_confluence_val': 0.0, 'penny_penalty': 0.0, 'penny_non_acc_penalty': 0.0, 'scalping_bonus': 10.0, 'fund_penalty': 43.0, 'macd_reversal_bonus': 0.0, 'sector_rs_bonus': 0.0, 'confluence_bonus': 0.0, 'short_squeeze_bonus': 0.0, 'ai_momentum_bonus': 0.0}",N/A,,,,,7.94,0.81,0.81,False,False
PEPG,PepGen Inc.,$2.85,2.8499999046325684,Healthcare,Biotechnology,18.26,-39.8,67.3,0.00234,False,False,False,74.2,Markup,"{'trend': 73.0, 'momentum': 100, 'flow': 100, 'volatility': 3, 'structure': 55.0, 'momentum_quality': 100, 'insider': 50.0}",-5.0,17.679975185234696,0.0926,Core Holding,매수 우위 (안정적 상승 추세 안착),True,상승,상단 돌파,혼합,35.5,-2.0,상승,7927960.14051077,,,0.0,0.0,-49811624.0,"[{'text': '상승 추세', 'cls': 'positive'}, {'text': '⚠️ 이격도 과다', 'cls': 'negative'}, {'text': '🚨 상단 클라이맥스', 'cls': 'negative'}, {'text': '🚨 강력한 하방 압력(공매도 급증 +17.7%)', 'cls': 'negative'}, {'text': '🔥 Accumulation Confluence (CMF+ADL)', 'cls': 'positive'}, {'text': 'Stoch 골든크로스', 'cls': 'positive'}, {'text': 'OBV 상승', 'cls': 'positive'}, {'text': '🔴 적자기업(PER<0)', 'cls': 'negative'}]","{'mfc': 67, 'wyckoff': 80, 'stochastic': 100, 'obv': 75, 'bollinger': 0, 'momentum_quality': 100, 'regime_score': 50, 'rr_score': 58.6, 'base_tech': np.float64(74.0)}","{'base_tech_score': np.float64(74.0), 'insider_bonus': 0.0, 'deviation_penalty': 20, 'blowoff_penalty': 30, 'short_excessive_penalty': 25, 'weekly_penalty': 0.0, 'resistance_penalty': 0.0, 'rr_penalty': 0.0, 'cmf_confluence_val': 0.0, 'penny_penalty': 0.0, 'penny_non_acc_penalty': 0.0, 'scalping_bonus': -2.0, 'fund_penalty': 23.0, 'macd_reversal_bonus': 0.0, 'sector_rs_bonus': 0.0, 'confluence_bonus': 0.0, 'short_squeeze_bonus': 0.0, 'ai_momentum_bonus': 0.0}",N/A,,,,,18.26,3.51,3.51,False,False
UWMC,UWM Holdings Corporation,$1.28,1.2799999713897705,Financial Services,Mortgage Finance,6.67,-42.0,29.9,0.13297,False,True,False,27.4,Markdown,"{'trend': 5, 'momentum': 20.3, 'flow': 45.0, 'volatility': 23, 'structure': 35.0, 'momentum_quality': 0, 'insider': 50.0}",-8.0,33.58271050065472,0.2212,Avoid / Sell-off,매도 우위 (전면 회피 - 다중지표 약세 컨플루언스 확인),False,하락,하단 이탈,역배열,-30.6,10.0,상승,-393408646.9129498,,-0.706,1.0,-1.09831,,"[{'text': '하락 추세', 'cls': 'negative'}, {'text': '🚨 강력한 하방 압력(공매도 급증 +33.6%)', 'cls': 'negative'}, {'text': '⚠️ 주봉 역배열(하락추세)', 'cls': 'negative'}, {'text': '📊 VWAP 하회 매수↗', 'cls': 'positive'}, {'text': '🚀 숏스퀴즈 가능성', 'cls': 'positive'}, {'text': 'RSI 상승 다이버전스', 'cls': 'positive'}, {'text': '🚨 매출 강하락(-71%)', 'cls': 'negative'}, {'text': '🔴 영업손실(-110%)', 'cls': 'negative'}, {'text': '🚨 공매도 비중 주의 (22.12%)', 'cls': 'negative'}]","{'mfc': 30, 'wyckoff': 10, 'stochastic': 25.356228544818286, 'obv': 25, 'bollinger': 100, 'momentum_quality': 0, 'regime_score': 50, 'rr_score': 100, 'base_tech': np.float64(26.3)}","{'base_tech_score': np.float64(26.3), 'insider_bonus': 0.0, 'deviation_penalty': 0.0, 'blowoff_penalty': 0.0, 'short_excessive_penalty': 25, 'weekly_penalty': 10, 'resistance_penalty': 0.0, 'rr_penalty': 0.0, 'cmf_confluence_val': 0.0, 'penny_penalty': 0.0, 'penny_non_acc_penalty': 0.0, 'scalping_bonus': 10.0, 'fund_penalty': 45.0, 'macd_reversal_bonus': 0.0, 'sector_rs_bonus': 0.0, 'confluence_bonus': 0.0, 'short_squeeze_bonus': 15.0, 'ai_momentum_bonus': 0.0}",N/A,,,,,6.67,1.54,1.54,False,False
OPEN,Opendoor Technologies Inc,$3.48,3.484999895095825,Real Estate,Real Estate Services,1.16,-52.9,25.2,0.04892,False,False,False,35.8,Markdown,"{'trend': 5, 'momentum': 27.4, 'flow': 36.0, 'volatility': 18, 'structure': 15.0, 'momentum_quality': 0, 'insider': 50.0}",-3.5,9.266171055281935,0.19549999,Avoid / Sell-off,매도 우위 (전면 회피 - 다중지표 약세 컨플루언스 확인),False,상승,하단,역배열,-14.6,0.0,하락,-411548368.2269959,,-0.437,0.08636,-0.15855,48750000.0,"[{'text': '하락 추세', 'cls': 'negative'}, {'text': '🚨 강력한 하방 압력(공매도 급증 +9.3%)', 'cls': 'negative'}, {'text': '⚠️ 주봉 역배열(하락추세)', 'cls': 'negative'}, {'text': 'OBV 상승', 'cls': 'positive'}, {'text': '🚨 매출 강하락(-44%)', 'cls': 'negative'}, {'text': '🔴 적자기업(PER<0)', 'cls': 'negative'}, {'text': '🚨 공매도 비중 주의 (19.55%)', 'cls': 'negative'}]","{'mfc': 25, 'wyckoff': 10, 'stochastic': 26.24335118172588, 'obv': 75, 'bollinger': 100, 'momentum_quality': 0, 'regime_score': 50, 'rr_score': 100, 'base_tech': np.float64(30.8)}","{'base_tech_score': np.float64(30.8), 'insider_bonus': 0.0, 'deviation_penalty': 0.0, 'blowoff_penalty': 0.0, 'short_excessive_penalty': 25, 'weekly_penalty': 10, 'resistance_penalty': 0.0, 'rr_penalty': 0.0, 'cmf_confluence_val': -6, 'penny_penalty': 0.0, 'penny_non_acc_penalty': 0.0, 'scalping_bonus': 0.0, 'fund_penalty': 33.0, 'macd_reversal_bonus': 0.0, 'sector_rs_bonus': 0.0, 'confluence_bonus': 0.0, 'short_squeeze_bonus': 0.0, 'ai_momentum_bonus': 0.0}",N/A,,,,,1.16,0.5,0.5,False,False
KEEL,Keel Infrastructure Corp.,$3.88,3.880000114440918,Technology,Information Technology Services,1.57,-58.9,32.0,0.04552,False,False,False,43.1,Markdown,"{'trend': 40.0, 'momentum': 58.5, 'flow': 0, 'volatility': 23, 'structure': 15.0, 'momentum_quality': 6.8, 'insider': 50.0}",-6.5,18.68181809954749,0.17459999,Avoid / Sell-off,매도 우위 (전면 회피 - 다중지표 약세 컨플루언스 확인),False,하락,하단,혼합,-6.2,0.0,하락,40291149.013756946,,-0.224,-0.20806,-1.4365801,-159382368.0,"[{'text': '하락 추세', 'cls': 'negative'}, {'text': '🚨 강력한 하방 압력(공매도 급증 +18.7%)', 'cls': 'negative'}, {'text': '🚨 매출 강하락(-22%)', 'cls': 'negative'}, {'text': '🔴 영업손실(-144%)', 'cls': 'negative'}, {'text': '🔴 적자기업(PER<0)', 'cls': 'negative'}, {'text': '🚨 공매도 비중 주의 (17.46%)', 'cls': 'negative'}]","{'mfc': 32, 'wyckoff': 10, 'stochastic': 37.58865450596714, 'obv': 25, 'bollinger': 100, 'momentum_quality': 6.8, 'regime_score': 50, 'rr_score': 100, 'base_tech': np.float64(29.5)}","{'base_tech_score': np.float64(29.5), 'insider_bonus': 0.0, 'deviation_penalty': 0.0, 'blowoff_penalty': 0.0, 'short_excessive_penalty': 25, 'weekly_penalty': 0.0, 'resistance_penalty': 0.0, 'rr_penalty': 0.0, 'cmf_confluence_val': -6, 'penny_penalty': 0.0, 'penny_non_acc_penalty': 0.0, 'scalping_bonus': 0.0, 'fund_penalty': 45.0, 'macd_reversal_bonus': 0.0, 'sector_rs_bonus': 0.0, 'confluence_bonus': 0.0, 'short_squeeze_bonus': 0.0, 'ai_momentum_bonus': 0.0}",N/A,,,,,1.57,0.58,0.58,False,False
BICO-USD,Biconomy USD,$0.04,0.03945700079202652,,,-37.53,75.6,70.9,0.0,False,False,False,61.6,Markup,"{'trend': 83.0, 'momentum': 96.1, 'flow': 89.0, 'volatility': 23, 'structure': 65.0, 'momentum_quality': 100, 'insider': 45.0}",2.0,,0.0,Tactical Overweight,매수 우위 (강력 매수 - 다중지표 강세 컨플루언스 확인),False,상승,상단,혼합,83.5,13.0,상승,108861757.45792857,,,,,,"[{'text': '상승 추세', 'cls': 'positive'}, {'text': '⚠️ 이격도 과다', 'cls': 'negative'}, {'text': '🚨 상단 클라이맥스', 'cls': 'negative'}, {'text': '📊 VWAP 하회 매수↗', 'cls': 'positive'}, {'text': '🔥 Accumulation Confluence (CMF+ADL)', 'cls': 'positive'}, {'text': 'OBV 상승', 'cls': 'positive'}, {'text': '📉 AI 예상: +0.0%', 'cls': 'negative'}]","{'mfc': 71, 'wyckoff': 80, 'stochastic': 35.74424700156577, 'obv': 75, 'bollinger': 0, 'momentum_quality': 100, 'regime_score': 50, 'rr_score': 100, 'base_tech': 67.5}","{'base_tech_score': 67.5, 'insider_bonus': 0.0, 'deviation_penalty': 20, 'blowoff_penalty': 30, 'short_excessive_penalty': 0.0, 'weekly_penalty': 0.0, 'resistance_penalty': 0.0, 'rr_penalty': 0.0, 'cmf_confluence_val': 0.0, 'penny_penalty': 0.0, 'penny_non_acc_penalty': 0.0, 'scalping_bonus': 13.0, 'fund_penalty': 0.0, 'macd_reversal_bonus': 0.0, 'sector_rs_bonus': 0.0, 'confluence_bonus': 0.0, 'short_squeeze_bonus': 0.0, 'ai_momentum_bonus': 0.0}",+0.00%,75.6,BUY,+0.00%,0.5,-18.53,13.09,13.09,False,False
XMR-USD,Monero USD,$394.68,394.6768798828125,,,4.67,72.6,70.7,0.0,False,False,False,70.6,Markup,"{'trend': 65.0, 'momentum': 84.2, 'flow': 100, 'volatility': 53, 'structure': 80.0, 'momentum_quality': 92.2, 'insider': 45.0}",2.0,,0.0,Core Holding,매수 우위 (안정적 상승 추세 안착),False,상승,상단 돌파,혼합,9.1,10.0,상승,-416382415.49018073,,,,,,"[{'text': '상승 추세', 'cls': 'positive'}, {'text': '⚠️ 장기 매물대(저항선) 충돌 위험', 'cls': 'negative'}, {'text': '🔥 Accumulation Confluence (CMF+ADL)', 'cls': 'positive'}, {'text': 'OBV 상승', 'cls': 'positive'}, {'text': '📉 AI 예상: +0.0%', 'cls': 'negative'}]","{'mfc': 71, 'wyckoff': 80, 'stochastic': 48.6956738506068, 'obv': 75, 'bollinger': 0, 'momentum_quality': 92.2, 'regime_score': 50, 'rr_score': 100, 'base_tech': 67.8}","{'base_tech_score': 67.8, 'insider_bonus': 0.0, 'deviation_penalty': 0.0, 'blowoff_penalty': 0.0, 'short_excessive_penalty': 0.0, 'weekly_penalty': 0.0, 'resistance_penalty': 15, 'rr_penalty': 0.0, 'cmf_confluence_val': 0.0, 'penny_penalty': 0.0, 'penny_non_acc_penalty': 0.0, 'scalping_bonus': 10.0, 'fund_penalty': 0.0, 'macd_reversal_bonus': 0.0, 'sector_rs_bonus': 0.0, 'confluence_bonus': 0.0, 'short_squeeze_bonus': 0.0, 'ai_momentum_bonus': 0.0}",+0.00%,72.6,BUY,+0.00%,0.5,0.0,1.12,1.12,False,False
ADA-USD,Cardano USD,$0.20,0.19774000346660614,,,-0.74,70.0,63.7,0.0,False,False,False,66.5,Accumulation,"{'trend': 60.0, 'momentum': 85.7, 'flow': 89.0, 'volatility': 33, 'structure': 50.0, 'momentum_quality': 92.2, 'insider': 45.0}",2.0,,0.0,Aggressive Buy,매수 우위 (분할 매수 - 바닥 확인 후 모멘텀 턴어라운드),False,상승,상단,혼합,10.9,10.0,상승,-8098481374.012939,,,,,,"[{'text': '매집 구간', 'cls': 'positive'}, {'text': '⚠️ 주봉 역배열(하락추세)', 'cls': 'negative'}, {'text': '📊 VWAP 상회 주의', 'cls': 'neutral'}, {'text': 'OBV 상승', 'cls': 'positive'}, {'text': '📉 AI 예상: +0.0%', 'cls': 'negative'}]","{'mfc': 64, 'wyckoff': 100, 'stochastic': 45.71253554012291, 'obv': 75, 'bollinger': 0, 'momentum_quality': 92.2, 'regime_score': 50, 'rr_score': 78.9, 'base_tech': 68.6}","{'base_tech_score': 68.6, 'insider_bonus': 0.0, 'deviation_penalty': 0.0, 'blowoff_penalty': 0.0, 'short_excessive_penalty': 0.0, 'weekly_penalty': 10, 'resistance_penalty': 0.0, 'rr_penalty': 0.0, 'cmf_confluence_val': 0.0, 'penny_penalty': 0.0, 'penny_non_acc_penalty': 0.0, 'scalping_bonus': 10.0, 'fund_penalty': 0.0, 'macd_reversal_bonus': 0.0, 'sector_rs_bonus': 0.0, 'confluence_bonus': 0.0, 'short_squeeze_bonus': 0.0, 'ai_momentum_bonus': 0.0}",+0.00%,70.0,BUY,+0.00%,0.5,2.02,0.49,0.49,False,False
CASHCAT-USD,Cash Cat USD,$0.16,0.15987929701805115,,,28.07,68.5,50.5,0.0,False,False,False,70.0,Accumulation,"{'trend': 66.0, 'momentum': 60.0, 'flow': 22.0, 'volatility': 3, 'structure': 65.0, 'momentum_quality': 100, 'insider': 45.0}",2.0,,0.0,Tactical Hold,매도 우위 (하방 경계 - 바닥 탐색 진행 중),True,하락,상단 돌파,혼합,135.3,10.0,하락,-177703664.943688,,,,,,"[{'text': '매집 구간', 'cls': 'positive'}, {'text': '⚠️ 이격도 과다', 'cls': 'negative'}, {'text': 'Stoch 골든크로스', 'cls': 'positive'}, {'text': '📉 AI 예상: +0.0%', 'cls': 'negative'}]","{'mfc': 50, 'wyckoff': 100, 'stochastic': 67.2976231540047, 'obv': 25, 'bollinger': 0, 'momentum_quality': 100, 'regime_score': 50, 'rr_score': 90.9, 'base_tech': 61.8}","{'base_tech_score': 61.8, 'insider_bonus': 0.0, 'deviation_penalty': 20, 'blowoff_penalty': 0.0, 'short_excessive_penalty': 0.0, 'weekly_penalty': 0.0, 'resistance_penalty': 0.0, 'rr_penalty': 0.0, 'cmf_confluence_val': 0.0, 'penny_penalty': 0.0, 'penny_non_acc_penalty': 0.0, 'scalping_bonus': 10.0, 'fund_penalty': 0.0, 'macd_reversal_bonus': 0.0, 'sector_rs_bonus': 0.0, 'confluence_bonus': 0.0, 'short_squeeze_bonus': 0.0, 'ai_momentum_bonus': 0.0}",+0.00%,68.5,BUY,+0.00%,0.5,13.86,1.42,1.42,False,False
SOL-USD,Solana USD,$76.89,76.88999938964844,,,1.21,62.4,66.4,0.0,False,False,False,57.0,Markup,"{'trend': 60.0, 'momentum': 87.1, 'flow': 77.0, 'volatility': 63, 'structure': 80.0, 'momentum_quality': 69.9, 'insider': 45.0}",2.0,,0.0,Core Holding,매수 우위 (안정적 상승 추세 안착),True,상승,상단,혼합,3.1,0.0,상승,-12262121394.987543,,,,,,"[{'text': '상승 추세', 'cls': 'positive'}, {'text': '⚠️ 주봉 역배열(하락추세)', 'cls': 'negative'}, {'text': '⚠️ 장기 매물대(저항선) 충돌 위험', 'cls': 'negative'}, {'text': '📊 VWAP 상회 주의', 'cls': 'neutral'}, {'text': 'Stoch 골든크로스', 'cls': 'positive'}, {'text': 'OBV 상승', 'cls': 'positive'}, {'text': '📉 AI 예상: +0.0%', 'cls': 'negative'}]","{'mfc': 66, 'wyckoff': 80, 'stochastic': 96.15610626388295, 'obv': 75, 'bollinger': 0, 'momentum_quality': 69.9, 'regime_score': 50, 'rr_score': 100, 'base_tech': 68.7}","{'base_tech_score': 68.7, 'insider_bonus': 0.0, 'deviation_penalty': 0.0, 'blowoff_penalty': 0.0, 'short_excessive_penalty': 0.0, 'weekly_penalty': 10, 'resistance_penalty': 15, 'rr_penalty': 0.0, 'cmf_confluence_val': 0.0, 'penny_penalty': 0.0, 'penny_non_acc_penalty': 0.0, 'scalping_bonus': 0.0, 'fund_penalty': 0.0, 'macd_reversal_bonus': 0.0, 'sector_rs_bonus': 0.0, 'confluence_bonus': 0.0, 'short_squeeze_bonus': 0.0, 'ai_momentum_bonus': 0.0}",+0.00%,62.4,BUY,+0.00%,0.5,1.0,0.5,0.5,False,False
ZEC-USD,Zcash USD,$509.73,509.7300109863281,,,0.4,62.4,70.1,0.0,False,False,False,54.3,Markup,"{'trend': 100, 'momentum': 81.9, 'flow': 65.0, 'volatility': 33, 'structure': 80.0, 'momentum_quality': 82.8, 'insider': 45.0}",2.0,,0.0,Tactical Overweight,매수 우위 (강력 매수 - 다중지표 강세 컨플루언스 확인),True,상승,상단,정배열,3.5,0.0,상승,2938423349.9042816,,,,,,"[{'text': '상승 추세', 'cls': 'positive'}, {'text': '📊 VWAP 상회 주의', 'cls': 'neutral'}, {'text': 'Stoch 골든크로스', 'cls': 'positive'}, {'text': 'OBV 상승', 'cls': 'positive'}, {'text': '📉 AI 예상: +0.0%', 'cls': 'negative'}]","{'mfc': 70, 'wyckoff': 80, 'stochastic': 54.54410332060917, 'obv': 75, 'bollinger': 0, 'momentum_quality': 82.8, 'regime_score': 50, 'rr_score': 100, 'base_tech': 66.9}","{'base_tech_score': 66.9, 'insider_bonus': 0.0, 'deviation_penalty': 0.0, 'blowoff_penalty': 0.0, 'short_excessive_penalty': 0.0, 'weekly_penalty': 0.0, 'resistance_penalty': 0.0, 'rr_penalty': 0.0, 'cmf_confluence_val': 0.0, 'penny_penalty': 0.0, 'penny_non_acc_penalty': 0.0, 'scalping_bonus': 0.0, 'fund_penalty': 0.0, 'macd_reversal_bonus': 0.0, 'sector_rs_bonus': 0.0, 'confluence_bonus': 0.0, 'short_squeeze_bonus': 0.0, 'ai_momentum_bonus': 0.0}",+0.00%,62.4,BUY,+0.00%,0.5,0.03,0.46,0.46,False,False
TUT-USD,Tutellus USD,$0.18,0.17700697481632233,,,64.93,61.7,53.0,0.0,False,False,False,97.0,Distribution,"{'trend': 100, 'momentum': 36.8, 'flow': 29.0, 'volatility': 23, 'structure': 30.0, 'momentum_quality': 100, 'insider': 45.0}",2.0,,0.0,Underweight,"매도 우위 (현금화 - 극단적 과열, 차익실현 필수)",True,상승,상단 돌파,정배열,473.1,5.0,하락,-0.940571792282904,,,,,,"[{'text': '분산 경고', 'cls': 'negative'}, {'text': '⚠️ 이격도 과다', 'cls': 'negative'}, {'text': '🚨 상단 클라이맥스', 'cls': 'negative'}, {'text': 'Stoch 골든크로스', 'cls': 'positive'}, {'text': 'OBV 상승', 'cls': 'positive'}, {'text': '📉 AI 예상: +0.0%', 'cls': 'negative'}]","{'mfc': 53, 'wyckoff': 30, 'stochastic': 56.56675345608729, 'obv': 75, 'bollinger': 0, 'momentum_quality': 100, 'regime_score': 40, 'rr_score': 100, 'base_tech': 54.7}","{'base_tech_score': 54.7, 'insider_bonus': 0.0, 'deviation_penalty': 20, 'blowoff_penalty': 30, 'short_excessive_penalty': 0.0, 'weekly_penalty': 0.0, 'resistance_penalty': 0.0, 'rr_penalty': 0.0, 'cmf_confluence_val': -6, 'penny_penalty': 0.0, 'penny_non_acc_penalty': 0.0, 'scalping_bonus': 5.0, 'fund_penalty': 0.0, 'macd_reversal_bonus': 0.0, 'sector_rs_bonus': 0.0, 'confluence_bonus': 0.0, 'short_squeeze_bonus': 0.0, 'ai_momentum_bonus': 0.0}",+0.00%,61.7,BUY,+0.00%,0.5,-10.81,1.0,1.0,False,False
WBT-USD,WhiteBIT Coin USD,$56.36,56.35546875,,,0.35,61.0,69.1,0.0,False,False,False,54.5,Markup,"{'trend': 75.0, 'momentum': 64.4, 'flow': 89.0, 'volatility': 93, 'structure': 80.0, 'momentum_quality': 48.2, 'insider': 45.0}",2.0,,0.0,Tactical Overweight,매수 우위 (강력 매수 - 다중지표 강세 컨플루언스 확인),True,상승,상단,혼합,0.5,0.0,상승,-876463131.180112,,,,,,"[{'text': '상승 추세', 'cls': 'positive'}, {'text': '📊 VWAP 상회 주의', 'cls': 'neutral'}, {'text': '🎯 시그널 컨플루언스 (3)', 'cls': 'positive'}, {'text': 'Stoch 골든크로스', 'cls': 'positive'}, {'text': 'OBV 상승', 'cls': 'positive'}, {'text': 'Squeeze 대기', 'cls': 'neutral'}, {'text': '📉 AI 예상: +0.0%', 'cls': 'negative'}]","{'mfc': 69, 'wyckoff': 80, 'stochastic': 62.95183359097315, 'obv': 75, 'bollinger': 0, 'momentum_quality': 48.2, 'regime_score': 50, 'rr_score': 95.7, 'base_tech': 62.4}","{'base_tech_score': 62.4, 'insider_bonus': 0.0, 'deviation_penalty': 0.0, 'blowoff_penalty': 0.0, 'short_excessive_penalty': 0.0, 'weekly_penalty': 0.0, 'resistance_penalty': 0.0, 'rr_penalty': 0.0, 'cmf_confluence_val': 0.0, 'penny_penalty': 0.0, 'penny_non_acc_penalty': 0.0, 'scalping_bonus': 0.0, 'fund_penalty': 0.0, 'macd_reversal_bonus': 0.0, 'sector_rs_bonus': 0.0, 'confluence_bonus': 8.0, 'short_squeeze_bonus': 0.0, 'ai_momentum_bonus': 0.0}",+0.00%,61.0,BUY,+0.00%,0.5,0.4,0.25,0.25,False,False
BNB-USD,BNB USD,$603.20,603.2000122070312,,,0.46,60.3,62.4,0.0,False,False,False,64.2,Markup,"{'trend': 48.0, 'momentum': 84.9, 'flow': 63.0, 'volatility': 63, 'structure': 80.0, 'momentum_quality': 86.1, 'insider': 45.0}",2.0,,0.0,Core Holding,매수 우위 (안정적 상승 추세 안착),True,상승,상단,혼합,3.7,0.0,하락,-5348056111.328133,,,,,,"[{'text': '상승 추세', 'cls': 'positive'}, {'text': '⚠️ 주봉 역배열(하락추세)', 'cls': 'negative'}, {'text': '⚠️ 장기 매물대(저항선) 충돌 위험', 'cls': 'negative'}, {'text': 'Stoch 골든크로스', 'cls': 'positive'}, {'text': 'OBV 상승', 'cls': 'positive'}, {'text': '📉 AI 예상: +0.0%', 'cls': 'negative'}]","{'mfc': 62, 'wyckoff': 80, 'stochastic': 57.826296899304594, 'obv': 75, 'bollinger': 0, 'momentum_quality': 86.1, 'regime_score': 50, 'rr_score': 90.5, 'base_tech': 65.1}","{'base_tech_score': 65.1, 'insider_bonus': 0.0, 'deviation_penalty': 0.0, 'blowoff_penalty': 0.0, 'short_excessive_penalty': 0.0, 'weekly_penalty': 10, 'resistance_penalty': 15, 'rr_penalty': 0.0, 'cmf_confluence_val': 0.0, 'penny_penalty': 0.0, 'penny_non_acc_penalty': 0.0, 'scalping_bonus': 0.0, 'fund_penalty': 0.0, 'macd_reversal_bonus': 0.0, 'sector_rs_bonus': 0.0, 'confluence_bonus': 0.0, 'short_squeeze_bonus': 0.0, 'ai_momentum_bonus': 0.0}",+0.00%,60.3,BUY,+0.00%,0.5,0.24,0.83,0.83,False,False
LINK-USD,Chainlink USD,$8.23,8.22700023651123,,,-0.89,58.6,50.5,0.0,False,False,False,49.6,Accumulation,"{'trend': 28.0, 'momentum': 56.3, 'flow': 65.0, 'volatility': 73, 'structure': 65.0, 'momentum_quality': 22.4, 'insider': 45.0}",2.0,,0.0,Tactical Hold,"중립 대기 (방향성 탐색 중, 뚜렷한 주도력 부재)",True,상승,하단,데드크로스 진행,-1.3,0.0,상승,-2362641264.5346212,,,,,,"[{'text': '매집 구간', 'cls': 'positive'}, {'text': '⚠️ 장기 매물대(저항선) 충돌 위험', 'cls': 'negative'}, {'text': 'Stoch 골든크로스', 'cls': 'positive'}, {'text': 'OBV 상승', 'cls': 'positive'}, {'text': '📉 AI 예상: +0.0%', 'cls': 'negative'}]","{'mfc': 50, 'wyckoff': 100, 'stochastic': 57.113196444109846, 'obv': 75, 'bollinger': 100, 'momentum_quality': 22.4, 'regime_score': 50, 'rr_score': 89.5, 'base_tech': 62.9}","{'base_tech_score': 62.9, 'insider_bonus': 0.0, 'deviation_penalty': 0.0, 'blowoff_penalty': 0.0, 'short_excessive_penalty': 0.0, 'weekly_penalty': 0.0, 'resistance_penalty': 15, 'rr_penalty': 0.0, 'cmf_confluence_val': 0.0, 'penny_penalty': 0.0, 'penny_non_acc_penalty': 0.0, 'scalping_bonus': 0.0, 'fund_penalty': 0.0, 'macd_reversal_bonus': 0.0, 'sector_rs_bonus': 0.0, 'confluence_bonus': 0.0, 'short_squeeze_bonus': 0.0, 'ai_momentum_bonus': 0.0}",+0.00%,58.6,HOLD,+0.00%,0.5,0.73,0.61,0.61,False,False
TRX-USD,TRON USD,$0.33,0.32988235354423523,,,0.34,58.4,59.9,0.0,False,False,False,55.8,Accumulation,"{'trend': 53.0, 'momentum': 82.0, 'flow': 45.0, 'volatility': 93, 'structure': 65.0, 'momentum_quality': 61.3, 'insider': 45.0}",2.0,,0.0,Aggressive Buy,매수 우위 (분할 매수 - 바닥 확인 후 모멘텀 턴어라운드),True,상승,상단,혼합,0.6,0.0,하락,12521235734.978193,,,,,,"[{'text': '매집 구간', 'cls': 'positive'}, {'text': '⚠️ 장기 매물대(저항선) 충돌 위험', 'cls': 'negative'}, {'text': '📊 VWAP 상회 주의', 'cls': 'neutral'}, {'text': '🎯 시그널 컨플루언스 (3)', 'cls': 'positive'}, {'text': 'Stoch 골든크로스', 'cls': 'positive'}, {'text': 'OBV 상승', 'cls': 'positive'}, {'text': 'Squeeze 대기', 'cls': 'neutral'}, {'text': '📉 AI 예상: +0.0%', 'cls': 'negative'}]","{'mfc': 60, 'wyckoff': 100, 'stochastic': 76.75611379399527, 'obv': 75, 'bollinger': 0, 'momentum_quality': 61.3, 'regime_score': 50, 'rr_score': 71.4, 'base_tech': 66.4}","{'base_tech_score': 66.4, 'insider_bonus': 0.0, 'deviation_penalty': 0.0, 'blowoff_penalty': 0.0, 'short_excessive_penalty': 0.0, 'weekly_penalty': 0.0, 'resistance_penalty': 15, 'rr_penalty': 0.0, 'cmf_confluence_val': 0.0, 'penny_penalty': 0.0, 'penny_non_acc_penalty': 0.0, 'scalping_bonus': 0.0, 'fund_penalty': 0.0, 'macd_reversal_bonus': 0.0, 'sector_rs_bonus': 0.0, 'confluence_bonus': 8.0, 'short_squeeze_bonus': 0.0, 'ai_momentum_bonus': 0.0}",+0.00%,58.4,HOLD,+0.00%,0.5,0.09,0.51,0.51,False,False
BMT-USD,Bubblemaps USD,$0.04,0.04128492996096611,,,215.03,54.9,61.3,0.0,False,False,False,95.9,Distribution,"{'trend': 73.0, 'momentum': 67.9, 'flow': 100, 'volatility': 3, 'structure': 30.0, 'momentum_quality': 100, 'insider': 45.0}",2.0,,0.0,Underweight,"매도 우위 (현금화 - 극단적 과열, 차익실현 필수)",True,상승,상단 돌파,혼합,207.7,-2.0,상승,193279956.69497642,,,,,,"[{'text': '분산 경고', 'cls': 'negative'}, {'text': '⚠️ 이격도 과다', 'cls': 'negative'}, {'text': '🚨 상단 클라이맥스', 'cls': 'negative'}, {'text': '🔥 Accumulation Confluence (CMF+ADL)', 'cls': 'positive'}, {'text': 'Stoch 골든크로스', 'cls': 'positive'}, {'text': 'OBV 상승', 'cls': 'positive'}, {'text': '📉 AI 예상: +0.0%', 'cls': 'negative'}]","{'mfc': 61, 'wyckoff': 30, 'stochastic': 65.79830679261505, 'obv': 75, 'bollinger': 0, 'momentum_quality': 100, 'regime_score': 40, 'rr_score': 85.2, 'base_tech': 58.8}","{'base_tech_score': 58.8, 'insider_bonus': 0.0, 'deviation_penalty': 20, 'blowoff_penalty': 30, 'short_excessive_penalty': 0.0, 'weekly_penalty': 0.0, 'resistance_penalty': 0.0, 'rr_penalty': 0.0, 'cmf_confluence_val': 0.0, 'penny_penalty': 0.0, 'penny_non_acc_penalty': 0.0, 'scalping_bonus': -2.0, 'fund_penalty': 0.0, 'macd_reversal_bonus': 0.0, 'sector_rs_bonus': 0.0, 'confluence_bonus': 0.0, 'short_squeeze_bonus': 0.0, 'ai_momentum_bonus': 0.0}",+0.00%,54.9,HOLD,+0.00%,0.5,21.91,109.53,109.53,False,False
DOGE-USD,Dogecoin USD,$0.07,0.06995999813079834,,,-0.61,54.8,43.0,0.0,False,False,False,43.7,Markdown,"{'trend': 5, 'momentum': 67.2, 'flow': 49.0, 'volatility': 93, 'structure': 15.0, 'momentum_quality': 47.1, 'insider': 45.0}",2.0,,0.0,Underweight,매도 우위 (투매 경고 - 강한 하방 압력),True,하락,하단,역배열,-0.8,0.0,상승,-11982469101.961653,,,,,,"[{'text': '하락 추세', 'cls': 'negative'}, {'text': '⚠️ 주봉 역배열(하락추세)', 'cls': 'negative'}, {'text': 'Stoch 골든크로스', 'cls': 'positive'}, {'text': 'Squeeze 대기', 'cls': 'neutral'}, {'text': '📉 AI 예상: +0.0%', 'cls': 'negative'}]","{'mfc': 43, 'wyckoff': 10, 'stochastic': 62.98480353777863, 'obv': 25, 'bollinger': 100, 'momentum_quality': 47.1, 'regime_score': 50, 'rr_score': 100, 'base_tech': 42.5}","{'base_tech_score': 42.5, 'insider_bonus': 0.0, 'deviation_penalty': 0.0, 'blowoff_penalty': 0.0, 'short_excessive_penalty': 0.0, 'weekly_penalty': 10, 'resistance_penalty': 0.0, 'rr_penalty': 0.0, 'cmf_confluence_val': 0.0, 'penny_penalty': 0.0, 'penny_non_acc_penalty': 0.0, 'scalping_bonus': 0.0, 'fund_penalty': 0.0, 'macd_reversal_bonus': 0.0, 'sector_rs_bonus': 0.0, 'confluence_bonus': 0.0, 'short_squeeze_bonus': 0.0, 'ai_momentum_bonus': 0.0}",+0.00%,54.8,HOLD,+0.00%,0.5,1.07,0.41,0.41,False,False
XRP-USD,XRP USD,$1.04,1.035099983215332,,,-0.34,52.3,33.2,0.0,False,False,False,39.5,Markdown,"{'trend': 5, 'momentum': 50.6, 'flow': 5.0, 'volatility': 83, 'structure': 30.0, 'momentum_quality': 20.2, 'insider': 45.0}",2.0,,0.0,Avoid / Sell-off,매도 우위 (전면 회피 - 다중지표 약세 컨플루언스 확인),True,하락,하단,역배열,-3.8,0.0,하락,-34201723171.39572,,,,,,"[{'text': '하락 추세', 'cls': 'negative'}, {'text': '⚠️ 주봉 역배열(하락추세)', 'cls': 'negative'}, {'text': 'Stoch 골든크로스', 'cls': 'positive'}, {'text': 'RSI 상승 다이버전스', 'cls': 'positive'}, {'text': '📉 AI 예상: +0.0%', 'cls': 'negative'}]","{'mfc': 33, 'wyckoff': 10, 'stochastic': 62.37342901444049, 'obv': 25, 'bollinger': 100, 'momentum_quality': 20.2, 'regime_score': 50, 'rr_score': 100, 'base_tech': 34.9}","{'base_tech_score': 34.9, 'insider_bonus': 0.0, 'deviation_penalty': 0.0, 'blowoff_penalty': 0.0, 'short_excessive_penalty': 0.0, 'weekly_penalty': 10, 'resistance_penalty': 0.0, 'rr_penalty': 0.0, 'cmf_confluence_val': 0.0, 'penny_penalty': 0.0, 'penny_non_acc_penalty': 0.0, 'scalping_bonus': 0.0, 'fund_penalty': 0.0, 'macd_reversal_bonus': 0.0, 'sector_rs_bonus': 0.0, 'confluence_bonus': 0.0, 'short_squeeze_bonus': 0.0, 'ai_momentum_bonus': 0.0}",+0.00%,52.3,HOLD,+0.00%,0.5,0.67,0.5,0.5,False,False
LEO-USD,UNUS SED LEO USD,$9.65,9.651749610900879,,,-0.52,52.1,39.9,0.0,False,False,False,44.3,Distribution,"{'trend': 45.0, 'momentum': 39.1, 'flow': 5.0, 'volatility': 93, 'structure': 20.0, 'momentum_quality': 31.5, 'insider': 45.0}",2.0,,0.0,Underweight,매도 우위 (투매 경고 - 강한 하방 압력),False,하락,하단 이탈,데드크로스 진행,-0.8,0.0,하락,27349999.218264755,,,,,,"[{'text': '분산 경고', 'cls': 'negative'}, {'text': 'Squeeze 대기', 'cls': 'neutral'}, {'text': '📉 AI 예상: +0.0%', 'cls': 'negative'}]","{'mfc': 40, 'wyckoff': 30, 'stochastic': 0, 'obv': 25, 'bollinger': 100, 'momentum_quality': 31.5, 'regime_score': 50, 'rr_score': 91.0, 'base_tech': 35.1}","{'base_tech_score': 35.1, 'insider_bonus': 0.0, 'deviation_penalty': 0.0, 'blowoff_penalty': 0.0, 'short_excessive_penalty': 0.0, 'weekly_penalty': 0.0, 'resistance_penalty': 0.0, 'rr_penalty': 0.0, 'cmf_confluence_val': 0.0, 'penny_penalty': 0.0, 'penny_non_acc_penalty': 0.0, 'scalping_bonus': 0.0, 'fund_penalty': 0.0, 'macd_reversal_bonus': 0.0, 'sector_rs_bonus': 0.0, 'confluence_bonus': 0.0, 'short_squeeze_bonus': 0.0, 'ai_momentum_bonus': 0.0}",+0.00%,52.1,HOLD,+0.00%,0.5,-0.62,0.36,0.36,False,False
BCH-USD,Bitcoin Cash USD,$216.26,216.25999450683594,,,0.14,52.1,64.4,0.0,False,False,False,49.3,Accumulation,"{'trend': 55.0, 'momentum': 76.7, 'flow': 77.0, 'volatility': 83, 'structure': 75.0, 'momentum_quality': 59.3, 'insider': 45.0}",2.0,,0.0,Aggressive Buy,매수 우위 (분할 매수 - 바닥 확인 후 모멘텀 턴어라운드),True,상승,상단,골든크로스 진행,1.1,0.0,상승,-3652377229.5453787,,,,,,"[{'text': '매집 구간', 'cls': 'positive'}, {'text': '⚠️ 주봉 역배열(하락추세)', 'cls': 'negative'}, {'text': '📊 VWAP 상회 주의', 'cls': 'neutral'}, {'text': '🎯 시그널 컨플루언스 (3)', 'cls': 'positive'}, {'text': 'Stoch 골든크로스', 'cls': 'positive'}, {'text': 'OBV 상승', 'cls': 'positive'}, {'text': 'Squeeze 대기', 'cls': 'neutral'}]","{'mfc': 64, 'wyckoff': 100, 'stochastic': 65.65215497505451, 'obv': 75, 'bollinger': 0, 'momentum_quality': 59.3, 'regime_score': 50, 'rr_score': 100, 'base_tech': 66.3}","{'base_tech_score': 66.3, 'insider_bonus': 0.0, 'deviation_penalty': 0.0, 'blowoff_penalty': 0.0, 'short_excessive_penalty': 0.0, 'weekly_penalty': 10, 'resistance_penalty': 0.0, 'rr_penalty': 0.0, 'cmf_confluence_val': 0.0, 'penny_penalty': 0.0, 'penny_non_acc_penalty': 0.0, 'scalping_bonus': 0.0, 'fund_penalty': 0.0, 'macd_reversal_bonus': 0.0, 'sector_rs_bonus': 0.0, 'confluence_bonus': 8.0, 'short_squeeze_bonus': 0.0, 'ai_momentum_bonus': 0.0}",N/A,,,,,0.82,0.27,0.27,False,False
GRAM-USD,Gram (prev. Toncoin) USD,$1.34,1.3354719877243042,,,-2.05,51.7,52.9,0.0,False,False,False,37.8,Accumulation,"{'trend': 71.0, 'momentum': 36.1, 'flow': 57.0, 'volatility': 48, 'structure': 65.0, 'momentum_quality': 23.8, 'insider': 45.0}",2.0,,0.0,Tactical Hold,매도 우위 (하방 경계 - 바닥 탐색 진행 중),False,하락,하단,혼합,-6.5,0.0,상승,-220386635.47381863,,,,,,"[{'text': '매집 구간', 'cls': 'positive'}, {'text': '🔥 Accumulation Confluence (CMF+ADL)', 'cls': 'positive'}]","{'mfc': 53, 'wyckoff': 100, 'stochastic': 39.92080322208825, 'obv': 25, 'bollinger': 100, 'momentum_quality': 23.8, 'regime_score': 50, 'rr_score': 100, 'base_tech': 55.9}","{'base_tech_score': 55.9, 'insider_bonus': 0.0, 'deviation_penalty': 0.0, 'blowoff_penalty': 0.0, 'short_excessive_penalty': 0.0, 'weekly_penalty': 0.0, 'resistance_penalty': 0.0, 'rr_penalty': 0.0, 'cmf_confluence_val': 0.0, 'penny_penalty': 0.0, 'penny_non_acc_penalty': 0.0, 'scalping_bonus': 0.0, 'fund_penalty': 0.0, 'macd_reversal_bonus': 0.0, 'sector_rs_bonus': 0.0, 'confluence_bonus': 0.0, 'short_squeeze_bonus': 0.0, 'ai_momentum_bonus': 0.0}",N/A,,,,,1.57,0.43,0.43,False,False
XLM-USD,Stellar USD,$0.16,0.16412700712680817,,,-0.18,28.3,38.4,0.0,False,False,False,36.3,Distribution,"{'trend': 40.0, 'momentum': 46.6, 'flow': 0, 'volatility': 53, 'structure': 45.0, 'momentum_quality': 28.3, 'insider': 45.0}",2.0,,0.0,Underweight,매도 우위 (투매 경고 - 강한 하방 압력),True,하락,하단,혼합,-5.2,0.0,하락,-4237775855.8188076,,,,,,"[{'text': '분산 경고', 'cls': 'negative'}, {'text': 'Stoch 골든크로스', 'cls': 'positive'}, {'text': 'RSI 상승 다이버전스', 'cls': 'positive'}]","{'mfc': 38, 'wyckoff': 30, 'stochastic': 63.32835292007011, 'obv': 25, 'bollinger': 100, 'momentum_quality': 28.3, 'regime_score': 50, 'rr_score': 100, 'base_tech': 41.7}","{'base_tech_score': 41.7, 'insider_bonus': 0.0, 'deviation_penalty': 0.0, 'blowoff_penalty': 0.0, 'short_excessive_penalty': 0.0, 'weekly_penalty': 0.0, 'resistance_penalty': 0.0, 'rr_penalty': 0.0, 'cmf_confluence_val': -6, 'penny_penalty': 0.0, 'penny_non_acc_penalty': 0.0, 'scalping_bonus': 0.0, 'fund_penalty': 0.0, 'macd_reversal_bonus': 0.0, 'sector_rs_bonus': 0.0, 'confluence_bonus': 0.0, 'short_squeeze_bonus': 0.0, 'ai_momentum_bonus': 0.0}",N/A,,,,,1.62,0.27,0.27,False,False
