ticker,name,price,close_raw,sector,industry,change_pct,rec_score,mfc_score,held_percent_insiders,low_float,short_squeeze,ai_momentum,rsi,phase,mfc_breakdown,short_interest_adj,short_interest_change,short_interest_ratio,rating,advice_short,stoch_golden,obv_trend,bollinger,ma_alignment,deviation_pct,scalping_bonus,adl_trend,adl_val,eps_growth,revenue_growth,gross_margin,operating_margin,free_cashflow,tags,factors,audit_info,ai_prediction,actionScore,recommendation,predictedResult,ai_confidence,gap_pct,volume_surge,volume_surge_projected,near_52w_high,premarket_active
068270.KS,Celltrion,"202,500원",202500.0,Healthcare,Biotechnology,-3.8,86.3,71.3,0.36181,False,False,False,64.7,Markup,"{'trend': 73.0, 'momentum': 81.8, 'flow': 89.0, 'volatility': 53, 'structure': 65.0, 'momentum_quality': 100, 'insider': 50.0}",2.0,,0.0,Core Holding,매수 우위 (안정적 상승 추세 안착),False,상승,상단,혼합,9.6,5.0,상승,-6961274.987876719,2.185,0.36,0.60687,0.28111,20776984576.0,"[{'text': '상승 추세', 'cls': 'positive'}, {'text': 'OBV 상승', 'cls': 'positive'}, {'text': '📈 EPS 반등/턴어라운드', 'cls': 'positive'}, {'text': '🚀 매출 고성장', 'cls': 'positive'}]","{'mfc': 71, 'wyckoff': 80, 'stochastic': 37.48052149941689, 'obv': 75, 'bollinger': 0, 'momentum_quality': 100, 'regime_score': 50, 'rr_score': 69.3, 'base_tech': np.float64(67.9)}","{'base_tech_score': np.float64(67.9), 'insider_bonus': 0.0, 'deviation_penalty': 0.0, 'blowoff_penalty': 0.0, 'short_excessive_penalty': 0.0, 'weekly_penalty': 0.0, 'resistance_penalty': 0.0, 'rr_penalty': 0.0, 'cmf_confluence_val': 0.0, 'penny_penalty': 0.0, 'penny_non_acc_penalty': 0.0, 'scalping_bonus': 5.0, 'fund_penalty': -25.0, 'macd_reversal_bonus': 0.0, 'sector_rs_bonus': 0.0, 'confluence_bonus': 0.0, 'short_squeeze_bonus': 0.0, 'ai_momentum_bonus': 0.0}",N/A,,,,,-3.8,0.78,1.28,False,False
005930.KS,SamsungElec,"258,500원",258500.0,Technology,Consumer Electronics,7.93,85.0,54.6,0.09689,False,False,False,50.9,Accumulation,"{'trend': 48.0, 'momentum': 79.8, 'flow': 37.0, 'volatility': 3, 'structure': 65.0, 'momentum_quality': 81.8, 'insider': 50.0}",2.0,,0.0,Tactical Hold,"중립 대기 (방향성 탐색 중, 뚜렷한 주도력 부재)",True,상승,상단,혼합,5.8,10.0,하락,-134798221.81913358,13.551,1.299,0.57488,0.52187,56693408923648.0,"[{'text': '매집 구간', 'cls': 'positive'}, {'text': '📊 VWAP 상회 주의', 'cls': 'neutral'}, {'text': 'Stoch 골든크로스', 'cls': 'positive'}, {'text': 'OBV 상승', 'cls': 'positive'}, {'text': '📈 EPS 반등/턴어라운드', 'cls': 'positive'}, {'text': '🚀 매출 고성장', 'cls': 'positive'}]","{'mfc': 55, 'wyckoff': 100, 'stochastic': 76.18859927470228, 'obv': 75, 'bollinger': 0, 'momentum_quality': 81.8, 'regime_score': 50, 'rr_score': 100, 'base_tech': np.float64(67.5)}","{'base_tech_score': np.float64(67.5), 'insider_bonus': 0.0, 'deviation_penalty': 0.0, 'blowoff_penalty': 0.0, 'short_excessive_penalty': 0.0, 'weekly_penalty': 0.0, 'resistance_penalty': 0.0, 'rr_penalty': 0.0, 'cmf_confluence_val': -6, 'penny_penalty': 0.0, 'penny_non_acc_penalty': 0.0, 'scalping_bonus': 10.0, 'fund_penalty': -25.0, 'macd_reversal_bonus': 0.0, 'sector_rs_bonus': 0.0, 'confluence_bonus': 0.0, 'short_squeeze_bonus': 0.0, 'ai_momentum_bonus': 0.0}",N/A,,,,,7.93,0.56,0.91,False,False
032830.KS,SAMSUNG LIFE,"306,500원",306500.0,Financial Services,Insurance - Life,5.87,79.8,60.3,0.4984,False,False,False,48.4,Markup,"{'trend': 40.0, 'momentum': 73.6, 'flow': 84.0, 'volatility': 43, 'structure': 80.0, 'momentum_quality': 39.9, 'insider': 50.0}",2.0,,0.0,Core Holding,매수 우위 (안정적 상승 추세 안착),True,상승,상단,혼합,2.3,10.0,상승,2633805.782516286,0.895,0.593,0.6019,0.03263,-46419025068032.0,"[{'text': '상승 추세', 'cls': 'positive'}, {'text': '📊 VWAP 상회 주의', 'cls': 'neutral'}, {'text': 'Stoch 골든크로스', 'cls': 'positive'}, {'text': 'OBV 상승', 'cls': 'positive'}, {'text': '📈 EPS 반등/턴어라운드', 'cls': 'positive'}, {'text': '🚀 매출 고성장', 'cls': 'positive'}]","{'mfc': 60, 'wyckoff': 80, 'stochastic': 77.30758226478905, 'obv': 75, 'bollinger': 0, 'momentum_quality': 39.9, 'regime_score': 50, 'rr_score': 100, 'base_tech': np.float64(59.8)}","{'base_tech_score': np.float64(59.8), 'insider_bonus': 0.0, 'deviation_penalty': 0.0, 'blowoff_penalty': 0.0, 'short_excessive_penalty': 0.0, 'weekly_penalty': 0.0, 'resistance_penalty': 0.0, 'rr_penalty': 0.0, 'cmf_confluence_val': 0.0, 'penny_penalty': 0.0, 'penny_non_acc_penalty': 0.0, 'scalping_bonus': 10.0, 'fund_penalty': -20.0, 'macd_reversal_bonus': 0.0, 'sector_rs_bonus': 0.0, 'confluence_bonus': 0.0, 'short_squeeze_bonus': 0.0, 'ai_momentum_bonus': 0.0}",N/A,,,,,5.87,0.42,0.69,False,False
010120.KS,LS ELECTRIC,"208,000원",208000.0,Industrials,Electrical Equipment & Parts,2.46,78.8,58.6,0.48534,False,False,False,52.2,Accumulation,"{'trend': 68.0, 'momentum': 78.2, 'flow': 44.0, 'volatility': 23, 'structure': 75.0, 'momentum_quality': 68.8, 'insider': 50.0}",2.0,,0.0,Tactical Hold,매도 우위 (하방 경계 - 바닥 탐색 진행 중),True,하락,상단,골든크로스 진행,7.5,10.0,상승,-9505655.92547049,0.725,0.334,0.21058,0.09189,-33207713792.0,"[{'text': '매집 구간', 'cls': 'positive'}, {'text': '📊 VWAP 상회 주의', 'cls': 'neutral'}, {'text': 'Stoch 골든크로스', 'cls': 'positive'}, {'text': '📈 EPS 반등/턴어라운드', 'cls': 'positive'}, {'text': '🚀 매출 고성장', 'cls': 'positive'}]","{'mfc': 59, 'wyckoff': 100, 'stochastic': 55.163817663817696, 'obv': 25, 'bollinger': 0, 'momentum_quality': 68.8, 'regime_score': 50, 'rr_score': 100, 'base_tech': np.float64(58.4)}","{'base_tech_score': np.float64(58.4), 'insider_bonus': 0.0, 'deviation_penalty': 0.0, 'blowoff_penalty': 0.0, 'short_excessive_penalty': 0.0, 'weekly_penalty': 0.0, 'resistance_penalty': 0.0, 'rr_penalty': 0.0, 'cmf_confluence_val': 0.0, 'penny_penalty': 0.0, 'penny_non_acc_penalty': 0.0, 'scalping_bonus': 10.0, 'fund_penalty': -20.0, 'macd_reversal_bonus': 0.0, 'sector_rs_bonus': 0.0, 'confluence_bonus': 0.0, 'short_squeeze_bonus': 0.0, 'ai_momentum_bonus': 0.0}",N/A,,,,,2.46,0.27,0.44,False,False
066570.KS,LGELECTRONICS,"206,500원",206500.0,Technology,Consumer Electronics,13.96,72.9,71.9,0.35312998,False,False,False,59.7,Markup,"{'trend': 68.0, 'momentum': 100, 'flow': 100, 'volatility': 3, 'structure': 80.0, 'momentum_quality': 84.0, 'insider': 50.0}",2.0,,0.0,Tactical Overweight,매수 우위 (강력 매수 - 다중지표 강세 컨플루언스 확인),True,상승,상단 돌파,골든크로스 진행,18.8,10.0,상승,-5978797.125773544,0.021,0.043,0.23743,0.070539996,2337128579072.0,"[{'text': '상승 추세', 'cls': 'positive'}, {'text': 'Stoch 골든크로스', 'cls': 'positive'}, {'text': 'OBV 상승', 'cls': 'positive'}, {'text': '📉 AI 예상: +0.0%', 'cls': 'negative'}]","{'mfc': 72, 'wyckoff': 80, 'stochastic': 60.21325234030385, 'obv': 75, 'bollinger': 0, 'momentum_quality': 84.0, 'regime_score': 50, 'rr_score': 100, 'base_tech': np.float64(68.4)}","{'base_tech_score': np.float64(68.4), 'insider_bonus': 0.0, 'deviation_penalty': 0.0, 'blowoff_penalty': 0.0, 'short_excessive_penalty': 0.0, 'weekly_penalty': 0.0, 'resistance_penalty': 0.0, 'rr_penalty': 0.0, 'cmf_confluence_val': 0.0, 'penny_penalty': 0.0, 'penny_non_acc_penalty': 0.0, 'scalping_bonus': 10.0, 'fund_penalty': 0.0, 'macd_reversal_bonus': 0.0, 'sector_rs_bonus': 0.0, 'confluence_bonus': 0.0, 'short_squeeze_bonus': 0.0, 'ai_momentum_bonus': 0.0}",+0.00%,72.9,BUY,+0.00%,0.5,14.24,0.95,1.54,False,False
028260.KS,SAMSUNG C&T,"359,000원",359000.0,Industrials,Engineering & Construction,4.21,72.5,63.7,0.48700002,False,False,False,50.6,Accumulation,"{'trend': 60.0, 'momentum': 81.0, 'flow': 72.0, 'volatility': 23, 'structure': 75.0, 'momentum_quality': 86.1, 'insider': 50.0}",2.0,,0.0,Aggressive Buy,매수 우위 (분할 매수 - 바닥 확인 후 모멘텀 턴어라운드),True,상승,상단,골든크로스 진행,6.9,10.0,상승,-1730888.7421098212,0.152,0.075,0.18818001,0.06871,948216266752.0,"[{'text': '매집 구간', 'cls': 'positive'}, {'text': '📊 VWAP 상회 주의', 'cls': 'neutral'}, {'text': 'Stoch 골든크로스', 'cls': 'positive'}, {'text': 'OBV 상승', 'cls': 'positive'}, {'text': '📉 AI 예상: +0.0%', 'cls': 'negative'}]","{'mfc': 64, 'wyckoff': 100, 'stochastic': 71.54415099710886, 'obv': 75, 'bollinger': 0, 'momentum_quality': 86.1, 'regime_score': 50, 'rr_score': 100, 'base_tech': np.float64(70.8)}","{'base_tech_score': np.float64(70.8), 'insider_bonus': 0.0, 'deviation_penalty': 0.0, 'blowoff_penalty': 0.0, 'short_excessive_penalty': 0.0, 'weekly_penalty': 0.0, 'resistance_penalty': 0.0, 'rr_penalty': 0.0, 'cmf_confluence_val': 0.0, 'penny_penalty': 0.0, 'penny_non_acc_penalty': 0.0, 'scalping_bonus': 10.0, 'fund_penalty': -5.0, 'macd_reversal_bonus': 0.0, 'sector_rs_bonus': 0.0, 'confluence_bonus': 0.0, 'short_squeeze_bonus': 0.0, 'ai_momentum_bonus': 0.0}",+0.00%,72.5,BUY,+0.00%,0.5,4.21,0.28,0.46,False,False
005935.KS,SamsungElec(1P),"188,500원",188500.0,Technology,Consumer Electronics,4.61,72.2,61.7,0.00077,False,False,False,52.9,Accumulation,"{'trend': 68.0, 'momentum': 82.1, 'flow': 37.0, 'volatility': 23, 'structure': 75.0, 'momentum_quality': 83.4, 'insider': 50.0}",2.0,,0.0,Aggressive Buy,매수 우위 (분할 매수 - 바닥 확인 후 모멘텀 턴어라운드),True,상승,상단,골든크로스 진행,7.0,10.0,하락,12932049.79876611,13.551,1.299,0.57488,0.52187,56693408923648.0,"[{'text': '매집 구간', 'cls': 'positive'}, {'text': '📊 VWAP 상회 주의', 'cls': 'neutral'}, {'text': 'Stoch 골든크로스', 'cls': 'positive'}, {'text': 'OBV 상승', 'cls': 'positive'}, {'text': '📈 EPS 반등/턴어라운드', 'cls': 'positive'}, {'text': '🚀 매출 고성장', 'cls': 'positive'}, {'text': '📉 AI 예상: +0.0%', 'cls': 'negative'}]","{'mfc': 62, 'wyckoff': 100, 'stochastic': 74.73326259980155, 'obv': 75, 'bollinger': 0, 'momentum_quality': 83.4, 'regime_score': 50, 'rr_score': 100, 'base_tech': np.float64(70.1)}","{'base_tech_score': np.float64(70.1), 'insider_bonus': 0.0, 'deviation_penalty': 0.0, 'blowoff_penalty': 0.0, 'short_excessive_penalty': 0.0, 'weekly_penalty': 0.0, 'resistance_penalty': 0.0, 'rr_penalty': 0.0, 'cmf_confluence_val': -6, 'penny_penalty': 0.0, 'penny_non_acc_penalty': 0.0, 'scalping_bonus': 10.0, 'fund_penalty': -25.0, 'macd_reversal_bonus': 0.0, 'sector_rs_bonus': 0.0, 'confluence_bonus': 0.0, 'short_squeeze_bonus': 0.0, 'ai_momentum_bonus': 0.0}",+0.00%,72.2,BUY,+0.00%,0.5,4.72,0.42,0.68,False,False
034020.KS,Doosan Enerbility,"80,500원",80500.0,Industrials,Specialty Industrial Machinery,3.34,72.0,65.2,0.30894,False,False,False,56.0,Markup,"{'trend': 63.0, 'momentum': 84.5, 'flow': 93.0, 'volatility': 3, 'structure': 80.0, 'momentum_quality': 98.2, 'insider': 50.0}",2.0,,0.0,Tactical Overweight,매수 우위 (강력 매수 - 다중지표 강세 컨플루언스 확인),True,상승,상단,골든크로스 진행,13.2,10.0,상승,-44882176.98596721,,0.137,0.16447,0.054640003,119446126592.0,"[{'text': '상승 추세', 'cls': 'positive'}, {'text': '⚠️ 주봉 역배열(하락추세)', 'cls': 'negative'}, {'text': '📊 VWAP 상회 주의', 'cls': 'neutral'}, {'text': 'Stoch 골든크로스', 'cls': 'positive'}, {'text': 'OBV 상승', 'cls': 'positive'}, {'text': '📉 AI 예상: +0.0%', 'cls': 'negative'}]","{'mfc': 65, 'wyckoff': 80, 'stochastic': 52.58661236067358, 'obv': 75, 'bollinger': 0, 'momentum_quality': 98.2, 'regime_score': 50, 'rr_score': 100, 'base_tech': np.float64(67.3)}","{'base_tech_score': np.float64(67.3), 'insider_bonus': 0.0, 'deviation_penalty': 0.0, 'blowoff_penalty': 0.0, 'short_excessive_penalty': 0.0, 'weekly_penalty': 10, 'resistance_penalty': 0.0, 'rr_penalty': 0.0, 'cmf_confluence_val': 0.0, 'penny_penalty': 0.0, 'penny_non_acc_penalty': 0.0, 'scalping_bonus': 10.0, 'fund_penalty': -3.0, 'macd_reversal_bonus': 0.0, 'sector_rs_bonus': 0.0, 'confluence_bonus': 0.0, 'short_squeeze_bonus': 0.0, 'ai_momentum_bonus': 0.0}",+0.00%,72.0,BUY,+0.00%,0.5,3.21,0.43,0.7,False,False
006400.KS,"SAMSUNG SDI CO.,LTD.","483,000원",483000.0,Industrials,Electrical Equipment & Parts,5.11,71.9,64.5,0.22959,False,False,False,57.1,Markup,"{'trend': 60.0, 'momentum': 91.0, 'flow': 81.0, 'volatility': 3, 'structure': 80.0, 'momentum_quality': 98.2, 'insider': 50.0}",2.0,,0.0,Tactical Overweight,매수 우위 (강력 매수 - 다중지표 강세 컨플루언스 확인),True,상승,상단,골든크로스 진행,13.6,10.0,상승,-317339.61040689785,1.048,0.186,0.17543,0.054130003,,"[{'text': '상승 추세', 'cls': 'positive'}, {'text': '📊 VWAP 상회 주의', 'cls': 'neutral'}, {'text': 'Stoch 골든크로스', 'cls': 'positive'}, {'text': 'OBV 상승', 'cls': 'positive'}, {'text': '📈 EPS 반등/턴어라운드', 'cls': 'positive'}, {'text': '📉 AI 예상: +0.0%', 'cls': 'negative'}]","{'mfc': 64, 'wyckoff': 80, 'stochastic': 53.11107962521941, 'obv': 75, 'bollinger': 0, 'momentum_quality': 98.2, 'regime_score': 50, 'rr_score': 100, 'base_tech': np.float64(67.1)}","{'base_tech_score': np.float64(67.1), 'insider_bonus': 0.0, 'deviation_penalty': 0.0, 'blowoff_penalty': 0.0, 'short_excessive_penalty': 0.0, 'weekly_penalty': 0.0, 'resistance_penalty': 0.0, 'rr_penalty': 0.0, 'cmf_confluence_val': 0.0, 'penny_penalty': 0.0, 'penny_non_acc_penalty': 0.0, 'scalping_bonus': 10.0, 'fund_penalty': -18.0, 'macd_reversal_bonus': 0.0, 'sector_rs_bonus': 0.0, 'confluence_bonus': 0.0, 'short_squeeze_bonus': 0.0, 'ai_momentum_bonus': 0.0}",+0.00%,71.9,BUY,+0.00%,0.5,5.33,0.57,0.92,False,False
012450.KS,HANWHA AEROSPACE,"1,152,000원",1152000.0,Industrials,Aerospace & Defense,4.92,71.2,68.0,0.36861,False,False,False,61.8,Markup,"{'trend': 76.0, 'momentum': 90.0, 'flow': 76.0, 'volatility': 3, 'structure': 80.0, 'momentum_quality': 92.2, 'insider': 50.0}",2.0,,0.0,Tactical Overweight,매수 우위 (강력 매수 - 다중지표 강세 컨플루언스 확인),False,상승,상단,골든크로스 진행,19.2,10.0,상승,-2859322.486794155,3.381,0.049,0.20881,0.111090004,-808671772672.0,"[{'text': '상승 추세', 'cls': 'positive'}, {'text': '⚠️ 주봉 역배열(하락추세)', 'cls': 'negative'}, {'text': '📊 VWAP 상회 주의', 'cls': 'neutral'}, {'text': 'OBV 상승', 'cls': 'positive'}, {'text': '📈 EPS 반등/턴어라운드', 'cls': 'positive'}, {'text': '📉 AI 예상: +0.0%', 'cls': 'negative'}]","{'mfc': 68, 'wyckoff': 80, 'stochastic': 43.820536536952055, 'obv': 75, 'bollinger': 0, 'momentum_quality': 92.2, 'regime_score': 50, 'rr_score': 90.9, 'base_tech': np.float64(66.3)}","{'base_tech_score': np.float64(66.3), 'insider_bonus': 0.0, 'deviation_penalty': 0.0, 'blowoff_penalty': 0.0, 'short_excessive_penalty': 0.0, 'weekly_penalty': 10, 'resistance_penalty': 0.0, 'rr_penalty': 0.0, 'cmf_confluence_val': 0.0, 'penny_penalty': 0.0, 'penny_non_acc_penalty': 0.0, 'scalping_bonus': 10.0, 'fund_penalty': -10.0, 'macd_reversal_bonus': 0.0, 'sector_rs_bonus': 0.0, 'confluence_bonus': 0.0, 'short_squeeze_bonus': 0.0, 'ai_momentum_bonus': 0.0}",+0.00%,71.2,BUY,+0.00%,0.5,4.83,0.22,0.36,False,False
000150.KS,DOOSAN,"1,274,000원",1274000.0,Industrials,Conglomerates,8.24,71.1,59.0,0.41245,False,False,False,51.4,Accumulation,"{'trend': 68.0, 'momentum': 79.8, 'flow': 52.0, 'volatility': 3, 'structure': 75.0, 'momentum_quality': 75.6, 'insider': 50.0}",2.0,,0.0,Aggressive Buy,매수 우위 (분할 매수 - 바닥 확인 후 모멘텀 턴어라운드),True,상승,상단,골든크로스 진행,8.2,10.0,상승,-5675.841250373087,0.654,0.177,0.17668,0.06722,660197474304.0,"[{'text': '매집 구간', 'cls': 'positive'}, {'text': '📊 VWAP 상회 주의', 'cls': 'neutral'}, {'text': 'Stoch 골든크로스', 'cls': 'positive'}, {'text': 'OBV 상승', 'cls': 'positive'}, {'text': '📈 EPS 반등/턴어라운드', 'cls': 'positive'}, {'text': '📉 AI 예상: +0.0%', 'cls': 'negative'}]","{'mfc': 59, 'wyckoff': 100, 'stochastic': 59.18758145342956, 'obv': 75, 'bollinger': 0, 'momentum_quality': 75.6, 'regime_score': 50, 'rr_score': 100, 'base_tech': np.float64(66.1)}","{'base_tech_score': np.float64(66.1), 'insider_bonus': 0.0, 'deviation_penalty': 0.0, 'blowoff_penalty': 0.0, 'short_excessive_penalty': 0.0, 'weekly_penalty': 0.0, 'resistance_penalty': 0.0, 'rr_penalty': 0.0, 'cmf_confluence_val': 0.0, 'penny_penalty': 0.0, 'penny_non_acc_penalty': 0.0, 'scalping_bonus': 10.0, 'fund_penalty': -18.0, 'macd_reversal_bonus': 0.0, 'sector_rs_bonus': 0.0, 'confluence_bonus': 0.0, 'short_squeeze_bonus': 0.0, 'ai_momentum_bonus': 0.0}",+0.00%,71.1,BUY,+0.00%,0.5,8.24,0.31,0.51,False,False
064350.KS,HYUNDAI ROTEM,"144,900원",144900.0,Industrials,Railroads,2.48,71.1,57.7,0.33769,False,False,False,45.8,Accumulation,"{'trend': 55.0, 'momentum': 70.9, 'flow': 40.0, 'volatility': 23, 'structure': 75.0, 'momentum_quality': 90.4, 'insider': 50.0}",2.0,,0.0,Tactical Hold,매도 우위 (하방 경계 - 바닥 탐색 진행 중),False,상승,상단,골든크로스 진행,0.6,10.0,하락,-12889161.703934709,-0.023,0.133,0.19083,0.14471,,"[{'text': '매집 구간', 'cls': 'positive'}, {'text': '⚠️ 주봉 역배열(하락추세)', 'cls': 'negative'}, {'text': '📊 VWAP 상회 주의', 'cls': 'neutral'}, {'text': 'OBV 상승', 'cls': 'positive'}, {'text': '📉 AI 예상: +0.0%', 'cls': 'negative'}]","{'mfc': 58, 'wyckoff': 100, 'stochastic': 46.846596178816554, 'obv': 75, 'bollinger': 0, 'momentum_quality': 90.4, 'regime_score': 50, 'rr_score': 100, 'base_tech': np.float64(66.4)}","{'base_tech_score': np.float64(66.4), 'insider_bonus': 0.0, 'deviation_penalty': 0.0, 'blowoff_penalty': 0.0, 'short_excessive_penalty': 0.0, 'weekly_penalty': 10, 'resistance_penalty': 0.0, 'rr_penalty': 0.0, 'cmf_confluence_val': 0.0, 'penny_penalty': 0.0, 'penny_non_acc_penalty': 0.0, 'scalping_bonus': 10.0, 'fund_penalty': -3.0, 'macd_reversal_bonus': 0.0, 'sector_rs_bonus': 0.0, 'confluence_bonus': 0.0, 'short_squeeze_bonus': 0.0, 'ai_momentum_bonus': 0.0}",+0.00%,71.1,BUY,+0.00%,0.5,2.48,0.27,0.43,False,False
042700.KS,HANMISemi,"217,000원",217000.0,Technology,Semiconductor Equipment & Materials,1.88,70.5,51.4,0.55786,False,False,False,50.2,Accumulation,"{'trend': 5, 'momentum': 83.4, 'flow': 84.0, 'volatility': 3, 'structure': 65.0, 'momentum_quality': 74.7, 'insider': 50.0}",2.0,,0.0,Tactical Hold,"중립 대기 (방향성 탐색 중, 뚜렷한 주도력 부재)",True,상승,상단,역배열,4.2,10.0,상승,12471576.273891574,-0.652,-0.655,0.55638003,0.16613,81983864832.0,"[{'text': '매집 구간', 'cls': 'positive'}, {'text': '⚠️ 주봉 역배열(하락추세)', 'cls': 'negative'}, {'text': '📊 VWAP 상회 주의', 'cls': 'neutral'}, {'text': 'Stoch 골든크로스', 'cls': 'positive'}, {'text': 'OBV 상승', 'cls': 'positive'}, {'text': '🚨 EPS 급락(-65%)', 'cls': 'negative'}, {'text': '🚨 매출 강하락(-66%)', 'cls': 'negative'}, {'text': '📉 AI 예상: +0.0%', 'cls': 'negative'}]","{'mfc': 51, 'wyckoff': 100, 'stochastic': 86.2933191721072, 'obv': 75, 'bollinger': 0, 'momentum_quality': 74.7, 'regime_score': 50, 'rr_score': 100, 'base_tech': np.float64(66.6)}","{'base_tech_score': np.float64(66.6), 'insider_bonus': 0.0, 'deviation_penalty': 0.0, 'blowoff_penalty': 0.0, 'short_excessive_penalty': 0.0, 'weekly_penalty': 10, 'resistance_penalty': 0.0, 'rr_penalty': 0.0, 'cmf_confluence_val': 0.0, 'penny_penalty': 0.0, 'penny_non_acc_penalty': 0.0, 'scalping_bonus': 10.0, 'fund_penalty': 35.0, 'macd_reversal_bonus': 0.0, 'sector_rs_bonus': 0.0, 'confluence_bonus': 0.0, 'short_squeeze_bonus': 0.0, 'ai_momentum_bonus': 0.0}",+0.00%,70.5,BUY,+0.00%,0.5,2.0,0.29,0.48,False,False
373220.KS,LG Energy Solution,"362,000원",362000.0,Industrials,Electrical Equipment & Parts,2.12,70.5,62.0,0.79714996,False,False,False,55.9,Markup,"{'trend': 55.0, 'momentum': 76.2, 'flow': 84.0, 'volatility': 33, 'structure': 80.0, 'momentum_quality': 74.9, 'insider': 50.0}",2.0,,0.0,Core Holding,매수 우위 (안정적 상승 추세 안착),False,상승,상단,골든크로스 진행,8.6,10.0,상승,-1515917.4361551031,,-0.025,0.17038,-0.031689998,-8243463585792.0,"[{'text': '상승 추세', 'cls': 'positive'}, {'text': '⚠️ 주봉 역배열(하락추세)', 'cls': 'negative'}, {'text': '📊 VWAP 상회 주의', 'cls': 'neutral'}, {'text': 'OBV 상승', 'cls': 'positive'}, {'text': '📉 AI 예상: +0.0%', 'cls': 'negative'}]","{'mfc': 62, 'wyckoff': 80, 'stochastic': 42.28743860251637, 'obv': 75, 'bollinger': 0, 'momentum_quality': 74.9, 'regime_score': 50, 'rr_score': 100, 'base_tech': np.float64(61.4)}","{'base_tech_score': np.float64(61.4), 'insider_bonus': 0.0, 'deviation_penalty': 0.0, 'blowoff_penalty': 0.0, 'short_excessive_penalty': 0.0, 'weekly_penalty': 10, 'resistance_penalty': 0.0, 'rr_penalty': 0.0, 'cmf_confluence_val': 0.0, 'penny_penalty': 0.0, 'penny_non_acc_penalty': 0.0, 'scalping_bonus': 10.0, 'fund_penalty': 13.0, 'macd_reversal_bonus': 0.0, 'sector_rs_bonus': 0.0, 'confluence_bonus': 0.0, 'short_squeeze_bonus': 0.0, 'ai_momentum_bonus': 0.0}",+0.00%,70.5,BUY,+0.00%,0.5,2.26,0.33,0.53,False,False
034730.KS,SK,"546,000원",546000.0,Industrials,Conglomerates,4.2,69.8,52.3,0.25402,False,False,False,47.0,Accumulation,"{'trend': 40.0, 'momentum': 69.9, 'flow': 60.0, 'volatility': 23, 'structure': 65.0, 'momentum_quality': 12.8, 'insider': 50.0}",2.0,,0.0,Tactical Hold,매도 우위 (하방 경계 - 바닥 탐색 진행 중),True,상승,하단,혼합,-2.1,10.0,상승,-1542768.570325169,0.439,0.189,0.10099,0.097799994,4269739343872.0,"[{'text': '매집 구간', 'cls': 'positive'}, {'text': '🔄 MACD 반전', 'cls': 'positive'}, {'text': '🎯 시그널 컨플루언스 (3)', 'cls': 'positive'}, {'text': 'Stoch 골든크로스', 'cls': 'positive'}, {'text': 'OBV 상승', 'cls': 'positive'}, {'text': '📈 EPS 반등/턴어라운드', 'cls': 'positive'}, {'text': '📉 AI 예상: +0.0%', 'cls': 'negative'}]","{'mfc': 52, 'wyckoff': 100, 'stochastic': 61.335326357747874, 'obv': 75, 'bollinger': 100, 'momentum_quality': 12.8, 'regime_score': 50, 'rr_score': 100, 'base_tech': np.float64(62.6)}","{'base_tech_score': np.float64(62.6), 'insider_bonus': 0.0, 'deviation_penalty': 0.0, 'blowoff_penalty': 0.0, 'short_excessive_penalty': 0.0, 'weekly_penalty': 0.0, 'resistance_penalty': 0.0, 'rr_penalty': 0.0, 'cmf_confluence_val': 0.0, 'penny_penalty': 0.0, 'penny_non_acc_penalty': 0.0, 'scalping_bonus': 10.0, 'fund_penalty': -18.0, 'macd_reversal_bonus': 5.0, 'sector_rs_bonus': 0.0, 'confluence_bonus': 8.0, 'short_squeeze_bonus': 0.0, 'ai_momentum_bonus': 0.0}",+0.00%,69.8,BUY,+0.00%,0.5,4.2,0.26,0.42,False,False
329180.KS,HD HYUNDAI HEAVY INDUSTRIES,"497,500원",497500.0,Industrials,Aerospace & Defense,0.12,69.6,66.7,0.69276,False,False,False,48.8,Accumulation,"{'trend': 63.0, 'momentum': 69.1, 'flow': 89.0, 'volatility': 43, 'structure': 75.0, 'momentum_quality': 72.4, 'insider': 50.0}",2.0,,0.0,Tactical Hold,"중립 대기 (방향성 탐색 중, 뚜렷한 주도력 부재)",False,상승,상단,골든크로스 진행,4.7,0.0,상승,-486717.1214226509,1.722,0.548,0.17803,0.15303001,1406698127360.0,"[{'text': '매집 구간', 'cls': 'positive'}, {'text': '⚠️ 주봉 역배열(하락추세)', 'cls': 'negative'}, {'text': '📊 VWAP 상회 주의', 'cls': 'neutral'}, {'text': 'OBV 상승', 'cls': 'positive'}, {'text': '📈 EPS 반등/턴어라운드', 'cls': 'positive'}, {'text': '🚀 매출 고성장', 'cls': 'positive'}]","{'mfc': 67, 'wyckoff': 100, 'stochastic': 37.80644473379503, 'obv': 75, 'bollinger': 0, 'momentum_quality': 72.4, 'regime_score': 50, 'rr_score': 100, 'base_tech': np.float64(65.7)}","{'base_tech_score': np.float64(65.7), 'insider_bonus': 0.0, 'deviation_penalty': 0.0, 'blowoff_penalty': 0.0, 'short_excessive_penalty': 0.0, 'weekly_penalty': 10, 'resistance_penalty': 0.0, 'rr_penalty': 0.0, 'cmf_confluence_val': 0.0, 'penny_penalty': 0.0, 'penny_non_acc_penalty': 0.0, 'scalping_bonus': 0.0, 'fund_penalty': -25.0, 'macd_reversal_bonus': 0.0, 'sector_rs_bonus': 0.0, 'confluence_bonus': 0.0, 'short_squeeze_bonus': 0.0, 'ai_momentum_bonus': 0.0}",N/A,,,,,0.12,0.46,0.75,False,False
047810.KS,KOREA AEROSPACE,"139,900원",139900.0,Industrials,Aerospace & Defense,3.25,69.2,56.3,0.3967,False,False,False,47.9,Accumulation,"{'trend': 63.0, 'momentum': 61.3, 'flow': 64.0, 'volatility': 23, 'structure': 75.0, 'momentum_quality': 23.6, 'insider': 50.0}",2.0,,0.0,Tactical Hold,매도 우위 (하방 경계 - 바닥 탐색 진행 중),False,상승,하단,골든크로스 진행,-1.9,10.0,하락,-8156038.519292793,0.397,0.563,0.14119,0.06145,-1364682997760.0,"[{'text': '매집 구간', 'cls': 'positive'}, {'text': '⚠️ 주봉 역배열(하락추세)', 'cls': 'negative'}, {'text': 'OBV 상승', 'cls': 'positive'}, {'text': '🚀 매출 고성장', 'cls': 'positive'}, {'text': '📉 AI 예상: +0.0%', 'cls': 'negative'}]","{'mfc': 56, 'wyckoff': 100, 'stochastic': 28.142076502732216, 'obv': 75, 'bollinger': 100, 'momentum_quality': 23.6, 'regime_score': 50, 'rr_score': 92.2, 'base_tech': np.float64(61.6)}","{'base_tech_score': np.float64(61.6), 'insider_bonus': 0.0, 'deviation_penalty': 0.0, 'blowoff_penalty': 0.0, 'short_excessive_penalty': 0.0, 'weekly_penalty': 10, 'resistance_penalty': 0.0, 'rr_penalty': 0.0, 'cmf_confluence_val': 0.0, 'penny_penalty': 0.0, 'penny_non_acc_penalty': 0.0, 'scalping_bonus': 10.0, 'fund_penalty': -10.0, 'macd_reversal_bonus': 0.0, 'sector_rs_bonus': 0.0, 'confluence_bonus': 0.0, 'short_squeeze_bonus': 0.0, 'ai_momentum_bonus': 0.0}",+0.00%,69.2,BUY,+0.00%,0.5,3.25,0.36,0.59,False,False
298040.KS,HYOSUNG HEAVY,"2,905,000원",2905000.0,Industrials,Electrical Equipment & Parts,2.61,69.0,52.7,0.43991002,True,False,False,52.5,Accumulation,"{'trend': 68.0, 'momentum': 81.9, 'flow': 0, 'volatility': 3, 'structure': 75.0, 'momentum_quality': 84.0, 'insider': 50.0}",2.0,,0.0,Tactical Hold,매도 우위 (하방 경계 - 바닥 탐색 진행 중),True,하락,상단,골든크로스 진행,10.4,10.0,하락,-597912.952626416,-0.146,0.262,0.21256,0.09866,762905362432.0,"[{'text': '매집 구간', 'cls': 'positive'}, {'text': '📊 VWAP 상회 주의', 'cls': 'neutral'}, {'text': '💎 품절주 (Low Float)', 'cls': 'positive'}, {'text': 'Stoch 골든크로스', 'cls': 'positive'}, {'text': '🚀 매출 고성장', 'cls': 'positive'}]","{'mfc': 53, 'wyckoff': 100, 'stochastic': 56.11474813602474, 'obv': 25, 'bollinger': 0, 'momentum_quality': 84.0, 'regime_score': 50, 'rr_score': 100, 'base_tech': np.float64(58.8)}","{'base_tech_score': np.float64(58.8), 'insider_bonus': 0.0, 'deviation_penalty': 0.0, 'blowoff_penalty': 0.0, 'short_excessive_penalty': 0.0, 'weekly_penalty': 0.0, 'resistance_penalty': 0.0, 'rr_penalty': 0.0, 'cmf_confluence_val': 0.0, 'penny_penalty': 0.0, 'penny_non_acc_penalty': 0.0, 'scalping_bonus': 10.0, 'fund_penalty': -10.0, 'macd_reversal_bonus': 0.0, 'sector_rs_bonus': 0.0, 'confluence_bonus': 0.0, 'short_squeeze_bonus': 0.0, 'ai_momentum_bonus': 0.0}",N/A,,,,,2.58,0.28,0.46,False,False
005490.KS,POSCO Holdings,"325,500원",325500.0,Basic Materials,Steel,-0.31,65.2,66.1,3.0000001e-05,False,False,False,52.1,Accumulation,"{'trend': 55.0, 'momentum': 70.9, 'flow': 92.0, 'volatility': 53, 'structure': 75.0, 'momentum_quality': 70.4, 'insider': 50.0}",2.0,,0.0,Aggressive Buy,매수 우위 (분할 매수 - 바닥 확인 후 모멘텀 턴어라운드),False,상승,상단,골든크로스 진행,4.0,0.0,상승,-2319143.1639425377,2.856,0.097,0.07862,0.042529996,,"[{'text': '매집 구간', 'cls': 'positive'}, {'text': '⚠️ 주봉 역배열(하락추세)', 'cls': 'negative'}, {'text': '📊 VWAP 상회 주의', 'cls': 'neutral'}, {'text': '🔥 Accumulation Confluence (CMF+ADL)', 'cls': 'positive'}, {'text': 'OBV 상승', 'cls': 'positive'}, {'text': '📈 EPS 반등/턴어라운드', 'cls': 'positive'}]","{'mfc': 66, 'wyckoff': 100, 'stochastic': 38.32437275985665, 'obv': 75, 'bollinger': 0, 'momentum_quality': 70.4, 'regime_score': 50, 'rr_score': 100, 'base_tech': np.float64(65.3)}","{'base_tech_score': np.float64(65.3), 'insider_bonus': 0.0, 'deviation_penalty': 0.0, 'blowoff_penalty': 0.0, 'short_excessive_penalty': 0.0, 'weekly_penalty': 10, 'resistance_penalty': 0.0, 'rr_penalty': 0.0, 'cmf_confluence_val': 0.0, 'penny_penalty': 0.0, 'penny_non_acc_penalty': 0.0, 'scalping_bonus': 0.0, 'fund_penalty': -15.0, 'macd_reversal_bonus': 0.0, 'sector_rs_bonus': 0.0, 'confluence_bonus': 0.0, 'short_squeeze_bonus': 0.0, 'ai_momentum_bonus': 0.0}",N/A,,,,,-0.31,0.23,0.38,False,False
267250.KS,HD HYUNDAI,"228,000원",228000.0,Energy,Oil & Gas Refining & Marketing,2.15,62.7,67.1,0.37120998,False,False,False,58.8,Markup,"{'trend': 68.0, 'momentum': 84.0, 'flow': 72.0, 'volatility': 23, 'structure': 80.0, 'momentum_quality': 81.5, 'insider': 50.0}",2.0,,0.0,Tactical Overweight,매수 우위 (강력 매수 - 다중지표 강세 컨플루언스 확인),True,상승,상단,골든크로스 진행,9.1,0.0,상승,-1906884.8373077554,2.564,0.147,0.1593,0.14466,2783919472640.0,"[{'text': '상승 추세', 'cls': 'positive'}, {'text': '⚠️ 주봉 역배열(하락추세)', 'cls': 'negative'}, {'text': '📊 VWAP 상회 주의', 'cls': 'neutral'}, {'text': 'Stoch 골든크로스', 'cls': 'positive'}, {'text': 'OBV 상승', 'cls': 'positive'}, {'text': '📈 EPS 반등/턴어라운드', 'cls': 'positive'}]","{'mfc': 67, 'wyckoff': 80, 'stochastic': 56.470792959506326, 'obv': 75, 'bollinger': 0, 'momentum_quality': 81.5, 'regime_score': 50, 'rr_score': 100, 'base_tech': np.float64(65.9)}","{'base_tech_score': np.float64(65.9), 'insider_bonus': 0.0, 'deviation_penalty': 0.0, 'blowoff_penalty': 0.0, 'short_excessive_penalty': 0.0, 'weekly_penalty': 10, 'resistance_penalty': 0.0, 'rr_penalty': 0.0, 'cmf_confluence_val': 0.0, 'penny_penalty': 0.0, 'penny_non_acc_penalty': 0.0, 'scalping_bonus': 0.0, 'fund_penalty': -18.0, 'macd_reversal_bonus': 0.0, 'sector_rs_bonus': 0.0, 'confluence_bonus': 0.0, 'short_squeeze_bonus': 0.0, 'ai_momentum_bonus': 0.0}",N/A,,,,,1.93,0.41,0.68,False,False
207940.KS,SAMSUNG BIOLOGICS,"1,569,000원",1569000.0,Healthcare,Biotechnology,-2.49,62.6,69.1,0.74373,False,False,False,59.5,Markup,"{'trend': 65.0, 'momentum': 74.9, 'flow': 97.0, 'volatility': 53, 'structure': 80.0, 'momentum_quality': 64.9, 'insider': 50.0}",2.0,,0.0,Tactical Overweight,매수 우위 (강력 매수 - 다중지표 강세 컨플루언스 확인),False,상승,상단,혼합,6.1,5.0,상승,-607919.8123224189,0.249,0.258,0.54861,0.46196997,1116873818112.0,"[{'text': '상승 추세', 'cls': 'positive'}, {'text': '📊 VWAP 상회 주의', 'cls': 'neutral'}, {'text': '🔥 Accumulation Confluence (CMF+ADL)', 'cls': 'positive'}, {'text': 'OBV 상승', 'cls': 'positive'}, {'text': '🚀 매출 고성장', 'cls': 'positive'}, {'text': '📉 AI 예상: +0.0%', 'cls': 'negative'}]","{'mfc': 69, 'wyckoff': 80, 'stochastic': 47.155117626005065, 'obv': 75, 'bollinger': 0, 'momentum_quality': 64.9, 'regime_score': 50, 'rr_score': 60.8, 'base_tech': np.float64(63.0)}","{'base_tech_score': np.float64(63.0), 'insider_bonus': 0.0, 'deviation_penalty': 0.0, 'blowoff_penalty': 0.0, 'short_excessive_penalty': 0.0, 'weekly_penalty': 0.0, 'resistance_penalty': 0.0, 'rr_penalty': 0.0, 'cmf_confluence_val': 0.0, 'penny_penalty': 0.0, 'penny_non_acc_penalty': 0.0, 'scalping_bonus': 5.0, 'fund_penalty': -15.0, 'macd_reversal_bonus': 0.0, 'sector_rs_bonus': 0.0, 'confluence_bonus': 0.0, 'short_squeeze_bonus': 0.0, 'ai_momentum_bonus': 0.0}",+0.00%,62.6,BUY,+0.00%,0.5,-2.55,0.55,0.89,False,False
000720.KS,HyundaiEng&Const,"114,500원",114500.0,Industrials,Engineering & Construction,1.96,62.3,67.1,0.34928,False,False,False,56.3,Markup,"{'trend': 63.0, 'momentum': 83.1, 'flow': 92.0, 'volatility': 3, 'structure': 80.0, 'momentum_quality': 98.2, 'insider': 50.0}",2.0,,0.0,Core Holding,매수 우위 (안정적 상승 추세 안착),True,상승,상단,골든크로스 진행,13.1,0.0,상승,-6649799.942274279,0.441,-0.158,0.06598,0.030580001,-1391086927872.0,"[{'text': '상승 추세', 'cls': 'positive'}, {'text': '⚠️ 주봉 역배열(하락추세)', 'cls': 'negative'}, {'text': '📊 VWAP 상회 주의', 'cls': 'neutral'}, {'text': '🔥 Accumulation Confluence (CMF+ADL)', 'cls': 'positive'}, {'text': 'Stoch 골든크로스', 'cls': 'positive'}, {'text': 'OBV 상승', 'cls': 'positive'}, {'text': '📈 EPS 반등/턴어라운드', 'cls': 'positive'}, {'text': '⚠️ 매출 감소(-16%)', 'cls': 'negative'}, {'text': '📉 AI 예상: +0.0%', 'cls': 'negative'}]","{'mfc': 67, 'wyckoff': 80, 'stochastic': 53.119270895158195, 'obv': 75, 'bollinger': 0, 'momentum_quality': 98.2, 'regime_score': 50, 'rr_score': 100, 'base_tech': np.float64(68.0)}","{'base_tech_score': np.float64(68.0), 'insider_bonus': 0.0, 'deviation_penalty': 0.0, 'blowoff_penalty': 0.0, 'short_excessive_penalty': 0.0, 'weekly_penalty': 10, 'resistance_penalty': 0.0, 'rr_penalty': 0.0, 'cmf_confluence_val': 0.0, 'penny_penalty': 0.0, 'penny_non_acc_penalty': 0.0, 'scalping_bonus': 0.0, 'fund_penalty': -2.0, 'macd_reversal_bonus': 0.0, 'sector_rs_bonus': 0.0, 'confluence_bonus': 0.0, 'short_squeeze_bonus': 0.0, 'ai_momentum_bonus': 0.0}",+0.00%,62.3,BUY,+0.00%,0.5,1.96,0.28,0.46,False,False
010950.KS,S-Oil,"142,800원",142800.0,Energy,Oil & Gas Refining & Marketing,0.85,61.7,77.7,0.63437,False,False,False,60.3,Markup,"{'trend': 100, 'momentum': 98.8, 'flow': 84.0, 'volatility': 43, 'structure': 65.0, 'momentum_quality': 82.8, 'insider': 50.0}",2.0,,0.0,Tactical Overweight,매수 우위 (강력 매수 - 다중지표 강세 컨플루언스 확인),True,상승,상단,정배열,4.9,0.0,상승,1322746.5252800994,,0.409,1.0,0.08507,,"[{'text': '상승 추세', 'cls': 'positive'}, {'text': '🔄 MACD 반전', 'cls': 'positive'}, {'text': '📊 VWAP 상회 주의', 'cls': 'neutral'}, {'text': '🎯 시그널 컨플루언스 (3)', 'cls': 'positive'}, {'text': 'Stoch 골든크로스', 'cls': 'positive'}, {'text': 'OBV 상승', 'cls': 'positive'}, {'text': '🚀 매출 고성장', 'cls': 'positive'}, {'text': '📉 AI 예상: +0.0%', 'cls': 'negative'}]","{'mfc': 78, 'wyckoff': 80, 'stochastic': 70.4004817825956, 'obv': 75, 'bollinger': 0, 'momentum_quality': 82.8, 'regime_score': 50, 'rr_score': 75.9, 'base_tech': np.float64(71.5)}","{'base_tech_score': np.float64(71.5), 'insider_bonus': 0.0, 'deviation_penalty': 0.0, 'blowoff_penalty': 0.0, 'short_excessive_penalty': 0.0, 'weekly_penalty': 0.0, 'resistance_penalty': 0.0, 'rr_penalty': 0.0, 'cmf_confluence_val': 0.0, 'penny_penalty': 0.0, 'penny_non_acc_penalty': 0.0, 'scalping_bonus': 0.0, 'fund_penalty': -10.0, 'macd_reversal_bonus': 5.0, 'sector_rs_bonus': 0.0, 'confluence_bonus': 8.0, 'short_squeeze_bonus': 0.0, 'ai_momentum_bonus': 0.0}",+0.00%,61.7,BUY,+0.00%,0.5,0.92,0.38,0.62,False,False
079550.KS,LIG Defense&Aerospace,"767,000원",767000.0,Industrials,Aerospace & Defense,0.92,61.4,60.8,0.38371,False,False,False,52.1,Accumulation,"{'trend': 63.0, 'momentum': 81.8, 'flow': 44.0, 'volatility': 43, 'structure': 75.0, 'momentum_quality': 84.0, 'insider': 50.0}",2.0,,0.0,Tactical Hold,매도 우위 (하방 경계 - 바닥 탐색 진행 중),True,하락,상단,골든크로스 진행,5.9,0.0,상승,-3464871.2010339294,0.699,0.287,0.16256,0.14649999,-1187668164608.0,"[{'text': '매집 구간', 'cls': 'positive'}, {'text': '⚠️ 주봉 역배열(하락추세)', 'cls': 'negative'}, {'text': '📊 VWAP 상회 주의', 'cls': 'neutral'}, {'text': 'Stoch 골든크로스', 'cls': 'positive'}, {'text': '📈 EPS 반등/턴어라운드', 'cls': 'positive'}, {'text': '🚀 매출 고성장', 'cls': 'positive'}]","{'mfc': 61, 'wyckoff': 100, 'stochastic': 57.615430258872884, 'obv': 25, 'bollinger': 0, 'momentum_quality': 84.0, 'regime_score': 50, 'rr_score': 100, 'base_tech': np.float64(61.8)}","{'base_tech_score': np.float64(61.8), 'insider_bonus': 0.0, 'deviation_penalty': 0.0, 'blowoff_penalty': 0.0, 'short_excessive_penalty': 0.0, 'weekly_penalty': 10, 'resistance_penalty': 0.0, 'rr_penalty': 0.0, 'cmf_confluence_val': 0.0, 'penny_penalty': 0.0, 'penny_non_acc_penalty': 0.0, 'scalping_bonus': 0.0, 'fund_penalty': -20.0, 'macd_reversal_bonus': 0.0, 'sector_rs_bonus': 0.0, 'confluence_bonus': 0.0, 'short_squeeze_bonus': 0.0, 'ai_momentum_bonus': 0.0}",N/A,,,,,0.92,0.26,0.42,False,False
009150.KS,SamsungElecMech,"1,334,000원",1334000.0,Technology,Electronic Components,5.71,58.6,53.2,0.23702,False,False,False,49.3,Accumulation,"{'trend': 73.0, 'momentum': 75.4, 'flow': 5.0, 'volatility': 3, 'structure': 75.0, 'momentum_quality': 77.0, 'insider': 50.0}",2.0,,0.0,Tactical Hold,매도 우위 (하방 경계 - 바닥 탐색 진행 중),True,하락,상단,골든크로스 진행,6.8,10.0,하락,10910167.1099561,,,0.21327,0.08744001,,"[{'text': '매집 구간', 'cls': 'positive'}, {'text': '📊 VWAP 상회 주의', 'cls': 'neutral'}, {'text': 'Stoch 골든크로스', 'cls': 'positive'}]","{'mfc': 53, 'wyckoff': 100, 'stochastic': 58.78132573234122, 'obv': 25, 'bollinger': 0, 'momentum_quality': 77.0, 'regime_score': 50, 'rr_score': 100, 'base_tech': np.float64(58.2)}","{'base_tech_score': np.float64(58.2), 'insider_bonus': 0.0, 'deviation_penalty': 0.0, 'blowoff_penalty': 0.0, 'short_excessive_penalty': 0.0, 'weekly_penalty': 0.0, 'resistance_penalty': 0.0, 'rr_penalty': 0.0, 'cmf_confluence_val': 0.0, 'penny_penalty': 0.0, 'penny_non_acc_penalty': 0.0, 'scalping_bonus': 10.0, 'fund_penalty': 0.0, 'macd_reversal_bonus': 0.0, 'sector_rs_bonus': 0.0, 'confluence_bonus': 0.0, 'short_squeeze_bonus': 0.0, 'ai_momentum_bonus': 0.0}",N/A,,,,,5.86,0.39,0.64,False,False
012330.KS,Mobis,"504,000원",504000.0,Consumer Cyclical,Auto Parts,1.72,58.0,67.1,0.34228,False,False,False,52.2,Accumulation,"{'trend': 68.0, 'momentum': 81.6, 'flow': 77.0, 'volatility': 23, 'structure': 75.0, 'momentum_quality': 81.7, 'insider': 50.0}",2.0,,0.0,Aggressive Buy,매수 우위 (분할 매수 - 바닥 확인 후 모멘텀 턴어라운드),True,상승,상단,골든크로스 진행,4.2,0.0,상승,-2133597.283873138,-0.145,0.055,0.14399,0.05158,1503803867136.0,"[{'text': '매집 구간', 'cls': 'positive'}, {'text': '📊 VWAP 상회 주의', 'cls': 'neutral'}, {'text': 'Stoch 골든크로스', 'cls': 'positive'}, {'text': 'OBV 상승', 'cls': 'positive'}]","{'mfc': 67, 'wyckoff': 100, 'stochastic': 60.05995454582205, 'obv': 75, 'bollinger': 0, 'momentum_quality': 81.7, 'regime_score': 50, 'rr_score': 100, 'base_tech': np.float64(69.9)}","{'base_tech_score': np.float64(69.9), 'insider_bonus': 0.0, 'deviation_penalty': 0.0, 'blowoff_penalty': 0.0, 'short_excessive_penalty': 0.0, 'weekly_penalty': 0.0, 'resistance_penalty': 0.0, 'rr_penalty': 0.0, 'cmf_confluence_val': 0.0, 'penny_penalty': 0.0, 'penny_non_acc_penalty': 0.0, 'scalping_bonus': 0.0, 'fund_penalty': 0.0, 'macd_reversal_bonus': 0.0, 'sector_rs_bonus': 0.0, 'confluence_bonus': 0.0, 'short_squeeze_bonus': 0.0, 'ai_momentum_bonus': 0.0}",N/A,,,,,1.72,0.27,0.44,False,False
035720.KS,Kakao,"40,050원",40050.0,Communication Services,Internet Content & Information,-1.6,54.6,70.7,0.29798,False,False,False,61.9,Markup,"{'trend': 68.0, 'momentum': 79.7, 'flow': 97.0, 'volatility': 53, 'structure': 65.0, 'momentum_quality': 86.8, 'insider': 50.0}",2.0,,0.0,Core Holding,매수 우위 (안정적 상승 추세 안착),False,상승,상단,골든크로스 진행,7.8,0.0,상승,-58620953.081034996,-0.001,0.111,0.93983,0.10885,3133942005760.0,"[{'text': '상승 추세', 'cls': 'positive'}, {'text': '⚠️ 주봉 역배열(하락추세)', 'cls': 'negative'}, {'text': '📊 VWAP 상회 주의', 'cls': 'neutral'}, {'text': '🔥 Accumulation Confluence (CMF+ADL)', 'cls': 'positive'}, {'text': 'OBV 상승', 'cls': 'positive'}]","{'mfc': 71, 'wyckoff': 80, 'stochastic': 49.09294426431991, 'obv': 75, 'bollinger': 0, 'momentum_quality': 86.8, 'regime_score': 50, 'rr_score': 100, 'base_tech': np.float64(67.1)}","{'base_tech_score': np.float64(67.1), 'insider_bonus': 0.0, 'deviation_penalty': 0.0, 'blowoff_penalty': 0.0, 'short_excessive_penalty': 0.0, 'weekly_penalty': 10, 'resistance_penalty': 0.0, 'rr_penalty': 0.0, 'cmf_confluence_val': 0.0, 'penny_penalty': 0.0, 'penny_non_acc_penalty': 0.0, 'scalping_bonus': 0.0, 'fund_penalty': -3.0, 'macd_reversal_bonus': 0.0, 'sector_rs_bonus': 0.0, 'confluence_bonus': 0.0, 'short_squeeze_bonus': 0.0, 'ai_momentum_bonus': 0.0}",N/A,,,,,-1.6,0.62,1.01,False,False
006800.KS,MIRAE ASSET SEC,"36,700원",36700.0,Financial Services,Capital Markets,3.38,53.5,39.5,0.08744001,False,False,False,47.4,Markdown,"{'trend': 5, 'momentum': 71.3, 'flow': 49.0, 'volatility': 23, 'structure': 15.0, 'momentum_quality': 42.4, 'insider': 50.0}",2.0,,0.0,Tactical Hold,매도 우위 (비중 축소 - 지지선 단기 이탈 및 추세 악화),True,하락,상단,역배열,2.7,10.0,상승,-44215583.6080018,2.85,1.854,0.9611,0.35957,,"[{'text': '하락 추세', 'cls': 'negative'}, {'text': '⚠️ 주봉 역배열(하락추세)', 'cls': 'negative'}, {'text': '📊 VWAP 상회 주의', 'cls': 'neutral'}, {'text': 'Stoch 골든크로스', 'cls': 'positive'}, {'text': '📈 EPS 반등/턴어라운드', 'cls': 'positive'}, {'text': '🚀 매출 고성장', 'cls': 'positive'}]","{'mfc': 40, 'wyckoff': 10, 'stochastic': 67.88322674883737, 'obv': 25, 'bollinger': 0, 'momentum_quality': 42.4, 'regime_score': 50, 'rr_score': 100, 'base_tech': np.float64(33.1)}","{'base_tech_score': np.float64(33.1), 'insider_bonus': 0.0, 'deviation_penalty': 0.0, 'blowoff_penalty': 0.0, 'short_excessive_penalty': 0.0, 'weekly_penalty': 10, 'resistance_penalty': 0.0, 'rr_penalty': 0.0, 'cmf_confluence_val': 0.0, 'penny_penalty': 0.0, 'penny_non_acc_penalty': 0.0, 'scalping_bonus': 10.0, 'fund_penalty': -25.0, 'macd_reversal_bonus': 0.0, 'sector_rs_bonus': 0.0, 'confluence_bonus': 0.0, 'short_squeeze_bonus': 0.0, 'ai_momentum_bonus': 0.0}",N/A,,,,,3.73,0.39,0.63,False,False
267260.KS,HD HYUNDAI ELECTRIC,"773,000원",773000.0,Industrials,Electrical Equipment & Parts,4.6,48.9,58.0,0.37146,False,False,False,48.5,Accumulation,"{'trend': 55.0, 'momentum': 69.5, 'flow': 72.0, 'volatility': 23, 'structure': 75.0, 'momentum_quality': 35.2, 'insider': 50.0}",2.0,,0.0,Tactical Hold,"중립 대기 (방향성 탐색 중, 뚜렷한 주도력 부재)",True,상승,상단,골든크로스 진행,3.6,10.0,상승,-1944673.0720522332,,,0.0,0.25136,,"[{'text': '매집 구간', 'cls': 'positive'}, {'text': '⚠️ 주봉 역배열(하락추세)', 'cls': 'negative'}, {'text': '📊 VWAP 상회 주의', 'cls': 'neutral'}, {'text': 'Stoch 골든크로스', 'cls': 'positive'}, {'text': 'OBV 상승', 'cls': 'positive'}]","{'mfc': 58, 'wyckoff': 100, 'stochastic': 50.325871424135116, 'obv': 75, 'bollinger': 0, 'momentum_quality': 35.2, 'regime_score': 50, 'rr_score': 100, 'base_tech': np.float64(58.6)}","{'base_tech_score': np.float64(58.6), 'insider_bonus': 0.0, 'deviation_penalty': 0.0, 'blowoff_penalty': 0.0, 'short_excessive_penalty': 0.0, 'weekly_penalty': 10, 'resistance_penalty': 0.0, 'rr_penalty': 0.0, 'cmf_confluence_val': 0.0, 'penny_penalty': 0.0, 'penny_non_acc_penalty': 0.0, 'scalping_bonus': 10.0, 'fund_penalty': 0.0, 'macd_reversal_bonus': 0.0, 'sector_rs_bonus': 0.0, 'confluence_bonus': 0.0, 'short_squeeze_bonus': 0.0, 'ai_momentum_bonus': 0.0}",N/A,,,,,4.74,0.24,0.4,False,False
009540.KS,HDKSOE,"380,500원",380500.0,Industrials,Aerospace & Defense,-2.81,45.5,54.2,0.36683998,False,False,False,53.4,Markdown,"{'trend': 68.0, 'momentum': 70.6, 'flow': 29.0, 'volatility': 53, 'structure': 15.0, 'momentum_quality': 67.4, 'insider': 50.0}",2.0,,0.0,Tactical Hold,매도 우위 (비중 축소 - 지지선 단기 이탈 및 추세 악화),False,하락,상단,골든크로스 진행,4.3,5.0,하락,-176809.20543064765,0.704,0.202,0.18853001,0.16656,1877340979200.0,"[{'text': '하락 추세', 'cls': 'negative'}, {'text': '⚠️ 주봉 역배열(하락추세)', 'cls': 'negative'}, {'text': '📊 VWAP 상회 주의', 'cls': 'neutral'}, {'text': '📈 EPS 반등/턴어라운드', 'cls': 'positive'}]","{'mfc': 54, 'wyckoff': 10, 'stochastic': 35.17079530352156, 'obv': 25, 'bollinger': 0, 'momentum_quality': 67.4, 'regime_score': 50, 'rr_score': 99.6, 'base_tech': np.float64(38.1)}","{'base_tech_score': np.float64(38.1), 'insider_bonus': 0.0, 'deviation_penalty': 0.0, 'blowoff_penalty': 0.0, 'short_excessive_penalty': 0.0, 'weekly_penalty': 10, 'resistance_penalty': 0.0, 'rr_penalty': 0.0, 'cmf_confluence_val': 0.0, 'penny_penalty': 0.0, 'penny_non_acc_penalty': 0.0, 'scalping_bonus': 5.0, 'fund_penalty': -18.0, 'macd_reversal_bonus': 0.0, 'sector_rs_bonus': 0.0, 'confluence_bonus': 0.0, 'short_squeeze_bonus': 0.0, 'ai_momentum_bonus': 0.0}",N/A,,,,,-2.68,0.49,0.8,False,False
272210.KS,HANWHA SYSTEMS,"74,300원",74300.0,Industrials,Aerospace & Defense,1.92,43.1,62.6,0.60136,False,False,False,54.0,Accumulation,"{'trend': 63.0, 'momentum': 80.5, 'flow': 84.0, 'volatility': 3, 'structure': 75.0, 'momentum_quality': 78.0, 'insider': 50.0}",2.0,,0.0,Aggressive Buy,매수 우위 (분할 매수 - 바닥 확인 후 모멘텀 턴어라운드),False,상승,상단,골든크로스 진행,12.7,0.0,상승,-11235072.583867574,,0.17,0.10931,0.042480003,-325492473856.0,"[{'text': '매집 구간', 'cls': 'positive'}, {'text': '⚠️ 주봉 역배열(하락추세)', 'cls': 'negative'}, {'text': '📊 VWAP 상회 주의', 'cls': 'neutral'}, {'text': 'OBV 상승', 'cls': 'positive'}]","{'mfc': 63, 'wyckoff': 100, 'stochastic': 48.21038350790957, 'obv': 75, 'bollinger': 0, 'momentum_quality': 78.0, 'regime_score': 50, 'rr_score': 100, 'base_tech': np.float64(66.4)}","{'base_tech_score': np.float64(66.4), 'insider_bonus': 0.0, 'deviation_penalty': 0.0, 'blowoff_penalty': 0.0, 'short_excessive_penalty': 0.0, 'weekly_penalty': 10, 'resistance_penalty': 0.0, 'rr_penalty': 0.0, 'cmf_confluence_val': 0.0, 'penny_penalty': 0.0, 'penny_non_acc_penalty': 0.0, 'scalping_bonus': 0.0, 'fund_penalty': 2.0, 'macd_reversal_bonus': 0.0, 'sector_rs_bonus': 0.0, 'confluence_bonus': 0.0, 'short_squeeze_bonus': 0.0, 'ai_momentum_bonus': 0.0}",N/A,,,,,1.92,0.23,0.37,False,False
010140.KS,SamsungHvyInd,"22,000원",22000.0,Industrials,Aerospace & Defense,0.92,42.5,59.3,0.18098,False,False,False,48.1,Accumulation,"{'trend': 63.0, 'momentum': 64.7, 'flow': 52.0, 'volatility': 53, 'structure': 75.0, 'momentum_quality': 29.1, 'insider': 50.0}",2.0,,0.0,Tactical Hold,매도 우위 (하방 경계 - 바닥 탐색 진행 중),False,하락,상단,골든크로스 진행,1.3,0.0,상승,-52756859.60953371,0.103,0.164,0.13879,0.094110005,2920756019200.0,"[{'text': '매집 구간', 'cls': 'positive'}, {'text': '⚠️ 주봉 역배열(하락추세)', 'cls': 'negative'}, {'text': '📊 VWAP 상회 주의', 'cls': 'neutral'}, {'text': '🔥 Accumulation Confluence (CMF+ADL)', 'cls': 'positive'}]","{'mfc': 59, 'wyckoff': 100, 'stochastic': 47.946190182789046, 'obv': 25, 'bollinger': 0, 'momentum_quality': 29.1, 'regime_score': 50, 'rr_score': 100, 'base_tech': np.float64(51.9)}","{'base_tech_score': np.float64(51.9), 'insider_bonus': 0.0, 'deviation_penalty': 0.0, 'blowoff_penalty': 0.0, 'short_excessive_penalty': 0.0, 'weekly_penalty': 10, 'resistance_penalty': 0.0, 'rr_penalty': 0.0, 'cmf_confluence_val': 0.0, 'penny_penalty': 0.0, 'penny_non_acc_penalty': 0.0, 'scalping_bonus': 0.0, 'fund_penalty': -3.0, 'macd_reversal_bonus': 0.0, 'sector_rs_bonus': 0.0, 'confluence_bonus': 0.0, 'short_squeeze_bonus': 0.0, 'ai_momentum_bonus': 0.0}",N/A,,,,,0.92,0.34,0.56,False,False
005380.KS,HyundaiMtr,"411,000원",411000.0,Consumer Cyclical,Auto Manufacturers,1.99,41.8,59.3,0.30706,False,False,False,45.6,Accumulation,"{'trend': 68.0, 'momentum': 74.2, 'flow': 44.0, 'volatility': 23, 'structure': 75.0, 'momentum_quality': 82.7, 'insider': 50.0}",2.0,,0.0,Tactical Hold,"중립 대기 (방향성 탐색 중, 뚜렷한 주도력 부재)",True,하락,상단,골든크로스 진행,3.1,0.0,상승,-13048120.4280319,-0.159,0.019,0.17423001,0.057930004,,"[{'text': '매집 구간', 'cls': 'positive'}, {'text': '⚠️ 주봉 역배열(하락추세)', 'cls': 'negative'}, {'text': '📊 VWAP 상회 주의', 'cls': 'neutral'}, {'text': 'Stoch 골든크로스', 'cls': 'positive'}]","{'mfc': 59, 'wyckoff': 100, 'stochastic': 67.71935626102294, 'obv': 25, 'bollinger': 0, 'momentum_quality': 82.7, 'regime_score': 50, 'rr_score': 100, 'base_tech': np.float64(62.3)}","{'base_tech_score': np.float64(62.3), 'insider_bonus': 0.0, 'deviation_penalty': 0.0, 'blowoff_penalty': 0.0, 'short_excessive_penalty': 0.0, 'weekly_penalty': 10, 'resistance_penalty': 0.0, 'rr_penalty': 0.0, 'cmf_confluence_val': 0.0, 'penny_penalty': 0.0, 'penny_non_acc_penalty': 0.0, 'scalping_bonus': 0.0, 'fund_penalty': 0.0, 'macd_reversal_bonus': 0.0, 'sector_rs_bonus': 0.0, 'confluence_bonus': 0.0, 'short_squeeze_bonus': 0.0, 'ai_momentum_bonus': 0.0}",N/A,,,,,1.99,0.19,0.3,False,False
003550.KS,LG Corp.,"110,000원",110000.0,Technology,Consumer Electronics,1.57,40.1,69.0,0.43388,False,False,False,60.3,Markup,"{'trend': 60.0, 'momentum': 81.4, 'flow': 97.0, 'volatility': 33, 'structure': 80.0, 'momentum_quality': 78.0, 'insider': 50.0}",2.0,,0.0,Core Holding,매수 우위 (안정적 상승 추세 안착),False,상승,상단,골든크로스 진행,8.9,0.0,상승,3286062.221453421,-0.414,-0.07,0.15946001,0.22983,328094515200.0,"[{'text': '상승 추세', 'cls': 'positive'}, {'text': '📊 VWAP 상회 주의', 'cls': 'neutral'}, {'text': '🔥 Accumulation Confluence (CMF+ADL)', 'cls': 'positive'}, {'text': 'OBV 상승', 'cls': 'positive'}, {'text': '⚠️ EPS 감소(-41%)', 'cls': 'negative'}, {'text': '⚠️ 매출 감소(-7%)', 'cls': 'negative'}]","{'mfc': 69, 'wyckoff': 80, 'stochastic': 49.372665732959824, 'obv': 75, 'bollinger': 0, 'momentum_quality': 78.0, 'regime_score': 50, 'rr_score': 100, 'base_tech': np.float64(65.2)}","{'base_tech_score': np.float64(65.2), 'insider_bonus': 0.0, 'deviation_penalty': 0.0, 'blowoff_penalty': 0.0, 'short_excessive_penalty': 0.0, 'weekly_penalty': 0.0, 'resistance_penalty': 0.0, 'rr_penalty': 0.0, 'cmf_confluence_val': 0.0, 'penny_penalty': 0.0, 'penny_non_acc_penalty': 0.0, 'scalping_bonus': 0.0, 'fund_penalty': 20.0, 'macd_reversal_bonus': 0.0, 'sector_rs_bonus': 0.0, 'confluence_bonus': 0.0, 'short_squeeze_bonus': 0.0, 'ai_momentum_bonus': 0.0}",N/A,,,,,1.66,0.25,0.41,False,False
000270.KS,KIA CORP.,"136,500원",136500.0,Consumer Cyclical,Auto Manufacturers,1.64,37.9,68.6,0.39367,False,False,False,48.9,Markup,"{'trend': 55.0, 'momentum': 76.8, 'flow': 92.0, 'volatility': 53, 'structure': 80.0, 'momentum_quality': 71.0, 'insider': 50.0}",2.0,,0.0,Core Holding,매수 우위 (안정적 상승 추세 안착),True,상승,상단,골든크로스 진행,1.2,0.0,상승,-8341159.6417486165,-0.235,0.053,0.19143999,0.07474,1578949804032.0,"[{'text': '상승 추세', 'cls': 'positive'}, {'text': '⚠️ 주봉 역배열(하락추세)', 'cls': 'negative'}, {'text': '📊 VWAP 상회 주의', 'cls': 'neutral'}, {'text': '🔥 Accumulation Confluence (CMF+ADL)', 'cls': 'positive'}, {'text': 'Stoch 골든크로스', 'cls': 'positive'}, {'text': 'OBV 상승', 'cls': 'positive'}, {'text': '⚠️ EPS 감소(-24%)', 'cls': 'negative'}]","{'mfc': 69, 'wyckoff': 80, 'stochastic': 56.88238632877436, 'obv': 75, 'bollinger': 0, 'momentum_quality': 71.0, 'regime_score': 50, 'rr_score': 100, 'base_tech': np.float64(64.9)}","{'base_tech_score': np.float64(64.9), 'insider_bonus': 0.0, 'deviation_penalty': 0.0, 'blowoff_penalty': 0.0, 'short_excessive_penalty': 0.0, 'weekly_penalty': 10, 'resistance_penalty': 0.0, 'rr_penalty': 0.0, 'cmf_confluence_val': 0.0, 'penny_penalty': 0.0, 'penny_non_acc_penalty': 0.0, 'scalping_bonus': 0.0, 'fund_penalty': 12.0, 'macd_reversal_bonus': 0.0, 'sector_rs_bonus': 0.0, 'confluence_bonus': 0.0, 'short_squeeze_bonus': 0.0, 'ai_momentum_bonus': 0.0}",N/A,,,,,1.56,0.23,0.38,False,False
042660.KS,Hanwha Ocean,"89,900원",89900.0,Industrials,Aerospace & Defense,1.01,37.3,52.6,0.38009998,False,False,False,49.6,Markdown,"{'trend': 63.0, 'momentum': 69.6, 'flow': 52.0, 'volatility': 23, 'structure': 15.0, 'momentum_quality': 54.0, 'insider': 50.0}",2.0,,0.0,Tactical Hold,매도 우위 (비중 축소 - 지지선 단기 이탈 및 추세 악화),False,하락,상단,골든크로스 진행,4.5,0.0,상승,-34704801.651191026,1.318,0.021,0.15908,0.13741,-49345204224.0,"[{'text': '하락 추세', 'cls': 'negative'}, {'text': '⚠️ 주봉 역배열(하락추세)', 'cls': 'negative'}, {'text': '📊 VWAP 상회 주의', 'cls': 'neutral'}, {'text': '🔥 Accumulation Confluence (CMF+ADL)', 'cls': 'positive'}, {'text': '📈 EPS 반등/턴어라운드', 'cls': 'positive'}]","{'mfc': 53, 'wyckoff': 10, 'stochastic': 43.84701487505229, 'obv': 25, 'bollinger': 0, 'momentum_quality': 54.0, 'regime_score': 50, 'rr_score': 100, 'base_tech': np.float64(36.6)}","{'base_tech_score': np.float64(36.6), 'insider_bonus': 0.0, 'deviation_penalty': 0.0, 'blowoff_penalty': 0.0, 'short_excessive_penalty': 0.0, 'weekly_penalty': 10, 'resistance_penalty': 0.0, 'rr_penalty': 0.0, 'cmf_confluence_val': 0.0, 'penny_penalty': 0.0, 'penny_non_acc_penalty': 0.0, 'scalping_bonus': 0.0, 'fund_penalty': -10.0, 'macd_reversal_bonus': 0.0, 'sector_rs_bonus': 0.0, 'confluence_bonus': 0.0, 'short_squeeze_bonus': 0.0, 'ai_momentum_bonus': 0.0}",N/A,,,,,1.12,0.35,0.57,False,False
018260.KS,SAMSUNG SDS,"236,000원",236000.0,Technology,Information Technology Services,-0.42,36.4,67.7,0.48997003,False,False,False,60.9,Markup,"{'trend': 60.0, 'momentum': 84.7, 'flow': 84.0, 'volatility': 23, 'structure': 80.0, 'momentum_quality': 94.0, 'insider': 50.0}",2.0,,0.0,Tactical Overweight,매수 우위 (강력 매수 - 다중지표 강세 컨플루언스 확인),True,상승,상단,골든크로스 진행,11.8,0.0,상승,2541119.635189566,-0.563,-0.039,0.13934,0.02337,608246824960.0,"[{'text': '상승 추세', 'cls': 'positive'}, {'text': '📊 VWAP 상회 주의', 'cls': 'neutral'}, {'text': 'Stoch 골든크로스', 'cls': 'positive'}, {'text': 'OBV 상승', 'cls': 'positive'}, {'text': '🚨 EPS 급락(-56%)', 'cls': 'negative'}]","{'mfc': 68, 'wyckoff': 80, 'stochastic': 56.98042073597833, 'obv': 75, 'bollinger': 0, 'momentum_quality': 94.0, 'regime_score': 50, 'rr_score': 100, 'base_tech': np.float64(68.0)}","{'base_tech_score': np.float64(68.0), 'insider_bonus': 0.0, 'deviation_penalty': 0.0, 'blowoff_penalty': 0.0, 'short_excessive_penalty': 0.0, 'weekly_penalty': 0.0, 'resistance_penalty': 0.0, 'rr_penalty': 0.0, 'cmf_confluence_val': 0.0, 'penny_penalty': 0.0, 'penny_non_acc_penalty': 0.0, 'scalping_bonus': 0.0, 'fund_penalty': 20.0, 'macd_reversal_bonus': 0.0, 'sector_rs_bonus': 0.0, 'confluence_bonus': 0.0, 'short_squeeze_bonus': 0.0, 'ai_momentum_bonus': 0.0}",N/A,,,,,-0.42,0.21,0.35,False,False
051910.KS,LGCHEM,"276,000원",276000.0,Basic Materials,Chemicals,0.73,32.5,62.1,0.34978,False,False,False,53.4,Accumulation,"{'trend': 55.0, 'momentum': 74.9, 'flow': 72.0, 'volatility': 33, 'structure': 75.0, 'momentum_quality': 81.3, 'insider': 50.0}",2.0,,0.0,Aggressive Buy,매수 우위 (분할 매수 - 바닥 확인 후 모멘텀 턴어라운드),False,상승,상단,골든크로스 진행,6.7,0.0,상승,-666462.803231921,,-0.026,0.16769,-0.0040599997,-5942740516864.0,"[{'text': '매집 구간', 'cls': 'positive'}, {'text': '⚠️ 주봉 역배열(하락추세)', 'cls': 'negative'}, {'text': '📊 VWAP 상회 주의', 'cls': 'neutral'}, {'text': 'OBV 상승', 'cls': 'positive'}]","{'mfc': 62, 'wyckoff': 100, 'stochastic': 49.56633872792196, 'obv': 75, 'bollinger': 0, 'momentum_quality': 81.3, 'regime_score': 50, 'rr_score': 100, 'base_tech': np.float64(66.9)}","{'base_tech_score': np.float64(66.9), 'insider_bonus': 0.0, 'deviation_penalty': 0.0, 'blowoff_penalty': 0.0, 'short_excessive_penalty': 0.0, 'weekly_penalty': 10, 'resistance_penalty': 0.0, 'rr_penalty': 0.0, 'cmf_confluence_val': 0.0, 'penny_penalty': 0.0, 'penny_non_acc_penalty': 0.0, 'scalping_bonus': 0.0, 'fund_penalty': 13.0, 'macd_reversal_bonus': 0.0, 'sector_rs_bonus': 0.0, 'confluence_bonus': 0.0, 'short_squeeze_bonus': 0.0, 'ai_momentum_bonus': 0.0}",N/A,,,,,0.73,0.2,0.33,False,False
030200.KS,KT,"53,200원",53200.0,Communication Services,Telecom Services,0.76,27.0,63.1,0.10873,False,False,False,51.2,Accumulation,"{'trend': 55.0, 'momentum': 66.0, 'flow': 72.0, 'volatility': 93, 'structure': 75.0, 'momentum_quality': 30.4, 'insider': 50.0}",2.0,,0.0,Tactical Hold,"중립 대기 (방향성 탐색 중, 뚜렷한 주도력 부재)",False,상승,상단,골든크로스 진행,0.9,0.0,상승,-11846176.635046033,-0.348,-0.01,1.0,0.070489995,1286508249088.0,"[{'text': '매집 구간', 'cls': 'positive'}, {'text': '⚠️ 주봉 역배열(하락추세)', 'cls': 'negative'}, {'text': '📊 VWAP 상회 주의', 'cls': 'neutral'}, {'text': 'OBV 상승', 'cls': 'positive'}, {'text': 'Squeeze 대기', 'cls': 'neutral'}, {'text': '⚠️ EPS 감소(-35%)', 'cls': 'negative'}]","{'mfc': 63, 'wyckoff': 100, 'stochastic': 42.05367569878858, 'obv': 75, 'bollinger': 0, 'momentum_quality': 30.4, 'regime_score': 50, 'rr_score': 100, 'base_tech': np.float64(58.7)}","{'base_tech_score': np.float64(58.7), 'insider_bonus': 0.0, 'deviation_penalty': 0.0, 'blowoff_penalty': 0.0, 'short_excessive_penalty': 0.0, 'weekly_penalty': 10, 'resistance_penalty': 0.0, 'rr_penalty': 0.0, 'cmf_confluence_val': 0.0, 'penny_penalty': 0.0, 'penny_non_acc_penalty': 0.0, 'scalping_bonus': 0.0, 'fund_penalty': 12.0, 'macd_reversal_bonus': 0.0, 'sector_rs_bonus': 0.0, 'confluence_bonus': 0.0, 'short_squeeze_bonus': 0.0, 'ai_momentum_bonus': 0.0}",N/A,,,,,0.76,0.35,0.58,False,False
003670.KS,POSCO FUTURE M,"159,500원",159500.0,Industrials,Electrical Equipment & Parts,1.66,12.2,62.7,0.63187003,False,False,False,53.7,Markup,"{'trend': 76.0, 'momentum': 81.9, 'flow': 57.0, 'volatility': 23, 'structure': 80.0, 'momentum_quality': 100, 'insider': 50.0}",2.0,,0.0,Tactical Overweight,매수 우위 (강력 매수 - 다중지표 강세 컨플루언스 확인),True,상승,상단,골든크로스 진행,10.4,0.0,하락,-3198841.674321754,-0.946,-0.104,0.088290006,0.02337,-1490102517760.0,"[{'text': '상승 추세', 'cls': 'positive'}, {'text': '⚠️ 주봉 역배열(하락추세)', 'cls': 'negative'}, {'text': '📊 VWAP 상회 주의', 'cls': 'neutral'}, {'text': 'Stoch 골든크로스', 'cls': 'positive'}, {'text': 'OBV 상승', 'cls': 'positive'}, {'text': '🚨 EPS 급락(-95%)', 'cls': 'negative'}, {'text': '⚠️ 매출 감소(-10%)', 'cls': 'negative'}]","{'mfc': 63, 'wyckoff': 80, 'stochastic': 51.490633546281046, 'obv': 75, 'bollinger': 0, 'momentum_quality': 100, 'regime_score': 50, 'rr_score': 100, 'base_tech': np.float64(66.5)}","{'base_tech_score': np.float64(66.5), 'insider_bonus': 0.0, 'deviation_penalty': 0.0, 'blowoff_penalty': 0.0, 'short_excessive_penalty': 0.0, 'weekly_penalty': 10, 'resistance_penalty': 0.0, 'rr_penalty': 0.0, 'cmf_confluence_val': 0.0, 'penny_penalty': 0.0, 'penny_non_acc_penalty': 0.0, 'scalping_bonus': 0.0, 'fund_penalty': 33.0, 'macd_reversal_bonus': 0.0, 'sector_rs_bonus': 0.0, 'confluence_bonus': 0.0, 'short_squeeze_bonus': 0.0, 'ai_momentum_bonus': 0.0}",N/A,,,,,1.72,0.52,0.84,False,False
ET,Energy Transfer LP,$20.78,20.780000686645508,Energy,Oil & Gas Midstream,0.92,104.0,75.9,0.1029,False,False,False,70.1,Markup,"{'trend': 100, 'momentum': 78.5, 'flow': 69.0, 'volatility': 73, 'structure': 80.0, 'momentum_quality': 90.6, 'insider': 50.0}",8.0,-20.21915770785434,0.0084,Core Holding,매수 우위 (안정적 상승 추세 안착),True,상승,상단 돌파,정배열,3.8,6.0,상승,-82572296.61107568,0.795,0.784,0.17509001,0.1041,3159124992.0,"[{'text': '상승 추세', 'cls': 'positive'}, {'text': '🎯 시그널 컨플루언스 (3)', 'cls': 'positive'}, {'text': 'Stoch 골든크로스', 'cls': 'positive'}, {'text': 'OBV 상승', 'cls': 'positive'}, {'text': 'Squeeze 대기', 'cls': 'neutral'}, {'text': '📈 EPS 반등/턴어라운드', 'cls': 'positive'}, {'text': '🚀 매출 고성장', 'cls': 'positive'}, {'text': '🔥 숏커버 (-20.2%)', 'cls': 'positive'}]","{'mfc': 76, 'wyckoff': 80, 'stochastic': 64.56625072063164, 'obv': 75, 'bollinger': 0, 'momentum_quality': 90.6, 'regime_score': 50, 'rr_score': 63.8, 'base_tech': np.float64(71.3)}","{'base_tech_score': np.float64(71.3), 'insider_bonus': 0.0, 'deviation_penalty': 0.0, 'blowoff_penalty': 0.0, 'short_excessive_penalty': 0.0, 'weekly_penalty': 0.0, 'resistance_penalty': 0.0, 'rr_penalty': 0.0, 'cmf_confluence_val': 0.0, 'penny_penalty': 0.0, 'penny_non_acc_penalty': 0.0, 'scalping_bonus': 6.0, 'fund_penalty': -25.0, 'macd_reversal_bonus': 0.0, 'sector_rs_bonus': 0.0, 'confluence_bonus': 8.0, 'short_squeeze_bonus': 0.0, 'ai_momentum_bonus': 0.0}",N/A,,,,,0.92,0.86,0.86,True,False
APO,"Apollo Global Management, Inc. ",$140.28,140.27999877929688,Financial Services,Asset Management,6.26,102.8,75.2,0.27165002,False,False,False,69.2,Markup,"{'trend': 95.0, 'momentum': 94.3, 'flow': 79.0, 'volatility': 33, 'structure': 80.0, 'momentum_quality': 98.2, 'insider': 50.0}",8.0,-25.096701134571873,0.0444,Tactical Overweight,매수 우위 (강력 매수 - 다중지표 강세 컨플루언스 확인),True,하락,상단 돌파,골든크로스 진행,12.3,10.0,상승,-577265.1676830593,1.16,0.638,0.36109,0.21582001,,"[{'text': '상승 추세', 'cls': 'positive'}, {'text': '🔥 Accumulation Confluence (CMF+ADL)', 'cls': 'positive'}, {'text': 'Stoch 골든크로스', 'cls': 'positive'}, {'text': '📈 EPS 반등/턴어라운드', 'cls': 'positive'}, {'text': '🚀 매출 고성장', 'cls': 'positive'}, {'text': '🔥 숏커버 (-25.1%)', 'cls': 'positive'}]","{'mfc': 75, 'wyckoff': 80, 'stochastic': 73.58415387193453, 'obv': 25, 'bollinger': 0, 'momentum_quality': 98.2, 'regime_score': 50, 'rr_score': 49.6, 'base_tech': np.float64(67.3)}","{'base_tech_score': np.float64(67.3), 'insider_bonus': 0.0, 'deviation_penalty': 0.0, 'blowoff_penalty': 0.0, 'short_excessive_penalty': 0.0, 'weekly_penalty': 0.0, 'resistance_penalty': 0.0, 'rr_penalty': 0.0, 'cmf_confluence_val': 0.0, 'penny_penalty': 0.0, 'penny_non_acc_penalty': 0.0, 'scalping_bonus': 10.0, 'fund_penalty': -25.0, 'macd_reversal_bonus': 0.0, 'sector_rs_bonus': 0.0, 'confluence_bonus': 0.0, 'short_squeeze_bonus': 0.0, 'ai_momentum_bonus': 0.0}",N/A,,,,,6.26,1.37,1.37,False,False
BAM,Brookfield Asset Management Inc,$55.36,55.36000061035156,Financial Services,Asset Management,4.77,98.7,77.7,0.03568,False,False,False,75.2,Markup,"{'trend': 100, 'momentum': 79.0, 'flow': 100, 'volatility': 43, 'structure': 80.0, 'momentum_quality': 100, 'insider': 50.0}",0.0,3.2113225637530274,0.0517,Tactical Overweight,매수 우위 (강력 매수 - 다중지표 강세 컨플루언스 확인),True,상승,상단 돌파,정배열,12.1,10.0,상승,-8290761.035855234,0.458,0.608,0.74377,0.68738997,2674374912.0,"[{'text': '상승 추세', 'cls': 'positive'}, {'text': '🔥 Accumulation Confluence (CMF+ADL)', 'cls': 'positive'}, {'text': 'Stoch 골든크로스', 'cls': 'positive'}, {'text': 'OBV 상승', 'cls': 'positive'}, {'text': '📈 EPS 반등/턴어라운드', 'cls': 'positive'}, {'text': '🚀 매출 고성장', 'cls': 'positive'}]","{'mfc': 78, 'wyckoff': 80, 'stochastic': 53.96555505820743, 'obv': 75, 'bollinger': 0, 'momentum_quality': 100, 'regime_score': 50, 'rr_score': 61.2, 'base_tech': np.float64(72.1)}","{'base_tech_score': np.float64(72.1), 'insider_bonus': 0.0, 'deviation_penalty': 0.0, 'blowoff_penalty': 0.0, 'short_excessive_penalty': 0.0, 'weekly_penalty': 0.0, 'resistance_penalty': 0.0, 'rr_penalty': 0.0, 'cmf_confluence_val': 0.0, 'penny_penalty': 0.0, 'penny_non_acc_penalty': 0.0, 'scalping_bonus': 10.0, 'fund_penalty': -25.0, 'macd_reversal_bonus': 0.0, 'sector_rs_bonus': 0.0, 'confluence_bonus': 0.0, 'short_squeeze_bonus': 0.0, 'ai_momentum_bonus': 0.0}",N/A,,,,,4.77,1.25,1.25,False,False
AXON,"Axon Enterprise, Inc.",$636.31,636.3099975585938,Industrials,Aerospace & Defense,6.7,91.0,76.3,0.04276,False,False,False,63.5,Markup,"{'trend': 100, 'momentum': 94.6, 'flow': 100, 'volatility': 23, 'structure': 80.0, 'momentum_quality': 98.2, 'insider': 50.0}",5.0,-12.5282952369756,0.051999997,Tactical Overweight,매수 우위 (강력 매수 - 다중지표 강세 컨플루언스 확인),True,상승,상단 돌파,정배열,16.8,10.0,상승,10570810.487608362,-0.185,0.353,0.59525,0.0517,222160000.0,"[{'text': '상승 추세', 'cls': 'positive'}, {'text': '🔥 Accumulation Confluence (CMF+ADL)', 'cls': 'positive'}, {'text': 'Stoch 골든크로스', 'cls': 'positive'}, {'text': 'OBV 상승', 'cls': 'positive'}, {'text': '🚀 매출 고성장', 'cls': 'positive'}, {'text': '🔥 숏커버 (-12.5%)', 'cls': 'positive'}]","{'mfc': 76, 'wyckoff': 80, 'stochastic': 84.46830248566386, 'obv': 75, 'bollinger': 0, 'momentum_quality': 98.2, 'regime_score': 50, 'rr_score': 68.0, 'base_tech': np.float64(75.0)}","{'base_tech_score': np.float64(75.0), 'insider_bonus': 0.0, 'deviation_penalty': 0.0, 'blowoff_penalty': 0.0, 'short_excessive_penalty': 0.0, 'weekly_penalty': 0.0, 'resistance_penalty': 0.0, 'rr_penalty': 0.0, 'cmf_confluence_val': 0.0, 'penny_penalty': 0.0, 'penny_non_acc_penalty': 0.0, 'scalping_bonus': 10.0, 'fund_penalty': -10.0, 'macd_reversal_bonus': 0.0, 'sector_rs_bonus': 0.0, 'confluence_bonus': 0.0, 'short_squeeze_bonus': 0.0, 'ai_momentum_bonus': 0.0}",N/A,,,,,6.7,1.33,1.33,False,False
XERS,"Xeris Biopharma Holdings, Inc.",$8.39,8.390000343322754,Healthcare,Drug Manufacturers - Specialty & Generic,5.01,88.4,64.1,0.03143,False,False,False,55.6,Markup,"{'trend': 45.0, 'momentum': 70.8, 'flow': 100, 'volatility': 33, 'structure': 80.0, 'momentum_quality': 67.7, 'insider': 50.0}",8.0,-27.732128299971613,0.052199997,Core Holding,매수 우위 (안정적 상승 추세 안착),True,상승,상단,데드크로스 진행,1.0,10.0,상승,11124302.499886513,,0.287,0.86574996,0.05617,52450124.0,"[{'text': '상승 추세', 'cls': 'positive'}, {'text': '🔥 Accumulation Confluence (CMF+ADL)', 'cls': 'positive'}, {'text': 'Stoch 골든크로스', 'cls': 'positive'}, {'text': 'OBV 상승', 'cls': 'positive'}, {'text': '🚀 매출 고성장', 'cls': 'positive'}, {'text': '🔥 숏커버 (-27.7%)', 'cls': 'positive'}]","{'mfc': 64, 'wyckoff': 80, 'stochastic': 100, 'obv': 75, 'bollinger': 0, 'momentum_quality': 67.7, 'regime_score': 50, 'rr_score': 84.9, 'base_tech': np.float64(68.0)}","{'base_tech_score': np.float64(68.0), 'insider_bonus': 0.0, 'deviation_penalty': 0.0, 'blowoff_penalty': 0.0, 'short_excessive_penalty': 0.0, 'weekly_penalty': 0.0, 'resistance_penalty': 0.0, 'rr_penalty': 0.0, 'cmf_confluence_val': 0.0, 'penny_penalty': 0.0, 'penny_non_acc_penalty': 0.0, 'scalping_bonus': 10.0, 'fund_penalty': -10.0, 'macd_reversal_bonus': 0.0, 'sector_rs_bonus': 0.0, 'confluence_bonus': 0.0, 'short_squeeze_bonus': 0.0, 'ai_momentum_bonus': 0.0}",N/A,,,,,5.01,0.96,0.96,False,False
TIGR,UP Fintech Holding Limited,$4.75,4.75,Financial Services,Capital Markets,-3.26,85.7,72.0,0.18531,False,False,False,47.7,Accumulation,"{'trend': 73.0, 'momentum': 67.6, 'flow': 100, 'volatility': 68, 'structure': 75.0, 'momentum_quality': 60.6, 'insider': 50.0}",5.0,-12.785895557963878,0.0545,Aggressive Buy,매수 우위 (분할 매수 - 바닥 확인 후 모멘텀 턴어라운드),False,상승,하단,골든크로스 진행,-1.0,5.0,상승,10128235.190427892,,0.271,0.87584996,0.34774,,"[{'text': '매집 구간', 'cls': 'positive'}, {'text': '🔥 Accumulation Confluence (CMF+ADL)', 'cls': 'positive'}, {'text': 'OBV 상승', 'cls': 'positive'}, {'text': '🚀 매출 고성장', 'cls': 'positive'}, {'text': '🔥 숏커버 (-12.8%)', 'cls': 'positive'}]","{'mfc': 72, 'wyckoff': 100, 'stochastic': 44.73018279754523, 'obv': 75, 'bollinger': 100, 'momentum_quality': 60.6, 'regime_score': 50, 'rr_score': 100, 'base_tech': np.float64(74.7)}","{'base_tech_score': np.float64(74.7), 'insider_bonus': 0.0, 'deviation_penalty': 0.0, 'blowoff_penalty': 0.0, 'short_excessive_penalty': 0.0, 'weekly_penalty': 0.0, 'resistance_penalty': 0.0, 'rr_penalty': 0.0, 'cmf_confluence_val': 0.0, 'penny_penalty': 0.0, 'penny_non_acc_penalty': 0.0, 'scalping_bonus': 5.0, 'fund_penalty': -10.0, 'macd_reversal_bonus': 0.0, 'sector_rs_bonus': 0.0, 'confluence_bonus': 0.0, 'short_squeeze_bonus': 0.0, 'ai_momentum_bonus': 0.0}",N/A,,,,,-3.26,0.49,0.49,False,False
BAC,Bank of America Corporation,$64.00,64.0,Financial Services,Banks - Diversified,0.22,85.6,77.3,0.07461,False,False,False,70.4,Markup,"{'trend': 100, 'momentum': 61.6, 'flow': 100, 'volatility': 73, 'structure': 80.0, 'momentum_quality': 77.8, 'insider': 50.0}",8.0,-47.9232693911593,0.0,Tactical Overweight,매수 우위 (강력 매수 - 다중지표 강세 컨플루언스 확인),True,상승,상단,정배열,3.0,6.0,상승,213901101.09311354,0.266,0.168,0.0,0.38305,,"[{'text': '상승 추세', 'cls': 'positive'}, {'text': '📊 VWAP 상회 주의', 'cls': 'neutral'}, {'text': '🎯 시그널 컨플루언스 (3)', 'cls': 'positive'}, {'text': 'Stoch 골든크로스', 'cls': 'positive'}, {'text': 'OBV 상승', 'cls': 'positive'}, {'text': 'Squeeze 대기', 'cls': 'neutral'}, {'text': '🔥 숏커버 (-47.9%)', 'cls': 'positive'}]","{'mfc': 77, 'wyckoff': 80, 'stochastic': 60.96189465434193, 'obv': 75, 'bollinger': 0, 'momentum_quality': 77.8, 'regime_score': 50, 'rr_score': 97.8, 'base_tech': np.float64(69.4)}","{'base_tech_score': np.float64(69.4), 'insider_bonus': 0.0, 'deviation_penalty': 0.0, 'blowoff_penalty': 0.0, 'short_excessive_penalty': 0.0, 'weekly_penalty': 0.0, 'resistance_penalty': 0.0, 'rr_penalty': 0.0, 'cmf_confluence_val': 0.0, 'penny_penalty': 0.0, 'penny_non_acc_penalty': 0.0, 'scalping_bonus': 6.0, 'fund_penalty': -8.0, 'macd_reversal_bonus': 0.0, 'sector_rs_bonus': 0.0, 'confluence_bonus': 8.0, 'short_squeeze_bonus': 0.0, 'ai_momentum_bonus': 0.0}",N/A,,,,,0.22,0.43,0.43,True,False
FRPT,"Freshpet, Inc.",$71.75,71.75,Consumer Defensive,Packaged Foods,5.87,83.7,71.3,0.01812,False,False,False,69.8,Markup,"{'trend': 65.0, 'momentum': 100, 'flow': 100, 'volatility': 13, 'structure': 80.0, 'momentum_quality': 98.2, 'insider': 50.0}",3.5,-11.747884313402563,0.19209999,Tactical Overweight,매수 우위 (강력 매수 - 다중지표 강세 컨플루언스 확인),True,상승,상단 돌파,혼합,17.0,10.0,상승,8129517.476711258,0.191,0.155,0.41367,0.07113,19274124.0,"[{'text': '상승 추세', 'cls': 'positive'}, {'text': '🔥 Accumulation Confluence (CMF+ADL)', 'cls': 'positive'}, {'text': 'Stoch 골든크로스', 'cls': 'positive'}, {'text': 'OBV 상승', 'cls': 'positive'}, {'text': '🚨 공매도 비중 주의 (19.21%)', 'cls': 'negative'}, {'text': '🔥 숏커버 (-11.7%)', 'cls': 'positive'}]","{'mfc': 71, 'wyckoff': 80, 'stochastic': 59.256973831119595, 'obv': 75, 'bollinger': 0, 'momentum_quality': 98.2, 'regime_score': 50, 'rr_score': 67.1, 'base_tech': np.float64(70.2)}","{'base_tech_score': np.float64(70.2), 'insider_bonus': 0.0, 'deviation_penalty': 0.0, 'blowoff_penalty': 0.0, 'short_excessive_penalty': 0.0, 'weekly_penalty': 0.0, 'resistance_penalty': 0.0, 'rr_penalty': 0.0, 'cmf_confluence_val': 0.0, 'penny_penalty': 0.0, 'penny_non_acc_penalty': 0.0, 'scalping_bonus': 10.0, 'fund_penalty': -8.0, 'macd_reversal_bonus': 0.0, 'sector_rs_bonus': 0.0, 'confluence_bonus': 0.0, 'short_squeeze_bonus': 0.0, 'ai_momentum_bonus': 0.0}",N/A,,,,,5.87,1.16,1.16,False,False
OC,Owens Corning Inc,$158.92,158.9199981689453,Industrials,Building Products & Equipment,3.33,83.6,78.8,0.01061,False,False,False,67.4,Markup,"{'trend': 100, 'momentum': 91.3, 'flow': 100, 'volatility': 33, 'structure': 80.0, 'momentum_quality': 100, 'insider': 50.0}",8.0,-37.709507469157124,0.0394,Tactical Overweight,매수 우위 (강력 매수 - 다중지표 강세 컨플루언스 확인),True,상승,상단 돌파,정배열,9.8,16.0,상승,-2725551.3175249253,-0.377,0.003,0.26485002,0.17816,885124992.0,"[{'text': '상승 추세', 'cls': 'positive'}, {'text': '📊 VWAP 상회 주의', 'cls': 'neutral'}, {'text': 'Stoch 골든크로스', 'cls': 'positive'}, {'text': 'OBV 상승', 'cls': 'positive'}, {'text': '⚠️ EPS 감소(-38%)', 'cls': 'negative'}, {'text': '🔥 숏커버 (-37.7%)', 'cls': 'positive'}, {'text': '📉 AI 예상: +0.0%', 'cls': 'negative'}]","{'mfc': 79, 'wyckoff': 80, 'stochastic': 69.55532088765267, 'obv': 75, 'bollinger': 0, 'momentum_quality': 100, 'regime_score': 50, 'rr_score': 69.0, 'base_tech': np.float64(74.3)}","{'base_tech_score': np.float64(74.3), 'insider_bonus': 0.0, 'deviation_penalty': 0.0, 'blowoff_penalty': 0.0, 'short_excessive_penalty': 0.0, 'weekly_penalty': 0.0, 'resistance_penalty': 0.0, 'rr_penalty': 0.0, 'cmf_confluence_val': 0.0, 'penny_penalty': 0.0, 'penny_non_acc_penalty': 0.0, 'scalping_bonus': 16.0, 'fund_penalty': 18.0, 'macd_reversal_bonus': 0.0, 'sector_rs_bonus': 0.0, 'confluence_bonus': 0.0, 'short_squeeze_bonus': 0.0, 'ai_momentum_bonus': 0.0}",+0.00%,83.6,STRONG BUY,+0.00%,0.5,3.33,0.63,0.63,True,False
ABNB,"Airbnb, Inc.",$184.98,184.97999572753906,Consumer Cyclical,Travel Services,0.15,83.6,77.0,0.01112,False,False,False,81.6,Markup,"{'trend': 100, 'momentum': 88.0, 'flow': 100, 'volatility': 13, 'structure': 80.0, 'momentum_quality': 100, 'insider': 50.0}",5.0,-13.268396044258635,0.0312,Tactical Overweight,매수 우위 (강력 매수 - 다중지표 강세 컨플루언스 확인),True,상승,상단 돌파,정배열,20.9,6.0,상승,27571517.013040297,0.271,0.165,0.82901,0.21009001,3206874880.0,"[{'text': '상승 추세', 'cls': 'positive'}, {'text': '🔥 Accumulation Confluence (CMF+ADL)', 'cls': 'positive'}, {'text': 'Stoch 골든크로스', 'cls': 'positive'}, {'text': 'OBV 상승', 'cls': 'positive'}, {'text': '🔥 숏커버 (-13.3%)', 'cls': 'positive'}]","{'mfc': 77, 'wyckoff': 80, 'stochastic': 65.3278122517682, 'obv': 75, 'bollinger': 0, 'momentum_quality': 100, 'regime_score': 40, 'rr_score': 72.7, 'base_tech': np.float64(73.2)}","{'base_tech_score': np.float64(73.2), 'insider_bonus': 0.0, 'deviation_penalty': 0.0, 'blowoff_penalty': 0.0, 'short_excessive_penalty': 0.0, 'weekly_penalty': 0.0, 'resistance_penalty': 0.0, 'rr_penalty': 0.0, 'cmf_confluence_val': 0.0, 'penny_penalty': 0.0, 'penny_non_acc_penalty': 0.0, 'scalping_bonus': 6.0, 'fund_penalty': -8.0, 'macd_reversal_bonus': 0.0, 'sector_rs_bonus': 0.0, 'confluence_bonus': 0.0, 'short_squeeze_bonus': 0.0, 'ai_momentum_bonus': 0.0}",N/A,,,,,0.15,1.93,1.93,True,False
RNW,ReNew Energy Global plc,$6.85,6.849999904632568,Utilities,Utilities - Renewable,11.75,83.5,78.6,0.16344999,False,False,False,68.3,Markup,"{'trend': 100, 'momentum': 91.5, 'flow': 100, 'volatility': 53, 'structure': 80.0, 'momentum_quality': 84.0, 'insider': 50.0}",8.0,-37.65883126803789,0.0197,Tactical Overweight,매수 우위 (강력 매수 - 다중지표 강세 컨플루언스 확인),True,상승,상단 돌파,정배열,10.2,18.0,상승,17814570.19539404,-0.901,0.095,0.83419,0.45137,-71254999040.0,"[{'text': '상승 추세', 'cls': 'positive'}, {'text': '🔄 MACD 반전', 'cls': 'positive'}, {'text': '🔥 Accumulation Confluence (CMF+ADL)', 'cls': 'positive'}, {'text': '🎯 시그널 컨플루언스 (3)', 'cls': 'positive'}, {'text': 'Stoch 골든크로스', 'cls': 'positive'}, {'text': 'OBV 상승', 'cls': 'positive'}, {'text': '거래량 폭발', 'cls': 'neutral'}, {'text': '🚨 EPS 급락(-90%)', 'cls': 'negative'}, {'text': '🔥 숏커버 (-37.7%)', 'cls': 'positive'}, {'text': '📉 AI 예상: +0.0%', 'cls': 'negative'}]","{'mfc': 79, 'wyckoff': 80, 'stochastic': 69.17987841145455, 'obv': 75, 'bollinger': 0, 'momentum_quality': 84.0, 'regime_score': 50, 'rr_score': 52.6, 'base_tech': np.float64(71.8)}","{'base_tech_score': np.float64(71.8), 'insider_bonus': 0.0, 'deviation_penalty': 0.0, 'blowoff_penalty': 0.0, 'short_excessive_penalty': 0.0, 'weekly_penalty': 0.0, 'resistance_penalty': 0.0, 'rr_penalty': 0.0, 'cmf_confluence_val': 0.0, 'penny_penalty': 0.0, 'penny_non_acc_penalty': 0.0, 'scalping_bonus': 18.0, 'fund_penalty': 25.0, 'macd_reversal_bonus': 5.0, 'sector_rs_bonus': 0.0, 'confluence_bonus': 8.0, 'short_squeeze_bonus': 0.0, 'ai_momentum_bonus': 0.0}",+0.00%,83.5,STRONG BUY,+0.00%,0.5,11.75,13.92,13.92,False,False
AC.TO,AIR CANADA,$27.27,27.270000457763672,Industrials,Airlines,5.9,83.4,78.6,0.002,False,False,False,66.3,Markup,"{'trend': 100, 'momentum': 86.2, 'flow': 100, 'volatility': 33, 'structure': 80.0, 'momentum_quality': 100, 'insider': 50.0}",8.0,-39.28997924346462,0.0,Tactical Overweight,매수 우위 (강력 매수 - 다중지표 강세 컨플루언스 확인),False,상승,상단,정배열,10.9,16.0,상승,13632845.03505177,,0.113,0.30212,0.02022,392624992.0,"[{'text': '상승 추세', 'cls': 'positive'}, {'text': '🔥 Accumulation Confluence (CMF+ADL)', 'cls': 'positive'}, {'text': 'OBV 상승', 'cls': 'positive'}, {'text': '🔥 숏커버 (-39.3%)', 'cls': 'positive'}, {'text': '📉 AI 예상: +0.0%', 'cls': 'negative'}]","{'mfc': 79, 'wyckoff': 80, 'stochastic': 49.27060715881062, 'obv': 75, 'bollinger': 0, 'momentum_quality': 100, 'regime_score': 50, 'rr_score': 71.6, 'base_tech': np.float64(71.8)}","{'base_tech_score': np.float64(71.8), 'insider_bonus': 0.0, 'deviation_penalty': 0.0, 'blowoff_penalty': 0.0, 'short_excessive_penalty': 0.0, 'weekly_penalty': 0.0, 'resistance_penalty': 0.0, 'rr_penalty': 0.0, 'cmf_confluence_val': 0.0, 'penny_penalty': 0.0, 'penny_non_acc_penalty': 0.0, 'scalping_bonus': 16.0, 'fund_penalty': -3.0, 'macd_reversal_bonus': 0.0, 'sector_rs_bonus': 0.0, 'confluence_bonus': 0.0, 'short_squeeze_bonus': 0.0, 'ai_momentum_bonus': 0.0}",+0.00%,83.4,STRONG BUY,+0.00%,0.5,5.9,1.79,1.79,True,False
ETN,"Eaton Corporation, PLC",$459.29,459.2900085449219,Industrials,Specialty Industrial Machinery,3.22,83.3,74.3,0.0007,False,False,False,65.3,Markup,"{'trend': 100, 'momentum': 88.7, 'flow': 81.0, 'volatility': 33, 'structure': 80.0, 'momentum_quality': 98.2, 'insider': 50.0}",8.0,-26.41905544614599,0.0176,Tactical Overweight,매수 우위 (강력 매수 - 다중지표 강세 컨플루언스 확인),True,상승,상단,정배열,10.6,16.0,하락,6635340.147260467,-0.164,0.214,0.36022,0.16563,3106125056.0,"[{'text': '상승 추세', 'cls': 'positive'}, {'text': 'Stoch 골든크로스', 'cls': 'positive'}, {'text': 'OBV 상승', 'cls': 'positive'}, {'text': '🔥 숏커버 (-26.4%)', 'cls': 'positive'}]","{'mfc': 74, 'wyckoff': 80, 'stochastic': 51.563125176489706, 'obv': 75, 'bollinger': 0, 'momentum_quality': 98.2, 'regime_score': 50, 'rr_score': 50.5, 'base_tech': np.float64(70.3)}","{'base_tech_score': np.float64(70.3), 'insider_bonus': 0.0, 'deviation_penalty': 0.0, 'blowoff_penalty': 0.0, 'short_excessive_penalty': 0.0, 'weekly_penalty': 0.0, 'resistance_penalty': 0.0, 'rr_penalty': 0.0, 'cmf_confluence_val': 0.0, 'penny_penalty': 0.0, 'penny_non_acc_penalty': 0.0, 'scalping_bonus': 16.0, 'fund_penalty': -3.0, 'macd_reversal_bonus': 0.0, 'sector_rs_bonus': 0.0, 'confluence_bonus': 0.0, 'short_squeeze_bonus': 0.0, 'ai_momentum_bonus': 0.0}",N/A,,,,,3.22,0.73,0.73,True,False
ATRC,"AtriCure, Inc.",$42.95,42.95000076293945,Healthcare,Medical Instruments & Supplies,3.15,80.5,74.6,0.03808,False,False,False,74.2,Markup,"{'trend': 100, 'momentum': 88.0, 'flow': 100, 'volatility': 13, 'structure': 80.0, 'momentum_quality': 100, 'insider': 50.0}",5.0,-13.148200922732814,0.0791,Tactical Overweight,매수 우위 (강력 매수 - 다중지표 강세 컨플루언스 확인),True,상승,상단,정배열,13.9,16.0,상승,3769456.3691084483,,0.128,0.76298,0.06292,48811500.0,"[{'text': '상승 추세', 'cls': 'positive'}, {'text': '📊 VWAP 상회 주의', 'cls': 'neutral'}, {'text': '🔥 Accumulation Confluence (CMF+ADL)', 'cls': 'positive'}, {'text': 'Stoch 골든크로스', 'cls': 'positive'}, {'text': 'OBV 상승', 'cls': 'positive'}, {'text': '🔥 숏커버 (-13.1%)', 'cls': 'positive'}, {'text': '📉 AI 예상: +0.0%', 'cls': 'negative'}]","{'mfc': 75, 'wyckoff': 80, 'stochastic': 63.7242325811491, 'obv': 75, 'bollinger': 0, 'momentum_quality': 100, 'regime_score': 50, 'rr_score': 76.3, 'base_tech': np.float64(72.2)}","{'base_tech_score': np.float64(72.2), 'insider_bonus': 0.0, 'deviation_penalty': 0.0, 'blowoff_penalty': 0.0, 'short_excessive_penalty': 0.0, 'weekly_penalty': 0.0, 'resistance_penalty': 0.0, 'rr_penalty': 0.0, 'cmf_confluence_val': 0.0, 'penny_penalty': 0.0, 'penny_non_acc_penalty': 0.0, 'scalping_bonus': 16.0, 'fund_penalty': -3.0, 'macd_reversal_bonus': 0.0, 'sector_rs_bonus': 0.0, 'confluence_bonus': 0.0, 'short_squeeze_bonus': 0.0, 'ai_momentum_bonus': 0.0}",+0.00%,80.5,STRONG BUY,+0.00%,0.5,3.15,0.6,0.6,True,False
PSX,Phillips 66,$224.36,224.36000061035156,Energy,Oil & Gas Refining & Marketing,4.1,80.1,80.4,0.00217,False,False,False,72.3,Markup,"{'trend': 100, 'momentum': 84.6, 'flow': 99.0, 'volatility': 53, 'structure': 80.0, 'momentum_quality': 100, 'insider': 50.0}",4.0,-8.44816488217121,0.021300001,Tactical Overweight,매수 우위 (강력 매수 - 다중지표 강세 컨플루언스 확인),True,상승,상단 돌파,정배열,7.9,16.0,상승,16813347.12742015,3.387,0.531,0.13098,0.08529,4545375232.0,"[{'text': '상승 추세', 'cls': 'positive'}, {'text': '🔄 MACD 반전', 'cls': 'positive'}, {'text': '🎯 시그널 컨플루언스 (3)', 'cls': 'positive'}, {'text': 'Stoch 골든크로스', 'cls': 'positive'}, {'text': 'OBV 상승', 'cls': 'positive'}, {'text': '📈 EPS 반등/턴어라운드', 'cls': 'positive'}, {'text': '🚀 매출 고성장', 'cls': 'positive'}, {'text': '📉 AI 예상: +0.0%', 'cls': 'negative'}]","{'mfc': 80, 'wyckoff': 80, 'stochastic': 100, 'obv': 75, 'bollinger': 0, 'momentum_quality': 100, 'regime_score': 50, 'rr_score': 63.5, 'base_tech': np.float64(78.5)}","{'base_tech_score': np.float64(78.5), 'insider_bonus': 0.0, 'deviation_penalty': 0.0, 'blowoff_penalty': 0.0, 'short_excessive_penalty': 0.0, 'weekly_penalty': 0.0, 'resistance_penalty': 0.0, 'rr_penalty': 0.0, 'cmf_confluence_val': 0.0, 'penny_penalty': 0.0, 'penny_non_acc_penalty': 0.0, 'scalping_bonus': 16.0, 'fund_penalty': -25.0, 'macd_reversal_bonus': 5.0, 'sector_rs_bonus': 0.0, 'confluence_bonus': 8.0, 'short_squeeze_bonus': 0.0, 'ai_momentum_bonus': 0.0}",+0.00%,80.1,STRONG BUY,+0.00%,0.5,4.1,0.8,0.8,True,False
VLO,Valero Energy Corporation,$323.92,323.9200134277344,Energy,Oil & Gas Refining & Marketing,2.85,79.8,77.5,0.00423,False,False,False,67.4,Markup,"{'trend': 100, 'momentum': 75.6, 'flow': 100, 'volatility': 53, 'structure': 80.0, 'momentum_quality': 81.1, 'insider': 50.0}",5.0,-12.306116927592578,0.0367,Tactical Overweight,매수 우위 (강력 매수 - 다중지표 강세 컨플루언스 확인),True,상승,상단 돌파,정배열,5.8,16.0,상승,60772174.25486976,4.21,0.517,0.16118999,0.12269,8416374784.0,"[{'text': '상승 추세', 'cls': 'positive'}, {'text': 'Stoch 골든크로스', 'cls': 'positive'}, {'text': 'OBV 상승', 'cls': 'positive'}, {'text': '📈 EPS 반등/턴어라운드', 'cls': 'positive'}, {'text': '🚀 매출 고성장', 'cls': 'positive'}, {'text': '🔥 숏커버 (-12.3%)', 'cls': 'positive'}, {'text': '📉 AI 예상: +0.0%', 'cls': 'negative'}]","{'mfc': 78, 'wyckoff': 80, 'stochastic': 97.26805151914917, 'obv': 75, 'bollinger': 0, 'momentum_quality': 81.1, 'regime_score': 50, 'rr_score': 61.2, 'base_tech': np.float64(74.4)}","{'base_tech_score': np.float64(74.4), 'insider_bonus': 0.0, 'deviation_penalty': 0.0, 'blowoff_penalty': 0.0, 'short_excessive_penalty': 0.0, 'weekly_penalty': 0.0, 'resistance_penalty': 0.0, 'rr_penalty': 0.0, 'cmf_confluence_val': 0.0, 'penny_penalty': 0.0, 'penny_non_acc_penalty': 0.0, 'scalping_bonus': 16.0, 'fund_penalty': -25.0, 'macd_reversal_bonus': 0.0, 'sector_rs_bonus': 0.0, 'confluence_bonus': 0.0, 'short_squeeze_bonus': 0.0, 'ai_momentum_bonus': 0.0}",+0.00%,79.8,BUY,+0.00%,0.5,2.85,0.71,0.71,True,False
MPC,Marathon Petroleum Corporation,$336.42,336.4200134277344,Energy,Oil & Gas Refining & Marketing,5.03,77.9,67.9,0.00332,False,False,False,69.4,Markup,"{'trend': 45.0, 'momentum': 77.0, 'flow': 99.0, 'volatility': 53, 'structure': 80.0, 'momentum_quality': 98.5, 'insider': 50.0}",4.0,-6.917259737666208,0.028099999,Tactical Overweight,매수 우위 (강력 매수 - 다중지표 강세 컨플루언스 확인),True,상승,상단 돌파,데드크로스 진행,8.2,16.0,상승,23708589.87069727,3.225,0.537,0.12819,0.13561,9249375232.0,"[{'text': '상승 추세', 'cls': 'positive'}, {'text': 'Stoch 골든크로스', 'cls': 'positive'}, {'text': 'OBV 상승', 'cls': 'positive'}, {'text': '📈 EPS 반등/턴어라운드', 'cls': 'positive'}, {'text': '🚀 매출 고성장', 'cls': 'positive'}, {'text': '📉 AI 예상: +0.0%', 'cls': 'negative'}]","{'mfc': 68, 'wyckoff': 80, 'stochastic': 100, 'obv': 75, 'bollinger': 0, 'momentum_quality': 98.5, 'regime_score': 50, 'rr_score': 63.6, 'base_tech': np.float64(73.9)}","{'base_tech_score': np.float64(73.9), 'insider_bonus': 0.0, 'deviation_penalty': 0.0, 'blowoff_penalty': 0.0, 'short_excessive_penalty': 0.0, 'weekly_penalty': 0.0, 'resistance_penalty': 0.0, 'rr_penalty': 0.0, 'cmf_confluence_val': 0.0, 'penny_penalty': 0.0, 'penny_non_acc_penalty': 0.0, 'scalping_bonus': 16.0, 'fund_penalty': -25.0, 'macd_reversal_bonus': 0.0, 'sector_rs_bonus': 0.0, 'confluence_bonus': 0.0, 'short_squeeze_bonus': 0.0, 'ai_momentum_bonus': 0.0}",+0.00%,77.9,BUY,+0.00%,0.5,5.03,0.96,0.96,True,False
EMR,Emerson Electric Company,$164.38,164.3800048828125,Industrials,Specialty Industrial Machinery,3.57,74.5,79.0,0.0022200001,False,False,False,69.4,Markup,"{'trend': 100, 'momentum': 90.4, 'flow': 100, 'volatility': 43, 'structure': 80.0, 'momentum_quality': 100, 'insider': 50.0}",0.0,7.2076350126033875,0.0223,Tactical Overweight,매수 우위 (강력 매수 - 다중지표 강세 컨플루언스 확인),True,상승,상단,정배열,10.2,16.0,상승,7909095.34511163,0.225,0.07,0.53161,0.26924,3706249984.0,"[{'text': '상승 추세', 'cls': 'positive'}, {'text': '📊 VWAP 상회 주의', 'cls': 'neutral'}, {'text': '🔥 Accumulation Confluence (CMF+ADL)', 'cls': 'positive'}, {'text': 'Stoch 골든크로스', 'cls': 'positive'}, {'text': 'OBV 상승', 'cls': 'positive'}, {'text': '📉 AI 예상: +0.0%', 'cls': 'negative'}]","{'mfc': 79, 'wyckoff': 80, 'stochastic': 59.63079120374832, 'obv': 75, 'bollinger': 0, 'momentum_quality': 100, 'regime_score': 50, 'rr_score': 59.9, 'base_tech': np.float64(73.2)}","{'base_tech_score': np.float64(73.2), 'insider_bonus': 0.0, 'deviation_penalty': 0.0, 'blowoff_penalty': 0.0, 'short_excessive_penalty': 0.0, 'weekly_penalty': 0.0, 'resistance_penalty': 0.0, 'rr_penalty': 0.0, 'cmf_confluence_val': 0.0, 'penny_penalty': 0.0, 'penny_non_acc_penalty': 0.0, 'scalping_bonus': 16.0, 'fund_penalty': -5.0, 'macd_reversal_bonus': 0.0, 'sector_rs_bonus': 0.0, 'confluence_bonus': 0.0, 'short_squeeze_bonus': 0.0, 'ai_momentum_bonus': 0.0}",+0.00%,74.5,BUY,+0.00%,0.5,3.57,0.63,0.63,True,False
CLDX,"Celldex Therapeutics, Inc.",$44.33,44.33000183105469,Healthcare,Biotechnology,3.17,74.4,72.5,0.00271,False,False,False,78.4,Markup,"{'trend': 100, 'momentum': 77.8, 'flow': 100, 'volatility': 13, 'structure': 80.0, 'momentum_quality': 100, 'insider': 50.0}",0.0,-1.4420043333010713,0.1153,Tactical Overweight,매수 우위 (강력 매수 - 다중지표 강세 컨플루언스 확인),False,상승,상단 돌파,정배열,16.8,16.0,상승,12530104.903513553,,-0.97,0.0,-3664.682,-133080496.0,"[{'text': '상승 추세', 'cls': 'positive'}, {'text': '🔥 Accumulation Confluence (CMF+ADL)', 'cls': 'positive'}, {'text': 'OBV 상승', 'cls': 'positive'}, {'text': '🚨 매출 강하락(-97%)', 'cls': 'negative'}, {'text': '🔴 영업손실(-366468%)', 'cls': 'negative'}, {'text': '🔴 적자기업(PER<0)', 'cls': 'negative'}, {'text': '🚨 공매도 비중 주의 (11.53%)', 'cls': 'negative'}, {'text': '📉 AI 예상: +0.0%', 'cls': 'negative'}]","{'mfc': 72, 'wyckoff': 80, 'stochastic': 49.42749774948286, 'obv': 75, 'bollinger': 0, 'momentum_quality': 100, 'regime_score': 50, 'rr_score': 72.2, 'base_tech': np.float64(69.7)}","{'base_tech_score': np.float64(69.7), 'insider_bonus': 0.0, 'deviation_penalty': 0.0, 'blowoff_penalty': 0.0, 'short_excessive_penalty': 0.0, 'weekly_penalty': 0.0, 'resistance_penalty': 0.0, 'rr_penalty': 0.0, 'cmf_confluence_val': 0.0, 'penny_penalty': 0.0, 'penny_non_acc_penalty': 0.0, 'scalping_bonus': 16.0, 'fund_penalty': 45.0, 'macd_reversal_bonus': 0.0, 'sector_rs_bonus': 0.0, 'confluence_bonus': 0.0, 'short_squeeze_bonus': 0.0, 'ai_momentum_bonus': 0.0}",+0.00%,74.4,BUY,+0.00%,0.5,3.16,0.74,0.74,True,False
AXIA,AXIA Energia,$10.29,10.289999961853027,Utilities,Utilities - Renewable,5.11,74.1,55.4,0.0,False,False,False,49.6,Accumulation,"{'trend': 5, 'momentum': 63.1, 'flow': 91.0, 'volatility': 73, 'structure': 90.0, 'momentum_quality': 27.5, 'insider': 50.0}",2.0,0.1544210942886634,0.0023999999,Aggressive Buy,매수 우위 (🔔 Wyckoff Spring 감지 — 세력 매집 완료 후 상승 전환 임박),True,상승,하단,역배열,-0.4,13.0,하락,4517823.454997097,,0.097,0.47402,0.43789002,3952415488.0,"[{'text': '매집 구간', 'cls': 'positive'}, {'text': '⚠️ 주봉 역배열(하락추세)', 'cls': 'negative'}, {'text': '📊 VWAP 하회 매수↗', 'cls': 'positive'}, {'text': '🎯 시그널 컨플루언스 (3)', 'cls': 'positive'}, {'text': 'Stoch 골든크로스', 'cls': 'positive'}, {'text': 'OBV 상승', 'cls': 'positive'}, {'text': '거래량 폭발', 'cls': 'neutral'}, {'text': '📉 AI 예상: +0.0%', 'cls': 'negative'}]","{'mfc': 55, 'wyckoff': 100, 'stochastic': 75.61706773309885, 'obv': 75, 'bollinger': 100, 'momentum_quality': 27.5, 'regime_score': 50, 'rr_score': 100, 'base_tech': np.float64(67.6)}","{'base_tech_score': np.float64(67.6), 'insider_bonus': 0.0, 'deviation_penalty': 0.0, 'blowoff_penalty': 0.0, 'short_excessive_penalty': 0.0, 'weekly_penalty': 10, 'resistance_penalty': 0.0, 'rr_penalty': 0.0, 'cmf_confluence_val': 0.0, 'penny_penalty': 0.0, 'penny_non_acc_penalty': 0.0, 'scalping_bonus': 13.0, 'fund_penalty': 0.0, 'macd_reversal_bonus': 0.0, 'sector_rs_bonus': 0.0, 'confluence_bonus': 8.0, 'short_squeeze_bonus': 0.0, 'ai_momentum_bonus': 0.0}",+0.00%,74.1,BUY,+0.00%,0.5,-2.39,8.67,8.67,False,False
ARMK,Aramark,$60.47,60.470001220703125,Industrials,Specialty Business Services,8.54,73.8,70.9,0.00693,False,False,False,70.7,Accumulation,"{'trend': 100, 'momentum': 80.9, 'flow': 46.0, 'volatility': 73, 'structure': 75.0, 'momentum_quality': 86.1, 'insider': 50.0}",0.0,-0.13708222577081844,0.039300002,Aggressive Buy,매수 우위 (분할 매수 - 바닥 확인 후 모멘텀 턴어라운드),True,하락,상단 돌파,정배열,6.2,16.0,상승,-6679890.239656863,0.648,0.147,0.15359999,0.04572,327163488.0,"[{'text': '매집 구간', 'cls': 'positive'}, {'text': '🔄 MACD 반전', 'cls': 'positive'}, {'text': '🎯 시그널 컨플루언스 (3)', 'cls': 'positive'}, {'text': 'Stoch 골든크로스', 'cls': 'positive'}, {'text': 'Squeeze 대기', 'cls': 'neutral'}, {'text': '📈 EPS 반등/턴어라운드', 'cls': 'positive'}, {'text': '📉 AI 예상: +0.0%', 'cls': 'negative'}]","{'mfc': 71, 'wyckoff': 100, 'stochastic': 76.41691781986287, 'obv': 25, 'bollinger': 0, 'momentum_quality': 86.1, 'regime_score': 50, 'rr_score': 71.0, 'base_tech': np.float64(67.9)}","{'base_tech_score': np.float64(67.9), 'insider_bonus': 0.0, 'deviation_penalty': 0.0, 'blowoff_penalty': 0.0, 'short_excessive_penalty': 0.0, 'weekly_penalty': 0.0, 'resistance_penalty': 0.0, 'rr_penalty': 0.0, 'cmf_confluence_val': 0.0, 'penny_penalty': 0.0, 'penny_non_acc_penalty': 0.0, 'scalping_bonus': 16.0, 'fund_penalty': -18.0, 'macd_reversal_bonus': 5.0, 'sector_rs_bonus': 0.0, 'confluence_bonus': 8.0, 'short_squeeze_bonus': 0.0, 'ai_momentum_bonus': 0.0}",+0.00%,73.8,BUY,+0.00%,0.5,8.54,1.73,1.73,True,False
DXYZ,Destiny Tech100 Inc.,$29.62,29.6200008392334,Financial Services,Asset Management,11.65,73.4,73.1,0.03237,False,False,False,61.6,Markup,"{'trend': 68.0, 'momentum': 100, 'flow': 100, 'volatility': 3, 'structure': 80.0, 'momentum_quality': 98.2, 'insider': 50.0}",8.0,-41.22326306934656,0.023699999,Tactical Overweight,매수 우위 (강력 매수 - 다중지표 강세 컨플루언스 확인),True,상승,상단 돌파,골든크로스 진행,19.7,10.0,상승,-9124483.025106017,,,0.0,0.0,,"[{'text': '상승 추세', 'cls': 'positive'}, {'text': '📊 VWAP 상회 주의', 'cls': 'neutral'}, {'text': '🔥 Accumulation Confluence (CMF+ADL)', 'cls': 'positive'}, {'text': 'Stoch 골든크로스', 'cls': 'positive'}, {'text': 'OBV 상승', 'cls': 'positive'}, {'text': '🔥 숏커버 (-41.2%)', 'cls': 'positive'}]","{'mfc': 73, 'wyckoff': 80, 'stochastic': 66.91072813955114, 'obv': 75, 'bollinger': 0, 'momentum_quality': 98.2, 'regime_score': 50, 'rr_score': 100, 'base_tech': np.float64(71.7)}","{'base_tech_score': np.float64(71.7), 'insider_bonus': 0.0, 'deviation_penalty': 0.0, 'blowoff_penalty': 0.0, 'short_excessive_penalty': 0.0, 'weekly_penalty': 0.0, 'resistance_penalty': 0.0, 'rr_penalty': 0.0, 'cmf_confluence_val': 0.0, 'penny_penalty': 0.0, 'penny_non_acc_penalty': 0.0, 'scalping_bonus': 10.0, 'fund_penalty': 8.0, 'macd_reversal_bonus': 0.0, 'sector_rs_bonus': 0.0, 'confluence_bonus': 0.0, 'short_squeeze_bonus': 0.0, 'ai_momentum_bonus': 0.0}",N/A,,,,,11.65,0.36,0.36,False,False
KKR,KKR & Co. Inc.,$110.97,110.97000122070312,Financial Services,Asset Management,6.88,71.5,78.9,0.23056999,False,False,False,67.2,Markup,"{'trend': 100, 'momentum': 91.2, 'flow': 100, 'volatility': 33, 'structure': 80.0, 'momentum_quality': 98.2, 'insider': 50.0}",4.0,-9.075862978934554,0.020599999,Tactical Overweight,매수 우위 (강력 매수 - 다중지표 강세 컨플루언스 확인),True,상승,상단 돌파,정배열,9.1,10.0,상승,2775084.945123098,0.373,0.078,0.54767,0.2065,,"[{'text': '상승 추세', 'cls': 'positive'}, {'text': '🔥 Accumulation Confluence (CMF+ADL)', 'cls': 'positive'}, {'text': 'Stoch 골든크로스', 'cls': 'positive'}, {'text': 'OBV 상승', 'cls': 'positive'}, {'text': '📉 AI 예상: +0.0%', 'cls': 'negative'}]","{'mfc': 79, 'wyckoff': 80, 'stochastic': 68.39559010216408, 'obv': 75, 'bollinger': 0, 'momentum_quality': 98.2, 'regime_score': 50, 'rr_score': 48.3, 'base_tech': np.float64(74.0)}","{'base_tech_score': np.float64(74.0), 'insider_bonus': 0.0, 'deviation_penalty': 0.0, 'blowoff_penalty': 0.0, 'short_excessive_penalty': 0.0, 'weekly_penalty': 0.0, 'resistance_penalty': 0.0, 'rr_penalty': 0.0, 'cmf_confluence_val': 0.0, 'penny_penalty': 0.0, 'penny_non_acc_penalty': 0.0, 'scalping_bonus': 10.0, 'fund_penalty': -5.0, 'macd_reversal_bonus': 0.0, 'sector_rs_bonus': 0.0, 'confluence_bonus': 0.0, 'short_squeeze_bonus': 0.0, 'ai_momentum_bonus': 0.0}",+0.00%,71.5,BUY,+0.00%,0.5,6.88,1.83,1.83,False,False
SW,Smurfit WestRock plc,$49.62,49.619998931884766,Consumer Cyclical,Packaging & Containers,4.27,70.7,72.7,0.0051499996,False,False,False,59.8,Markup,"{'trend': 100, 'momentum': 81.7, 'flow': 67.0, 'volatility': 53, 'structure': 80.0, 'momentum_quality': 63.0, 'insider': 50.0}",2.0,-8.75479455612301,0.0548,Tactical Overweight,매수 우위 (강력 매수 - 다중지표 강세 컨플루언스 확인),True,하락,상단,정배열,6.2,10.0,상승,13735517.864967452,,0.011,0.18160999,0.05466,1215000064.0,"[{'text': '상승 추세', 'cls': 'positive'}, {'text': '🔄 MACD 반전', 'cls': 'positive'}, {'text': '🔥 Accumulation Confluence (CMF+ADL)', 'cls': 'positive'}, {'text': 'Stoch 골든크로스', 'cls': 'positive'}]","{'mfc': 73, 'wyckoff': 80, 'stochastic': 61.4999174535952, 'obv': 25, 'bollinger': 0, 'momentum_quality': 63.0, 'regime_score': 50, 'rr_score': 79.7, 'base_tech': np.float64(59.7)}","{'base_tech_score': np.float64(59.7), 'insider_bonus': 0.0, 'deviation_penalty': 0.0, 'blowoff_penalty': 0.0, 'short_excessive_penalty': 0.0, 'weekly_penalty': 0.0, 'resistance_penalty': 0.0, 'rr_penalty': 0.0, 'cmf_confluence_val': 0.0, 'penny_penalty': 0.0, 'penny_non_acc_penalty': 0.0, 'scalping_bonus': 10.0, 'fund_penalty': 0.0, 'macd_reversal_bonus': 5.0, 'sector_rs_bonus': 0.0, 'confluence_bonus': 0.0, 'short_squeeze_bonus': 0.0, 'ai_momentum_bonus': 0.0}",N/A,,,,,4.27,0.7,0.7,False,False
GTLB,GitLab Inc.,$42.11,42.11000061035156,Technology,Software - Infrastructure,3.39,69.4,76.9,0.035099998,False,False,False,76.6,Markup,"{'trend': 100, 'momentum': 93.4, 'flow': 100, 'volatility': 13, 'structure': 80.0, 'momentum_quality': 100, 'insider': 50.0}",0.0,-0.4095902926726126,0.1148,Tactical Overweight,매수 우위 (강력 매수 - 다중지표 강세 컨플루언스 확인),True,상승,상단 돌파,정배열,21.9,10.0,상승,33953919.35048873,,0.231,0.8676,-0.05962,312896736.0,"[{'text': '상승 추세', 'cls': 'positive'}, {'text': '🔥 Accumulation Confluence (CMF+ADL)', 'cls': 'positive'}, {'text': 'Stoch 골든크로스', 'cls': 'positive'}, {'text': 'OBV 상승', 'cls': 'positive'}, {'text': '🚨 공매도 비중 주의 (11.48%)', 'cls': 'negative'}]","{'mfc': 77, 'wyckoff': 80, 'stochastic': 64.53318996512294, 'obv': 75, 'bollinger': 0, 'momentum_quality': 100, 'regime_score': 50, 'rr_score': 68.7, 'base_tech': np.float64(73.1)}","{'base_tech_score': np.float64(73.1), 'insider_bonus': 0.0, 'deviation_penalty': 0.0, 'blowoff_penalty': 0.0, 'short_excessive_penalty': 0.0, 'weekly_penalty': 0.0, 'resistance_penalty': 0.0, 'rr_penalty': 0.0, 'cmf_confluence_val': 0.0, 'penny_penalty': 0.0, 'penny_non_acc_penalty': 0.0, 'scalping_bonus': 10.0, 'fund_penalty': 5.0, 'macd_reversal_bonus': 0.0, 'sector_rs_bonus': 0.0, 'confluence_bonus': 0.0, 'short_squeeze_bonus': 0.0, 'ai_momentum_bonus': 0.0}",N/A,,,,,3.39,0.81,0.81,False,False
VIA,"Via Transportation, Inc.",$24.86,24.860000610351562,Technology,Software - Application,6.65,68.7,75.5,0.29421,False,False,False,77.8,Markup,"{'trend': 100, 'momentum': 83.4, 'flow': 100, 'volatility': 13, 'structure': 80.0, 'momentum_quality': 100, 'insider': 50.0}",-1.5,-0.9005300090931158,0.18120001,Tactical Overweight,매수 우위 (강력 매수 - 다중지표 강세 컨플루언스 확인),True,상승,상단 돌파,정배열,23.8,10.0,상승,8779819.575842015,,0.267,0.39801,-0.1603,-22626624.0,"[{'text': '상승 추세', 'cls': 'positive'}, {'text': '🔥 Accumulation Confluence (CMF+ADL)', 'cls': 'positive'}, {'text': 'Stoch 골든크로스', 'cls': 'positive'}, {'text': 'OBV 상승', 'cls': 'positive'}, {'text': '🚀 매출 고성장', 'cls': 'positive'}, {'text': '🚨 공매도 비중 주의 (18.12%)', 'cls': 'negative'}]","{'mfc': 76, 'wyckoff': 80, 'stochastic': 55.361677249727634, 'obv': 75, 'bollinger': 0, 'momentum_quality': 100, 'regime_score': 50, 'rr_score': 66.1, 'base_tech': np.float64(71.5)}","{'base_tech_score': np.float64(71.5), 'insider_bonus': 0.0, 'deviation_penalty': 0.0, 'blowoff_penalty': 0.0, 'short_excessive_penalty': 0.0, 'weekly_penalty': 0.0, 'resistance_penalty': 0.0, 'rr_penalty': 0.0, 'cmf_confluence_val': 0.0, 'penny_penalty': 0.0, 'penny_non_acc_penalty': 0.0, 'scalping_bonus': 10.0, 'fund_penalty': 3.0, 'macd_reversal_bonus': 0.0, 'sector_rs_bonus': 0.0, 'confluence_bonus': 0.0, 'short_squeeze_bonus': 0.0, 'ai_momentum_bonus': 0.0}",N/A,,,,,6.65,0.86,0.86,False,False
UCTT,"Ultra Clean Holdings, Inc.",$86.07,86.06999969482422,Technology,Semiconductor Equipment & Materials,4.62,67.9,50.0,0.01953,False,False,False,46.7,Accumulation,"{'trend': 40.0, 'momentum': 69.0, 'flow': 44.0, 'volatility': 23, 'structure': 65.0, 'momentum_quality': 33.0, 'insider': 50.0}",0.0,3.764433198148106,0.0992,Tactical Hold,"중립 대기 (방향성 탐색 중, 뚜렷한 주도력 부재)",True,상승,하단,혼합,-2.9,10.0,하락,13543136.131276548,,0.243,0.1583,0.045739997,-81487504.0,"[{'text': '매집 구간', 'cls': 'positive'}, {'text': '🔄 MACD 반전', 'cls': 'positive'}, {'text': '🎯 시그널 컨플루언스 (3)', 'cls': 'positive'}, {'text': 'Stoch 골든크로스', 'cls': 'positive'}, {'text': 'OBV 상승', 'cls': 'positive'}, {'text': '📉 AI 예상: +0.0%', 'cls': 'negative'}]","{'mfc': 50, 'wyckoff': 100, 'stochastic': 57.782847494242816, 'obv': 75, 'bollinger': 100, 'momentum_quality': 33.0, 'regime_score': 50, 'rr_score': 100, 'base_tech': np.float64(64.4)}","{'base_tech_score': np.float64(64.4), 'insider_bonus': 0.0, 'deviation_penalty': 0.0, 'blowoff_penalty': 0.0, 'short_excessive_penalty': 0.0, 'weekly_penalty': 0.0, 'resistance_penalty': 0.0, 'rr_penalty': 0.0, 'cmf_confluence_val': 0.0, 'penny_penalty': 0.0, 'penny_non_acc_penalty': 0.0, 'scalping_bonus': 10.0, 'fund_penalty': 2.0, 'macd_reversal_bonus': 5.0, 'sector_rs_bonus': 0.0, 'confluence_bonus': 8.0, 'short_squeeze_bonus': 0.0, 'ai_momentum_bonus': 0.0}",+0.00%,67.9,BUY,+0.00%,0.5,4.61,0.45,0.45,False,False
NOG,"Northern Oil and Gas, Inc.",$24.25,24.25,Energy,Oil & Gas E&P,3.24,67.2,72.4,0.02894,False,False,False,68.9,Markup,"{'trend': 65.0, 'momentum': 100, 'flow': 100, 'volatility': 33, 'structure': 80.0, 'momentum_quality': 98.2, 'insider': 50.0}",-1.5,-2.4611202188576735,0.22850001,Tactical Overweight,매수 우위 (강력 매수 - 다중지표 강세 컨플루언스 확인),True,상승,상단 돌파,혼합,14.5,10.0,상승,3548826.8598151444,1.376,0.16,0.75398004,0.57063997,-459628992.0,"[{'text': '상승 추세', 'cls': 'positive'}, {'text': '🔥 Accumulation Confluence (CMF+ADL)', 'cls': 'positive'}, {'text': 'Stoch 골든크로스', 'cls': 'positive'}, {'text': 'OBV 상승', 'cls': 'positive'}, {'text': '📈 EPS 반등/턴어라운드', 'cls': 'positive'}, {'text': '🚨 공매도 비중 주의 (22.85%)', 'cls': 'negative'}, {'text': '📉 AI 예상: +0.0%', 'cls': 'negative'}]","{'mfc': 72, 'wyckoff': 80, 'stochastic': 100, 'obv': 75, 'bollinger': 0, 'momentum_quality': 98.2, 'regime_score': 50, 'rr_score': 63.5, 'base_tech': np.float64(75.5)}","{'base_tech_score': np.float64(75.5), 'insider_bonus': 0.0, 'deviation_penalty': 0.0, 'blowoff_penalty': 0.0, 'short_excessive_penalty': 0.0, 'weekly_penalty': 0.0, 'resistance_penalty': 0.0, 'rr_penalty': 0.0, 'cmf_confluence_val': 0.0, 'penny_penalty': 0.0, 'penny_non_acc_penalty': 0.0, 'scalping_bonus': 10.0, 'fund_penalty': -10.5, 'macd_reversal_bonus': 0.0, 'sector_rs_bonus': 0.0, 'confluence_bonus': 0.0, 'short_squeeze_bonus': 0.0, 'ai_momentum_bonus': 0.0}",+0.00%,67.2,BUY,+0.00%,0.5,3.24,0.92,0.92,False,False
WGS,GeneDx Holdings Corp.,$81.74,81.73999786376953,Healthcare,Diagnostics & Research,4.96,65.3,71.1,0.122489996,False,False,False,70.5,Markup,"{'trend': 73.0, 'momentum': 100, 'flow': 100, 'volatility': 3, 'structure': 80.0, 'momentum_quality': 100, 'insider': 50.0}",-3.0,-1.5409494786145344,0.3754,Tactical Overweight,매수 우위 (강력 매수 - 다중지표 강세 컨플루언스 확인),True,상승,상단 돌파,혼합,22.6,10.0,상승,8538351.130807903,,0.114,0.69383,-0.15211001,-47501624.0,"[{'text': '상승 추세', 'cls': 'positive'}, {'text': '📊 VWAP 상회 주의', 'cls': 'neutral'}, {'text': '🔥 Accumulation Confluence (CMF+ADL)', 'cls': 'positive'}, {'text': 'Stoch 골든크로스', 'cls': 'positive'}, {'text': 'OBV 상승', 'cls': 'positive'}, {'text': '🚨 공매도 비중 주의 (37.54%)', 'cls': 'negative'}, {'text': '📉 AI 예상: +0.0%', 'cls': 'negative'}]","{'mfc': 71, 'wyckoff': 80, 'stochastic': 82.24146571937129, 'obv': 75, 'bollinger': 0, 'momentum_quality': 100, 'regime_score': 50, 'rr_score': 65.3, 'base_tech': np.float64(73.2)}","{'base_tech_score': np.float64(73.2), 'insider_bonus': 0.0, 'deviation_penalty': 0.0, 'blowoff_penalty': 0.0, 'short_excessive_penalty': 0.0, 'weekly_penalty': 0.0, 'resistance_penalty': 0.0, 'rr_penalty': 0.0, 'cmf_confluence_val': 0.0, 'penny_penalty': 0.0, 'penny_non_acc_penalty': 0.0, 'scalping_bonus': 10.0, 'fund_penalty': 10.0, 'macd_reversal_bonus': 0.0, 'sector_rs_bonus': 0.0, 'confluence_bonus': 0.0, 'short_squeeze_bonus': 0.0, 'ai_momentum_bonus': 0.0}",+0.00%,65.3,BUY,+0.00%,0.5,4.96,0.62,0.62,False,False
OWL,Blue Owl Capital Inc.,$12.32,12.319999694824219,Financial Services,Asset Management,5.75,64.3,74.3,0.00123,False,False,False,77.0,Markup,"{'trend': 100, 'momentum': 77.5, 'flow': 100, 'volatility': 13, 'structure': 80.0, 'momentum_quality': 100, 'insider': 50.0}",3.5,-11.423280952011247,0.19219999,Tactical Overweight,매수 우위 (강력 매수 - 다중지표 강세 컨플루언스 확인),True,상승,상단,정배열,19.3,10.0,상승,-86520842.16258568,-0.346,0.071,0.58491004,0.28944,1554398720.0,"[{'text': '상승 추세', 'cls': 'positive'}, {'text': '🔥 Accumulation Confluence (CMF+ADL)', 'cls': 'positive'}, {'text': 'Stoch 골든크로스', 'cls': 'positive'}, {'text': 'OBV 상승', 'cls': 'positive'}, {'text': '⚠️ EPS 감소(-35%)', 'cls': 'negative'}, {'text': '🚨 공매도 비중 주의 (19.22%)', 'cls': 'negative'}, {'text': '🔥 숏커버 (-11.4%)', 'cls': 'positive'}]","{'mfc': 74, 'wyckoff': 80, 'stochastic': 54.696943613109106, 'obv': 75, 'bollinger': 0, 'momentum_quality': 100, 'regime_score': 50, 'rr_score': 67.5, 'base_tech': np.float64(71.0)}","{'base_tech_score': np.float64(71.0), 'insider_bonus': 0.0, 'deviation_penalty': 0.0, 'blowoff_penalty': 0.0, 'short_excessive_penalty': 0.0, 'weekly_penalty': 0.0, 'resistance_penalty': 0.0, 'rr_penalty': 0.0, 'cmf_confluence_val': 0.0, 'penny_penalty': 0.0, 'penny_non_acc_penalty': 0.0, 'scalping_bonus': 10.0, 'fund_penalty': 12.0, 'macd_reversal_bonus': 0.0, 'sector_rs_bonus': 0.0, 'confluence_bonus': 0.0, 'short_squeeze_bonus': 0.0, 'ai_momentum_bonus': 0.0}",N/A,,,,,5.75,1.0,1.0,False,False
BX,Blackstone Inc.,$147.17,147.1699981689453,Financial Services,Asset Management,3.89,63.6,76.5,0.010570001,False,False,False,72.7,Markup,"{'trend': 100, 'momentum': 82.4, 'flow': 95.0, 'volatility': 33, 'structure': 80.0, 'momentum_quality': 98.2, 'insider': 50.0}",-5.0,14.432021722816268,0.0355,Tactical Overweight,매수 우위 (강력 매수 - 다중지표 강세 컨플루언스 확인),True,상승,상단 돌파,정배열,12.8,10.0,상승,-9457801.199127233,0.608,0.286,1.0,0.54357,,"[{'text': '상승 추세', 'cls': 'positive'}, {'text': '🚨 강력한 하방 압력(공매도 급증 +14.4%)', 'cls': 'negative'}, {'text': 'Stoch 골든크로스', 'cls': 'positive'}, {'text': 'OBV 상승', 'cls': 'positive'}, {'text': '📈 EPS 반등/턴어라운드', 'cls': 'positive'}, {'text': '🚀 매출 고성장', 'cls': 'positive'}]","{'mfc': 76, 'wyckoff': 80, 'stochastic': 69.5678261947771, 'obv': 75, 'bollinger': 0, 'momentum_quality': 98.2, 'regime_score': 50, 'rr_score': 68.9, 'base_tech': np.float64(73.3)}","{'base_tech_score': np.float64(73.3), 'insider_bonus': 0.0, 'deviation_penalty': 0.0, 'blowoff_penalty': 0.0, 'short_excessive_penalty': 25, 'weekly_penalty': 0.0, 'resistance_penalty': 0.0, 'rr_penalty': 0.0, 'cmf_confluence_val': 0.0, 'penny_penalty': 0.0, 'penny_non_acc_penalty': 0.0, 'scalping_bonus': 10.0, 'fund_penalty': -25.0, 'macd_reversal_bonus': 0.0, 'sector_rs_bonus': 0.0, 'confluence_bonus': 0.0, 'short_squeeze_bonus': 0.0, 'ai_momentum_bonus': 0.0}",N/A,,,,,3.89,1.26,1.26,False,False
CGEM,"Cullinan Therapeutics, Inc.",$19.63,19.6299991607666,Healthcare,Biotechnology,7.39,62.4,74.5,0.00425,False,True,False,66.2,Markup,"{'trend': 100, 'momentum': 98.5, 'flow': 86.0, 'volatility': 33, 'structure': 80.0, 'momentum_quality': 84.0, 'insider': 50.0}",-1.5,-3.2362255248879452,0.2219,Tactical Overweight,매수 우위 (강력 매수 - 다중지표 강세 컨플루언스 확인),True,상승,상단 돌파,정배열,12.0,16.0,상승,-2827169.0372128477,,,0.0,0.0,-89228128.0,"[{'text': '상승 추세', 'cls': 'positive'}, {'text': '🚀 숏스퀴즈 가능성', 'cls': 'positive'}, {'text': 'Stoch 골든크로스', 'cls': 'positive'}, {'text': 'OBV 상승', 'cls': 'positive'}, {'text': '🔴 적자기업(PER<0)', 'cls': 'negative'}, {'text': '🚨 공매도 비중 주의 (22.19%)', 'cls': 'negative'}]","{'mfc': 74, 'wyckoff': 80, 'stochastic': 64.60260356161638, 'obv': 75, 'bollinger': 0, 'momentum_quality': 84.0, 'regime_score': 50, 'rr_score': 62.0, 'base_tech': np.float64(69.8)}","{'base_tech_score': np.float64(69.8), 'insider_bonus': 0.0, 'deviation_penalty': 0.0, 'blowoff_penalty': 0.0, 'short_excessive_penalty': 0.0, 'weekly_penalty': 0.0, 'resistance_penalty': 0.0, 'rr_penalty': 0.0, 'cmf_confluence_val': 0.0, 'penny_penalty': 0.0, 'penny_non_acc_penalty': 0.0, 'scalping_bonus': 16.0, 'fund_penalty': 23.0, 'macd_reversal_bonus': 0.0, 'sector_rs_bonus': 0.0, 'confluence_bonus': 0.0, 'short_squeeze_bonus': 15.0, 'ai_momentum_bonus': 0.0}",N/A,,,,,7.39,0.79,0.79,True,False
DKNG,DraftKings Inc.,$25.34,25.34000015258789,Consumer Cyclical,Gambling,4.41,62.4,65.5,0.02933,False,False,False,56.2,Markup,"{'trend': 40.0, 'momentum': 90.4, 'flow': 93.0, 'volatility': 33, 'structure': 80.0, 'momentum_quality': 98.2, 'insider': 50.0}",2.0,-8.74052219099249,0.079,Tactical Overweight,매수 우위 (강력 매수 - 다중지표 강세 컨플루언스 확인),True,상승,상단,혼합,6.2,10.0,상승,44770129.95586253,,-0.046,0.76129997,-0.04724,461744736.0,"[{'text': '상승 추세', 'cls': 'positive'}, {'text': 'Stoch 골든크로스', 'cls': 'positive'}, {'text': 'OBV 상승', 'cls': 'positive'}]","{'mfc': 66, 'wyckoff': 80, 'stochastic': 100, 'obv': 75, 'bollinger': 0, 'momentum_quality': 98.2, 'regime_score': 50, 'rr_score': 100, 'base_tech': np.float64(73.1)}","{'base_tech_score': np.float64(73.1), 'insider_bonus': 0.0, 'deviation_penalty': 0.0, 'blowoff_penalty': 0.0, 'short_excessive_penalty': 0.0, 'weekly_penalty': 0.0, 'resistance_penalty': 0.0, 'rr_penalty': 0.0, 'cmf_confluence_val': 0.0, 'penny_penalty': 0.0, 'penny_non_acc_penalty': 0.0, 'scalping_bonus': 10.0, 'fund_penalty': 8.0, 'macd_reversal_bonus': 0.0, 'sector_rs_bonus': 0.0, 'confluence_bonus': 0.0, 'short_squeeze_bonus': 0.0, 'ai_momentum_bonus': 0.0}",N/A,,,,,4.41,0.87,0.87,False,False
BEP,Brookfield Renewable Partners L,$34.23,34.22999954223633,Utilities,Utilities - Renewable,4.81,61.4,68.3,0.00021,False,False,False,58.7,Markup,"{'trend': 68.0, 'momentum': 84.0, 'flow': 87.0, 'volatility': 63, 'structure': 80.0, 'momentum_quality': 77.7, 'insider': 50.0}",4.0,-6.132624768946396,0.0050999997,Core Holding,매수 우위 (안정적 상승 추세 안착),True,상승,상단 돌파,골든크로스 진행,5.0,10.0,상승,-2135805.847233473,,0.011,0.51392,0.17076,-11967500288.0,"[{'text': '상승 추세', 'cls': 'positive'}, {'text': '🎯 시그널 컨플루언스 (3)', 'cls': 'positive'}, {'text': 'Stoch 골든크로스', 'cls': 'positive'}, {'text': 'OBV 상승', 'cls': 'positive'}, {'text': 'Squeeze 대기', 'cls': 'neutral'}, {'text': '🔴 적자기업(PER<0)', 'cls': 'negative'}]","{'mfc': 68, 'wyckoff': 80, 'stochastic': 75.69444568620835, 'obv': 75, 'bollinger': 0, 'momentum_quality': 77.7, 'regime_score': 50, 'rr_score': 98.1, 'base_tech': np.float64(68.0)}","{'base_tech_score': np.float64(68.0), 'insider_bonus': 0.0, 'deviation_penalty': 0.0, 'blowoff_penalty': 0.0, 'short_excessive_penalty': 0.0, 'weekly_penalty': 0.0, 'resistance_penalty': 0.0, 'rr_penalty': 0.0, 'cmf_confluence_val': 0.0, 'penny_penalty': 0.0, 'penny_non_acc_penalty': 0.0, 'scalping_bonus': 10.0, 'fund_penalty': 15.0, 'macd_reversal_bonus': 0.0, 'sector_rs_bonus': 0.0, 'confluence_bonus': 8.0, 'short_squeeze_bonus': 0.0, 'ai_momentum_bonus': 0.0}",N/A,,,,,4.81,1.2,1.2,False,False
AORT,"Artivion, Inc.",$28.39,28.389999389648438,Healthcare,Medical Devices,7.91,48.3,62.7,0.04474,False,False,False,64.0,Markup,"{'trend': 61.0, 'momentum': 90.7, 'flow': 51.0, 'volatility': 33, 'structure': 80.0, 'momentum_quality': 100, 'insider': 50.0}",-8.0,24.110218824744784,0.066700004,Core Holding,매수 우위 (안정적 상승 추세 안착),True,상승,상단,혼합,8.2,10.0,하락,3125069.2942589563,,0.113,0.64373,0.09014,13096750.0,"[{'text': '상승 추세', 'cls': 'positive'}, {'text': '🚨 강력한 하방 압력(공매도 급증 +24.1%)', 'cls': 'negative'}, {'text': '🔄 MACD 반전', 'cls': 'positive'}, {'text': '🎯 시그널 컨플루언스 (3)', 'cls': 'positive'}, {'text': 'Stoch 골든크로스', 'cls': 'positive'}, {'text': 'OBV 상승', 'cls': 'positive'}]","{'mfc': 63, 'wyckoff': 80, 'stochastic': 72.93978463269033, 'obv': 75, 'bollinger': 0, 'momentum_quality': 100, 'regime_score': 50, 'rr_score': 57.1, 'base_tech': np.float64(69.1)}","{'base_tech_score': np.float64(69.1), 'insider_bonus': 0.0, 'deviation_penalty': 0.0, 'blowoff_penalty': 0.0, 'short_excessive_penalty': 25, 'weekly_penalty': 0.0, 'resistance_penalty': 0.0, 'rr_penalty': 0.0, 'cmf_confluence_val': 0.0, 'penny_penalty': 0.0, 'penny_non_acc_penalty': 0.0, 'scalping_bonus': 10.0, 'fund_penalty': -3.0, 'macd_reversal_bonus': 5.0, 'sector_rs_bonus': 0.0, 'confluence_bonus': 8.0, 'short_squeeze_bonus': 0.0, 'ai_momentum_bonus': 0.0}",N/A,,,,,7.91,0.95,0.95,False,False
OLED,Universal Display Corporation,$94.04,94.04000091552734,Technology,Electronic Components,3.87,47.6,74.8,0.08355,False,False,False,70.9,Markup,"{'trend': 80.0, 'momentum': 82.7, 'flow': 100, 'volatility': 33, 'structure': 80.0, 'momentum_quality': 98.2, 'insider': 50.0}",5.0,-10.065421132307517,0.0955,Core Holding,매수 우위 (안정적 상승 추세 안착),True,상승,상단 돌파,골든크로스 진행,13.1,10.0,상승,-1335340.949846327,-0.265,-0.114,0.73767996,0.35257998,111837128.0,"[{'text': '상승 추세', 'cls': 'positive'}, {'text': '⚠️ 주봉 역배열(하락추세)', 'cls': 'negative'}, {'text': '🔥 Accumulation Confluence (CMF+ADL)', 'cls': 'positive'}, {'text': 'Stoch 골든크로스', 'cls': 'positive'}, {'text': 'OBV 상승', 'cls': 'positive'}, {'text': '⚠️ EPS 감소(-26%)', 'cls': 'negative'}, {'text': '⚠️ 매출 감소(-11%)', 'cls': 'negative'}, {'text': '🔥 숏커버 (-10.1%)', 'cls': 'positive'}]","{'mfc': 75, 'wyckoff': 80, 'stochastic': 53.50600748447814, 'obv': 75, 'bollinger': 0, 'momentum_quality': 98.2, 'regime_score': 50, 'rr_score': 59.9, 'base_tech': np.float64(70.7)}","{'base_tech_score': np.float64(70.7), 'insider_bonus': 0.0, 'deviation_penalty': 0.0, 'blowoff_penalty': 0.0, 'short_excessive_penalty': 0.0, 'weekly_penalty': 10, 'resistance_penalty': 0.0, 'rr_penalty': 0.0, 'cmf_confluence_val': 0.0, 'penny_penalty': 0.0, 'penny_non_acc_penalty': 0.0, 'scalping_bonus': 10.0, 'fund_penalty': 20.0, 'macd_reversal_bonus': 0.0, 'sector_rs_bonus': 0.0, 'confluence_bonus': 0.0, 'short_squeeze_bonus': 0.0, 'ai_momentum_bonus': 0.0}",N/A,,,,,3.87,0.92,0.92,False,False
GERN,Geron Corporation,$1.63,1.6299999952316284,Healthcare,Biotechnology,10.14,38.7,69.7,0.0008,False,False,False,62.3,Markup,"{'trend': 65.0, 'momentum': 97.0, 'flow': 100, 'volatility': 23, 'structure': 65.0, 'momentum_quality': 92.2, 'insider': 50.0}",0.0,-4.253299603939199,0.119799994,Tactical Overweight,매수 우위 (강력 매수 - 다중지표 강세 컨플루언스 확인),False,상승,상단 돌파,혼합,13.2,10.0,상승,-197025043.43102092,,0.172,0.58502996,-0.22013001,-78371752.0,"[{'text': '상승 추세', 'cls': 'positive'}, {'text': 'OBV 상승', 'cls': 'positive'}, {'text': '🔴 영업손실(-22%)', 'cls': 'negative'}, {'text': '🚨 공매도 비중 주의 (11.98%)', 'cls': 'negative'}]","{'mfc': 70, 'wyckoff': 80, 'stochastic': 45.383496192090256, 'obv': 75, 'bollinger': 0, 'momentum_quality': 92.2, 'regime_score': 50, 'rr_score': 44.8, 'base_tech': np.float64(67.1)}","{'base_tech_score': np.float64(67.1), 'insider_bonus': 0.0, 'deviation_penalty': 0.0, 'blowoff_penalty': 0.0, 'short_excessive_penalty': 0.0, 'weekly_penalty': 0.0, 'resistance_penalty': 0.0, 'rr_penalty': 8, 'cmf_confluence_val': 0.0, 'penny_penalty': 0.0, 'penny_non_acc_penalty': 0.0, 'scalping_bonus': 10.0, 'fund_penalty': 17.0, 'macd_reversal_bonus': 0.0, 'sector_rs_bonus': 0.0, 'confluence_bonus': 0.0, 'short_squeeze_bonus': 0.0, 'ai_momentum_bonus': 0.0}",N/A,,,,,10.14,1.01,1.01,False,False
SPCX,Space Exploration Technologies ,$133.29,133.2899932861328,Industrials,Aerospace & Defense,-3.93,37.5,63.6,0.18178,False,False,False,52.3,Markup,"{'trend': 50.0, 'momentum': 91.0, 'flow': 95.0, 'volatility': 3, 'structure': 80.0, 'momentum_quality': 98.2, 'insider': 50.0}",-8.0,86.68854750238441,0.033,Tactical Overweight,매수 우위 (강력 매수 - 다중지표 강세 컨플루언스 확인),True,상승,상단,혼합,10.5,5.0,상승,199833271.99570644,,0.919,0.51875,-0.01804,,"[{'text': '상승 추세', 'cls': 'positive'}, {'text': '🚨 강력한 하방 압력(공매도 급증 +86.7%)', 'cls': 'negative'}, {'text': '🔥 Accumulation Confluence (CMF+ADL)', 'cls': 'positive'}, {'text': 'Stoch 골든크로스', 'cls': 'positive'}, {'text': 'OBV 상승', 'cls': 'positive'}, {'text': '🚀 매출 고성장', 'cls': 'positive'}]","{'mfc': 64, 'wyckoff': 80, 'stochastic': 96.21534653891267, 'obv': 75, 'bollinger': 0, 'momentum_quality': 98.2, 'regime_score': 50, 'rr_score': 100, 'base_tech': np.float64(71.9)}","{'base_tech_score': np.float64(71.9), 'insider_bonus': 0.0, 'deviation_penalty': 0.0, 'blowoff_penalty': 0.0, 'short_excessive_penalty': 25, 'weekly_penalty': 0.0, 'resistance_penalty': 0.0, 'rr_penalty': 0.0, 'cmf_confluence_val': 0.0, 'penny_penalty': 0.0, 'penny_non_acc_penalty': 0.0, 'scalping_bonus': 5.0, 'fund_penalty': -2.0, 'macd_reversal_bonus': 0.0, 'sector_rs_bonus': 0.0, 'confluence_bonus': 0.0, 'short_squeeze_bonus': 0.0, 'ai_momentum_bonus': 0.0}",N/A,,,,,-3.93,0.89,0.89,False,False
CRCL,"Circle Internet Group, Inc.",$71.16,71.16000366210938,Financial Services,Capital Markets,6.13,32.5,69.0,0.02256,False,False,False,56.2,Markup,"{'trend': 55.0, 'momentum': 97.3, 'flow': 100, 'volatility': 23, 'structure': 80.0, 'momentum_quality': 84.0, 'insider': 50.0}",-5.0,11.594533711711238,0.10609999,Tactical Overweight,매수 우위 (강력 매수 - 다중지표 강세 컨플루언스 확인),True,상승,상단 돌파,골든크로스 진행,10.6,10.0,상승,35275205.41977611,,0.066,0.21997999,0.04899,206229376.0,"[{'text': '상승 추세', 'cls': 'positive'}, {'text': '🚨 강력한 하방 압력(공매도 급증 +11.6%)', 'cls': 'negative'}, {'text': '⚠️ 주봉 역배열(하락추세)', 'cls': 'negative'}, {'text': '🔥 Accumulation Confluence (CMF+ADL)', 'cls': 'positive'}, {'text': 'Stoch 골든크로스', 'cls': 'positive'}, {'text': 'OBV 상승', 'cls': 'positive'}, {'text': '🚨 공매도 비중 주의 (10.61%)', 'cls': 'negative'}]","{'mfc': 69, 'wyckoff': 80, 'stochastic': 87.80119478856874, 'obv': 75, 'bollinger': 0, 'momentum_quality': 84.0, 'regime_score': 50, 'rr_score': 100, 'base_tech': np.float64(70.7)}","{'base_tech_score': np.float64(70.7), 'insider_bonus': 0.0, 'deviation_penalty': 0.0, 'blowoff_penalty': 0.0, 'short_excessive_penalty': 25, 'weekly_penalty': 10, 'resistance_penalty': 0.0, 'rr_penalty': 0.0, 'cmf_confluence_val': 0.0, 'penny_penalty': 0.0, 'penny_non_acc_penalty': 0.0, 'scalping_bonus': 10.0, 'fund_penalty': 0.0, 'macd_reversal_bonus': 0.0, 'sector_rs_bonus': 0.0, 'confluence_bonus': 0.0, 'short_squeeze_bonus': 0.0, 'ai_momentum_bonus': 0.0}",N/A,,,,,6.13,0.95,0.95,False,False
CGC,Canopy Growth Corporation,$1.00,1.0,Healthcare,Drug Manufacturers - Specialty & Generic,5.04,30.2,64.8,0.0019200001,False,False,False,60.2,Markup,"{'trend': 63.0, 'momentum': 86.2, 'flow': 66.0, 'volatility': 53, 'structure': 80.0, 'momentum_quality': 84.0, 'insider': 50.0}",0.0,4.887266064086657,0.059,Core Holding,매수 우위 (안정적 상승 추세 안착),True,상승,상단 돌파,골든크로스 진행,7.5,10.0,하락,-201520354.50293946,,0.125,0.28521,-0.23833,22301000.0,"[{'text': '상승 추세', 'cls': 'positive'}, {'text': '⚠️ 주봉 역배열(하락추세)', 'cls': 'negative'}, {'text': 'Stoch 골든크로스', 'cls': 'positive'}, {'text': 'OBV 상승', 'cls': 'positive'}, {'text': '🔴 영업손실(-24%)', 'cls': 'negative'}, {'text': '🔴 적자기업(PER<0)', 'cls': 'negative'}]","{'mfc': 65, 'wyckoff': 80, 'stochastic': 54.94671403882425, 'obv': 75, 'bollinger': 0, 'momentum_quality': 84.0, 'regime_score': 50, 'rr_score': 91.2, 'base_tech': np.float64(65.3)}","{'base_tech_score': np.float64(65.3), 'insider_bonus': 0.0, 'deviation_penalty': 0.0, 'blowoff_penalty': 0.0, 'short_excessive_penalty': 0.0, 'weekly_penalty': 10, 'resistance_penalty': 0.0, 'rr_penalty': 0.0, 'cmf_confluence_val': 0.0, 'penny_penalty': 0.0, 'penny_non_acc_penalty': 0.0, 'scalping_bonus': 10.0, 'fund_penalty': 22.0, 'macd_reversal_bonus': 0.0, 'sector_rs_bonus': 0.0, 'confluence_bonus': 0.0, 'short_squeeze_bonus': 0.0, 'ai_momentum_bonus': 0.0}",N/A,,,,,5.03,0.98,0.98,False,False
OPTU,"Optimum Communications, Inc.",$0.83,0.8270000219345093,Communication Services,Telecom Services,5.89,20.3,40.3,0.09992,False,True,False,44.2,Distribution,"{'trend': 5, 'momentum': 71.6, 'flow': 40.0, 'volatility': 43, 'structure': 20.0, 'momentum_quality': 74.9, 'insider': 50.0}",-3.0,1.5970451964870205,0.3418,Underweight,매도 우위 (투매 경고 - 강한 하방 압력),True,상승,상단,역배열,0.4,10.0,하락,-80800538.44581056,,-0.058,0.69896007,0.09093001,-168709872.0,"[{'text': '분산 경고', 'cls': 'negative'}, {'text': '⚠️ 주봉 역배열(하락추세)', 'cls': 'negative'}, {'text': '🚀 숏스퀴즈 가능성', 'cls': 'positive'}, {'text': 'Stoch 골든크로스', 'cls': 'positive'}, {'text': 'OBV 상승', 'cls': 'positive'}, {'text': '⚠️ 매출 감소(-6%)', 'cls': 'negative'}, {'text': '🔴 적자기업(PER<0)', 'cls': 'negative'}, {'text': '🚨 공매도 비중 주의 (34.18%)', 'cls': 'negative'}]","{'mfc': 40, 'wyckoff': 30, 'stochastic': 57.685352005020206, 'obv': 75, 'bollinger': 0, 'momentum_quality': 74.9, 'regime_score': 50, 'rr_score': 100, 'base_tech': np.float64(46.7)}","{'base_tech_score': np.float64(46.7), 'insider_bonus': 0.0, 'deviation_penalty': 0.0, 'blowoff_penalty': 0.0, 'short_excessive_penalty': 0.0, 'weekly_penalty': 10, 'resistance_penalty': 0.0, 'rr_penalty': 0.0, 'cmf_confluence_val': -6, 'penny_penalty': 0.0, 'penny_non_acc_penalty': 0.0, 'scalping_bonus': 10.0, 'fund_penalty': 23.0, 'macd_reversal_bonus': 0.0, 'sector_rs_bonus': 0.0, 'confluence_bonus': 0.0, 'short_squeeze_bonus': 15.0, 'ai_momentum_bonus': 0.0}",N/A,,,,,5.83,0.16,0.16,False,False
BETA,"Beta Technologies, Inc.",$24.59,24.59000015258789,Industrials,Aerospace & Defense,3.49,13.3,72.7,0.40777,False,False,False,75.8,Markup,"{'trend': 100, 'momentum': 79.2, 'flow': 100, 'volatility': 13, 'structure': 80.0, 'momentum_quality': 100, 'insider': 50.0}",-8.0,23.67635371864624,0.0545,Tactical Overweight,매수 우위 (강력 매수 - 다중지표 강세 컨플루언스 확인),False,상승,상단 돌파,정배열,24.2,10.0,상승,-6083194.612913476,,0.056,0.65521,-13.12119,,"[{'text': '상승 추세', 'cls': 'positive'}, {'text': '🚨 강력한 하방 압력(공매도 급증 +23.7%)', 'cls': 'negative'}, {'text': '🔥 Accumulation Confluence (CMF+ADL)', 'cls': 'positive'}, {'text': 'OBV 상승', 'cls': 'positive'}, {'text': '🔴 영업손실(-1312%)', 'cls': 'negative'}, {'text': '🔴 적자기업(PER<0)', 'cls': 'negative'}]","{'mfc': 73, 'wyckoff': 80, 'stochastic': 43.593061429257034, 'obv': 75, 'bollinger': 0, 'momentum_quality': 100, 'regime_score': 50, 'rr_score': 65.9, 'base_tech': np.float64(69.1)}","{'base_tech_score': np.float64(69.1), 'insider_bonus': 0.0, 'deviation_penalty': 0.0, 'blowoff_penalty': 0.0, 'short_excessive_penalty': 25, 'weekly_penalty': 0.0, 'resistance_penalty': 0.0, 'rr_penalty': 0.0, 'cmf_confluence_val': 0.0, 'penny_penalty': 0.0, 'penny_non_acc_penalty': 0.0, 'scalping_bonus': 10.0, 'fund_penalty': 25.0, 'macd_reversal_bonus': 0.0, 'sector_rs_bonus': 0.0, 'confluence_bonus': 0.0, 'short_squeeze_bonus': 0.0, 'ai_momentum_bonus': 0.0}",N/A,,,,,3.49,1.56,1.56,False,False
IRON,"Disc Medicine, Inc.",$81.21,81.20999908447266,Healthcare,Biotechnology,3.74,13.0,74.8,0.07743,False,False,False,63.1,Markup,"{'trend': 100, 'momentum': 87.4, 'flow': 84.0, 'volatility': 53, 'structure': 80.0, 'momentum_quality': 97.0, 'insider': 50.0}",-6.5,16.20683813497181,0.22459999,Tactical Overweight,매수 우위 (강력 매수 - 다중지표 강세 컨플루언스 확인),True,상승,상단 돌파,정배열,6.4,10.0,상승,658566.7928110089,,,0.0,0.0,-117543128.0,"[{'text': '상승 추세', 'cls': 'positive'}, {'text': '🚨 강력한 하방 압력(공매도 급증 +16.2%)', 'cls': 'negative'}, {'text': '📊 VWAP 상회 주의', 'cls': 'neutral'}, {'text': 'Stoch 골든크로스', 'cls': 'positive'}, {'text': 'OBV 상승', 'cls': 'positive'}, {'text': '🔴 적자기업(PER<0)', 'cls': 'negative'}, {'text': '🚨 공매도 비중 주의 (22.46%)', 'cls': 'negative'}]","{'mfc': 75, 'wyckoff': 80, 'stochastic': 64.2256803466368, 'obv': 75, 'bollinger': 0, 'momentum_quality': 97.0, 'regime_score': 50, 'rr_score': 51.7, 'base_tech': np.float64(71.8)}","{'base_tech_score': np.float64(71.8), 'insider_bonus': 0.0, 'deviation_penalty': 0.0, 'blowoff_penalty': 0.0, 'short_excessive_penalty': 25, 'weekly_penalty': 0.0, 'resistance_penalty': 0.0, 'rr_penalty': 0.0, 'cmf_confluence_val': 0.0, 'penny_penalty': 0.0, 'penny_non_acc_penalty': 0.0, 'scalping_bonus': 10.0, 'fund_penalty': 23.0, 'macd_reversal_bonus': 0.0, 'sector_rs_bonus': 0.0, 'confluence_bonus': 0.0, 'short_squeeze_bonus': 0.0, 'ai_momentum_bonus': 0.0}",N/A,,,,,3.74,0.45,0.45,False,False
CLNE,Clean Energy Fuels Corp.,$1.71,1.7100000381469727,Energy,Oil & Gas Refining & Marketing,6.21,4.3,25.4,0.21834,False,False,False,35.6,Markdown,"{'trend': 5, 'momentum': 39.7, 'flow': 10.0, 'volatility': 23, 'structure': 30.0, 'momentum_quality': 3.5, 'insider': 50.0}",2.0,-6.030463994353876,0.0442,Avoid / Sell-off,매도 우위 (전면 회피 - 다중지표 약세 컨플루언스 확인),True,하락,하단,역배열,-13.7,10.0,하락,-17135539.825204607,,0.037,0.27525,-0.048210002,-11138375.0,"[{'text': '하락 추세', 'cls': 'negative'}, {'text': '⚠️ 주봉 역배열(하락추세)', 'cls': 'negative'}, {'text': '📊 VWAP 하회 매수↗', 'cls': 'positive'}, {'text': '🎯 시그널 컨플루언스 (3)', 'cls': 'positive'}, {'text': 'Stoch 골든크로스', 'cls': 'positive'}, {'text': 'RSI 상승 다이버전스', 'cls': 'positive'}, {'text': '🔴 적자기업(PER<0)', 'cls': 'negative'}]","{'mfc': 25, 'wyckoff': 10, 'stochastic': 57.49429704571106, 'obv': 25, 'bollinger': 100, 'momentum_quality': 3.5, 'regime_score': 50, 'rr_score': 100, 'base_tech': np.float64(29.1)}","{'base_tech_score': np.float64(29.1), 'insider_bonus': 0.0, 'deviation_penalty': 0.0, 'blowoff_penalty': 0.0, 'short_excessive_penalty': 0.0, 'weekly_penalty': 10, 'resistance_penalty': 0.0, 'rr_penalty': 0.0, 'cmf_confluence_val': -6, 'penny_penalty': 0.0, 'penny_non_acc_penalty': 0.0, 'scalping_bonus': 10.0, 'fund_penalty': 23.0, 'macd_reversal_bonus': 0.0, 'sector_rs_bonus': 0.0, 'confluence_bonus': 8.0, 'short_squeeze_bonus': 0.0, 'ai_momentum_bonus': 0.0}",N/A,,,,,6.21,2.09,2.09,False,False
ABEV,Ambev S.A.,$2.84,2.8399999141693115,Consumer Defensive,Beverages - Brewers,-3.4,3.5,37.2,0.0,False,False,False,27.5,Distribution,"{'trend': 40.0, 'momentum': 26.2, 'flow': 0, 'volatility': 78, 'structure': 30.0, 'momentum_quality': 17.0, 'insider': 45.0}",-3.0,11.369953099796927,0.0,Underweight,매도 우위 (투매 경고 - 강한 하방 압력),False,하락,하단 이탈,혼합,-6.9,5.0,하락,-663908406.5624456,0.246,0.003,0.51903,0.23743,19859091456.0,"[{'text': '분산 경고', 'cls': 'negative'}, {'text': '🚨 강력한 하방 압력(공매도 급증 +11.4%)', 'cls': 'negative'}]","{'mfc': 37, 'wyckoff': 30, 'stochastic': 30.5555787351341, 'obv': 25, 'bollinger': 100, 'momentum_quality': 17.0, 'regime_score': 50, 'rr_score': 100, 'base_tech': np.float64(35.6)}","{'base_tech_score': np.float64(35.6), 'insider_bonus': 0.0, 'deviation_penalty': 0.0, 'blowoff_penalty': 0.0, 'short_excessive_penalty': 25, 'weekly_penalty': 0.0, 'resistance_penalty': 0.0, 'rr_penalty': 0.0, 'cmf_confluence_val': -6, 'penny_penalty': 0.0, 'penny_non_acc_penalty': 0.0, 'scalping_bonus': 5.0, 'fund_penalty': -5.0, 'macd_reversal_bonus': 0.0, 'sector_rs_bonus': 0.0, 'confluence_bonus': 0.0, 'short_squeeze_bonus': 0.0, 'ai_momentum_bonus': 0.0}",N/A,,,,,-3.4,0.72,0.72,False,False
BDTX,"Black Diamond Therapeutics, Inc",$2.09,2.0899999141693115,Healthcare,Biotechnology,5.56,-0.1,70.2,0.0064999997,False,False,False,65.1,Markup,"{'trend': 68.0, 'momentum': 100, 'flow': 95.0, 'volatility': 33, 'structure': 80.0, 'momentum_quality': 98.2, 'insider': 50.0}",-8.0,30.227512919601057,0.1467,Tactical Overweight,매수 우위 (강력 매수 - 다중지표 강세 컨플루언스 확인),True,상승,상단 돌파,골든크로스 진행,15.1,10.0,상승,-29355916.401508674,,,0.0,0.0,-23577500.0,"[{'text': '상승 추세', 'cls': 'positive'}, {'text': '🚨 강력한 하방 압력(공매도 급증 +30.2%)', 'cls': 'negative'}, {'text': '⚠️ 주봉 역배열(하락추세)', 'cls': 'negative'}, {'text': '📊 VWAP 상회 주의', 'cls': 'neutral'}, {'text': 'Stoch 골든크로스', 'cls': 'positive'}, {'text': 'OBV 상승', 'cls': 'positive'}, {'text': '🔴 적자기업(PER<0)', 'cls': 'negative'}, {'text': '🚨 공매도 비중 주의 (14.67%)', 'cls': 'negative'}]","{'mfc': 70, 'wyckoff': 80, 'stochastic': 59.316382256036704, 'obv': 75, 'bollinger': 0, 'momentum_quality': 98.2, 'regime_score': 50, 'rr_score': 100, 'base_tech': np.float64(69.8)}","{'base_tech_score': np.float64(69.8), 'insider_bonus': 0.0, 'deviation_penalty': 0.0, 'blowoff_penalty': 0.0, 'short_excessive_penalty': 25, 'weekly_penalty': 10, 'resistance_penalty': 0.0, 'rr_penalty': 0.0, 'cmf_confluence_val': 0.0, 'penny_penalty': 0.0, 'penny_non_acc_penalty': 0.0, 'scalping_bonus': 10.0, 'fund_penalty': 23.0, 'macd_reversal_bonus': 0.0, 'sector_rs_bonus': 0.0, 'confluence_bonus': 0.0, 'short_squeeze_bonus': 0.0, 'ai_momentum_bonus': 0.0}",N/A,,,,,5.56,0.49,0.49,False,False
OGI,Organigram Global Inc.,$1.23,1.2300000190734863,Healthcare,Drug Manufacturers - Specialty & Generic,17.14,-10.1,67.7,0.30257,False,False,False,77.6,Markup,"{'trend': 68.0, 'momentum': 91.1, 'flow': 100, 'volatility': 13, 'structure': 55.0, 'momentum_quality': 98.2, 'insider': 50.0}",7.0,-19.4038424616067,0.0,Core Holding,매수 우위 (안정적 상승 추세 안착),True,상승,상단 돌파,골든크로스 진행,28.0,-2.0,상승,3940163.522905946,,-0.089,0.35634997,-0.16378,16106625.0,"[{'text': '상승 추세', 'cls': 'positive'}, {'text': '⚠️ 이격도 과다', 'cls': 'negative'}, {'text': '🚨 상단 클라이맥스', 'cls': 'negative'}, {'text': '⚠️ 주봉 역배열(하락추세)', 'cls': 'negative'}, {'text': '🔥 Accumulation Confluence (CMF+ADL)', 'cls': 'positive'}, {'text': 'Stoch 골든크로스', 'cls': 'positive'}, {'text': 'OBV 상승', 'cls': 'positive'}, {'text': '⚠️ 매출 감소(-9%)', 'cls': 'negative'}, {'text': '🔥 숏커버 (-19.4%)', 'cls': 'positive'}]","{'mfc': 68, 'wyckoff': 80, 'stochastic': 57.06653741101299, 'obv': 75, 'bollinger': 0, 'momentum_quality': 98.2, 'regime_score': 50, 'rr_score': 53.7, 'base_tech': np.float64(68.7)}","{'base_tech_score': np.float64(68.7), 'insider_bonus': 0.0, 'deviation_penalty': 20, 'blowoff_penalty': 30, 'short_excessive_penalty': 0.0, 'weekly_penalty': 10, 'resistance_penalty': 0.0, 'rr_penalty': 0.0, 'cmf_confluence_val': 0.0, 'penny_penalty': 0.0, 'penny_non_acc_penalty': 0.0, 'scalping_bonus': -2.0, 'fund_penalty': 16.0, 'macd_reversal_bonus': 0.0, 'sector_rs_bonus': 0.0, 'confluence_bonus': 0.0, 'short_squeeze_bonus': 0.0, 'ai_momentum_bonus': 0.0}",N/A,,,,,17.14,26.27,26.27,False,False
SES,SES AI Corporation,$0.56,0.5590000152587891,Consumer Cyclical,Auto Parts,5.08,-22.8,32.9,0.15795,False,False,False,41.0,Markdown,"{'trend': 5, 'momentum': 75.3, 'flow': 0, 'volatility': 23, 'structure': 15.0, 'momentum_quality': 100, 'insider': 50.0}",-8.0,43.19299253358494,0.1378,Avoid / Sell-off,매도 우위 (전면 회피 - 다중지표 약세 컨플루언스 확인),True,하락,하단,역배열,-1.1,10.0,하락,-242274202.5015552,,0.158,0.3634,-2.66264,-24361250.0,"[{'text': '하락 추세', 'cls': 'negative'}, {'text': '🚨 강력한 하방 압력(공매도 급증 +43.2%)', 'cls': 'negative'}, {'text': '⚠️ 주봉 역배열(하락추세)', 'cls': 'negative'}, {'text': 'Stoch 골든크로스', 'cls': 'positive'}, {'text': '🔴 영업손실(-266%)', 'cls': 'negative'}, {'text': '🔴 적자기업(PER<0)', 'cls': 'negative'}, {'text': '🚨 공매도 비중 주의 (13.78%)', 'cls': 'negative'}]","{'mfc': 33, 'wyckoff': 10, 'stochastic': 70.26917278642017, 'obv': 25, 'bollinger': 100, 'momentum_quality': 100, 'regime_score': 50, 'rr_score': 100, 'base_tech': np.float64(47.7)}","{'base_tech_score': np.float64(47.7), 'insider_bonus': 0.0, 'deviation_penalty': 0.0, 'blowoff_penalty': 0.0, 'short_excessive_penalty': 25, 'weekly_penalty': 10, 'resistance_penalty': 0.0, 'rr_penalty': 0.0, 'cmf_confluence_val': -6, 'penny_penalty': 0.0, 'penny_non_acc_penalty': 0.0, 'scalping_bonus': 10.0, 'fund_penalty': 22.0, 'macd_reversal_bonus': 0.0, 'sector_rs_bonus': 0.0, 'confluence_bonus': 0.0, 'short_squeeze_bonus': 0.0, 'ai_momentum_bonus': 0.0}",N/A,,,,,5.13,1.05,1.05,False,False
BYND,"Beyond Meat, Inc.",$0.42,0.4180000126361847,Consumer Defensive,Packaged Foods,-19.62,-28.2,21.2,0.03383,False,False,False,27.2,Markdown,"{'trend': 5, 'momentum': 20.5, 'flow': 0, 'volatility': 18, 'structure': 45.0, 'momentum_quality': 0, 'insider': 50.0}",-3.0,4.6866378497181715,0.2561,Avoid / Sell-off,매도 우위 (전면 회피 - 다중지표 약세 컨플루언스 확인),False,하락,하단 이탈,역배열,-26.3,13.0,하락,-1411172648.3320029,,-0.082,0.102460004,-0.42488998,-7388375.0,"[{'text': '하락 추세', 'cls': 'negative'}, {'text': '⚠️ 주봉 역배열(하락추세)', 'cls': 'negative'}, {'text': '⚠️ MACD 하향', 'cls': 'negative'}, {'text': '📊 VWAP 하회 매수↗', 'cls': 'positive'}, {'text': '거래량 폭발', 'cls': 'neutral'}, {'text': '⚠️ 매출 감소(-8%)', 'cls': 'negative'}, {'text': '🔴 영업손실(-42%)', 'cls': 'negative'}, {'text': '🔴 적자기업(PER<0)', 'cls': 'negative'}, {'text': '🚨 공매도 비중 주의 (25.61%)', 'cls': 'negative'}]","{'mfc': 21, 'wyckoff': 10, 'stochastic': 27.352745404902358, 'obv': 25, 'bollinger': 100, 'momentum_quality': 0, 'regime_score': 50, 'rr_score': 100, 'base_tech': np.float64(23.5)}","{'base_tech_score': np.float64(23.5), 'insider_bonus': 0.0, 'deviation_penalty': 0.0, 'blowoff_penalty': 0.0, 'short_excessive_penalty': 0.0, 'weekly_penalty': 10, 'resistance_penalty': 0.0, 'rr_penalty': 0.0, 'cmf_confluence_val': -6, 'penny_penalty': 0.0, 'penny_non_acc_penalty': 0.0, 'scalping_bonus': 13.0, 'fund_penalty': 38.0, 'macd_reversal_bonus': -3.0, 'sector_rs_bonus': 0.0, 'confluence_bonus': 0.0, 'short_squeeze_bonus': 0.0, 'ai_momentum_bonus': 0.0}",N/A,,,,,-19.69,4.13,4.13,False,False
AUTL,Autolus Therapeutics plc,$2.33,2.3299999237060547,Healthcare,Biotechnology,12.56,-31.4,70.5,0.18082,False,False,False,77.2,Markup,"{'trend': 100, 'momentum': 90.9, 'flow': 100, 'volatility': 3, 'structure': 55.0, 'momentum_quality': 100, 'insider': 50.0}",-5.0,10.373060786980476,0.0799,Tactical Overweight,매수 우위 (강력 매수 - 다중지표 강세 컨플루언스 확인),True,상승,상단 돌파,정배열,40.1,18.0,상승,-13899038.412773587,,,0.0,-65.70746,,"[{'text': '상승 추세', 'cls': 'positive'}, {'text': '⚠️ 이격도 과다', 'cls': 'negative'}, {'text': '🚨 상단 클라이맥스', 'cls': 'negative'}, {'text': '🚨 강력한 하방 압력(공매도 급증 +10.4%)', 'cls': 'negative'}, {'text': 'Stoch 골든크로스', 'cls': 'positive'}, {'text': 'OBV 상승', 'cls': 'positive'}, {'text': '🔴 영업손실(-6571%)', 'cls': 'negative'}, {'text': '🔴 적자기업(PER<0)', 'cls': 'negative'}]","{'mfc': 70, 'wyckoff': 80, 'stochastic': 53.32844533025039, 'obv': 75, 'bollinger': 0, 'momentum_quality': 100, 'regime_score': 50, 'rr_score': 61.9, 'base_tech': np.float64(69.5)}","{'base_tech_score': np.float64(69.5), 'insider_bonus': 0.0, 'deviation_penalty': 20, 'blowoff_penalty': 30, 'short_excessive_penalty': 25, 'weekly_penalty': 0.0, 'resistance_penalty': 0.0, 'rr_penalty': 0.0, 'cmf_confluence_val': 0.0, 'penny_penalty': 0.0, 'penny_non_acc_penalty': 0.0, 'scalping_bonus': 18.0, 'fund_penalty': 25.0, 'macd_reversal_bonus': 0.0, 'sector_rs_bonus': 0.0, 'confluence_bonus': 0.0, 'short_squeeze_bonus': 0.0, 'ai_momentum_bonus': 0.0}",N/A,,,,,12.56,4.43,4.43,False,False
HTZ,"Hertz Global Holdings, Inc",$2.45,2.450000047683716,Industrials,Rental & Leasing Services,15.57,-32.8,62.8,0.01127,False,True,False,56.4,Markup,"{'trend': 68.0, 'momentum': 100, 'flow': 53.0, 'volatility': 23, 'structure': 80.0, 'momentum_quality': 100, 'insider': 50.0}",-5.0,8.035535970673978,0.5975,Tactical Overweight,매수 우위 (강력 매수 - 다중지표 강세 컨플루언스 확인),True,상승,상단 돌파,골든크로스 진행,32.6,-2.0,하락,-332757850.5333343,,0.097,0.16315001,0.07137,1476000000.0,"[{'text': '상승 추세', 'cls': 'positive'}, {'text': '⚠️ 이격도 과다', 'cls': 'negative'}, {'text': '🚨 상단 클라이맥스', 'cls': 'negative'}, {'text': '🚨 강력한 하방 압력(공매도 급증 +8.0%)', 'cls': 'negative'}, {'text': '⚠️ 주봉 역배열(하락추세)', 'cls': 'negative'}, {'text': '🚀 숏스퀴즈 가능성', 'cls': 'positive'}, {'text': 'Stoch 골든크로스', 'cls': 'positive'}, {'text': 'OBV 상승', 'cls': 'positive'}, {'text': '🔴 적자기업(PER<0)', 'cls': 'negative'}, {'text': '🚨 공매도 비중 주의 (59.75%)', 'cls': 'negative'}]","{'mfc': 63, 'wyckoff': 80, 'stochastic': 61.65095528923416, 'obv': 75, 'bollinger': 0, 'momentum_quality': 100, 'regime_score': 50, 'rr_score': 100, 'base_tech': np.float64(67.8)}","{'base_tech_score': np.float64(67.8), 'insider_bonus': 0.0, 'deviation_penalty': 20, 'blowoff_penalty': 30, 'short_excessive_penalty': 25, 'weekly_penalty': 10, 'resistance_penalty': 0.0, 'rr_penalty': 0.0, 'cmf_confluence_val': 0.0, 'penny_penalty': 0.0, 'penny_non_acc_penalty': 0.0, 'scalping_bonus': -2.0, 'fund_penalty': 10.0, 'macd_reversal_bonus': 0.0, 'sector_rs_bonus': 0.0, 'confluence_bonus': 0.0, 'short_squeeze_bonus': 15.0, 'ai_momentum_bonus': 0.0}",N/A,,,,,15.57,4.28,4.28,False,False
UWMC,UWM Holdings Corporation,$1.53,1.5299999713897705,Financial Services,Mortgage Finance,8.51,-39.9,33.5,0.13297,False,True,False,39.0,Markdown,"{'trend': 5, 'momentum': 41.1, 'flow': 50.0, 'volatility': 23, 'structure': 30.0, 'momentum_quality': 3.5, 'insider': 50.0}",-6.5,13.407458869772295,0.2347,Avoid / Sell-off,매도 우위 (전면 회피 - 다중지표 약세 컨플루언스 확인),True,하락,하단,역배열,-14.5,10.0,상승,-349817107.71322477,,-0.706,1.0,-1.11037,-207533632.0,"[{'text': '하락 추세', 'cls': 'negative'}, {'text': '🚨 강력한 하방 압력(공매도 급증 +13.4%)', 'cls': 'negative'}, {'text': '⚠️ 주봉 역배열(하락추세)', 'cls': 'negative'}, {'text': '🚀 숏스퀴즈 가능성', 'cls': 'positive'}, {'text': 'Stoch 골든크로스', 'cls': 'positive'}, {'text': 'RSI 상승 다이버전스', 'cls': 'positive'}, {'text': '🚨 매출 강하락(-71%)', 'cls': 'negative'}, {'text': '🔴 영업손실(-111%)', 'cls': 'negative'}, {'text': '🚨 공매도 비중 주의 (23.47%)', 'cls': 'negative'}]","{'mfc': 34, 'wyckoff': 10, 'stochastic': 68.20939123716246, 'obv': 25, 'bollinger': 100, 'momentum_quality': 3.5, 'regime_score': 50, 'rr_score': 100, 'base_tech': np.float64(33.2)}","{'base_tech_score': np.float64(33.2), 'insider_bonus': 0.0, 'deviation_penalty': 0.0, 'blowoff_penalty': 0.0, 'short_excessive_penalty': 25, 'weekly_penalty': 10, 'resistance_penalty': 0.0, 'rr_penalty': 0.0, 'cmf_confluence_val': 0.0, 'penny_penalty': 0.0, 'penny_non_acc_penalty': 0.0, 'scalping_bonus': 10.0, 'fund_penalty': 50, 'macd_reversal_bonus': 0.0, 'sector_rs_bonus': 0.0, 'confluence_bonus': 0.0, 'short_squeeze_bonus': 15.0, 'ai_momentum_bonus': 0.0}",N/A,,,,,8.51,1.21,1.21,False,False
ALEC,"Alector, Inc.",$2.09,2.0899999141693115,Healthcare,Biotechnology,23.67,-59.3,70.0,0.096140005,False,False,False,66.6,Markup,"{'trend': 80.0, 'momentum': 100, 'flow': 100, 'volatility': 3, 'structure': 80.0, 'momentum_quality': 98.2, 'insider': 50.0}",0.0,-1.2633719739275262,0.0535,Tactical Overweight,매수 우위 (강력 매수 - 다중지표 강세 컨플루언스 확인),True,상승,상단 돌파,골든크로스 진행,32.5,-2.0,상승,-2114815.4992787167,,-0.578,0.0,-7.34729,-107252496.0,"[{'text': '상승 추세', 'cls': 'positive'}, {'text': '⚠️ 이격도 과다', 'cls': 'negative'}, {'text': '🚨 상단 클라이맥스', 'cls': 'negative'}, {'text': '⚠️ 주봉 역배열(하락추세)', 'cls': 'negative'}, {'text': '⚠️ 장기 매물대(저항선) 충돌 위험', 'cls': 'negative'}, {'text': '🔥 Accumulation Confluence (CMF+ADL)', 'cls': 'positive'}, {'text': 'Stoch 골든크로스', 'cls': 'positive'}, {'text': 'OBV 상승', 'cls': 'positive'}, {'text': '🚨 매출 강하락(-58%)', 'cls': 'negative'}, {'text': '🔴 영업손실(-735%)', 'cls': 'negative'}, {'text': '🔴 적자기업(PER<0)', 'cls': 'negative'}]","{'mfc': 70, 'wyckoff': 80, 'stochastic': 68.23938268478807, 'obv': 75, 'bollinger': 0, 'momentum_quality': 98.2, 'regime_score': 50, 'rr_score': 63.4, 'base_tech': np.float64(70.8)}","{'base_tech_score': np.float64(70.8), 'insider_bonus': 0.0, 'deviation_penalty': 20, 'blowoff_penalty': 30, 'short_excessive_penalty': 0.0, 'weekly_penalty': 10, 'resistance_penalty': 15, 'rr_penalty': 0.0, 'cmf_confluence_val': 0.0, 'penny_penalty': 0.0, 'penny_non_acc_penalty': 0.0, 'scalping_bonus': -2.0, 'fund_penalty': 45.0, 'macd_reversal_bonus': 0.0, 'sector_rs_bonus': 0.0, 'confluence_bonus': 0.0, 'short_squeeze_bonus': 0.0, 'ai_momentum_bonus': 0.0}",N/A,,,,,23.67,6.22,6.22,False,False
GWH,"ESS Tech, Inc.",$0.65,0.6480000019073486,Industrials,Electrical Equipment & Parts,11.34,-61.3,23.7,0.10569,False,False,False,39.8,Markdown,"{'trend': 5, 'momentum': 44.7, 'flow': 0, 'volatility': 23, 'structure': 30.0, 'momentum_quality': 2.0, 'insider': 50.0}",-8.0,25.50470345302283,0.0752,Avoid / Sell-off,매도 우위 (전면 회피 - 다중지표 약세 컨플루언스 확인),True,하락,하단,역배열,-15.7,10.0,하락,-9556820.93658665,,-0.786,0.0,-107.65625,-30443500.0,"[{'text': '하락 추세', 'cls': 'negative'}, {'text': '🚨 강력한 하방 압력(공매도 급증 +25.5%)', 'cls': 'negative'}, {'text': '⚠️ 주봉 역배열(하락추세)', 'cls': 'negative'}, {'text': 'Stoch 골든크로스', 'cls': 'positive'}, {'text': 'RSI 상승 다이버전스', 'cls': 'positive'}, {'text': '🚨 매출 강하락(-79%)', 'cls': 'negative'}, {'text': '🔴 영업손실(-10766%)', 'cls': 'negative'}, {'text': '🔴 적자기업(PER<0)', 'cls': 'negative'}]","{'mfc': 24, 'wyckoff': 10, 'stochastic': 58.14623676512083, 'obv': 25, 'bollinger': 100, 'momentum_quality': 2.0, 'regime_score': 50, 'rr_score': 100, 'base_tech': np.float64(28.4)}","{'base_tech_score': np.float64(28.4), 'insider_bonus': 0.0, 'deviation_penalty': 0.0, 'blowoff_penalty': 0.0, 'short_excessive_penalty': 25, 'weekly_penalty': 10, 'resistance_penalty': 0.0, 'rr_penalty': 0.0, 'cmf_confluence_val': -6, 'penny_penalty': 0.0, 'penny_non_acc_penalty': 0.0, 'scalping_bonus': 10.0, 'fund_penalty': 45.0, 'macd_reversal_bonus': 0.0, 'sector_rs_bonus': 0.0, 'confluence_bonus': 0.0, 'short_squeeze_bonus': 0.0, 'ai_momentum_bonus': 0.0}",N/A,,,,,11.41,1.46,1.46,False,False
SOL-USD,Solana USD,$76.37,76.37000274658203,,,0.56,61.6,68.0,0.0,False,False,False,55.5,Markup,"{'trend': 80.0, 'momentum': 79.7, 'flow': 65.0, 'volatility': 73, 'structure': 80.0, 'momentum_quality': 64.2, 'insider': 45.0}",2.0,,0.0,Core Holding,매수 우위 (안정적 상승 추세 안착),True,상승,상단,골든크로스 진행,2.7,0.0,상승,-9539712773.416569,,,,,,"[{'text': '상승 추세', 'cls': 'positive'}, {'text': '⚠️ 주봉 역배열(하락추세)', 'cls': 'negative'}, {'text': '⚠️ 장기 매물대(저항선) 충돌 위험', 'cls': 'negative'}, {'text': '📊 VWAP 상회 주의', 'cls': 'neutral'}, {'text': '🎯 시그널 컨플루언스 (3)', 'cls': 'positive'}, {'text': 'Stoch 골든크로스', 'cls': 'positive'}, {'text': 'OBV 상승', 'cls': 'positive'}, {'text': 'Squeeze 대기', 'cls': 'neutral'}, {'text': '📉 AI 예상: +0.0%', 'cls': 'negative'}]","{'mfc': 68, 'wyckoff': 80, 'stochastic': 60.43386982456525, 'obv': 75, 'bollinger': 0, 'momentum_quality': 64.2, 'regime_score': 50, 'rr_score': 100, 'base_tech': 64.1}","{'base_tech_score': 64.1, 'insider_bonus': 0.0, 'deviation_penalty': 0.0, 'blowoff_penalty': 0.0, 'short_excessive_penalty': 0.0, 'weekly_penalty': 10, 'resistance_penalty': 15, 'rr_penalty': 0.0, 'cmf_confluence_val': 0.0, 'penny_penalty': 0.0, 'penny_non_acc_penalty': 0.0, 'scalping_bonus': 0.0, 'fund_penalty': 0.0, 'macd_reversal_bonus': 0.0, 'sector_rs_bonus': 0.0, 'confluence_bonus': 8.0, 'short_squeeze_bonus': 0.0, 'ai_momentum_bonus': 0.0}",+0.00%,61.6,BUY,+0.00%,0.5,0.22,0.57,0.57,False,False
GRAM-USD,Gram (prev. Toncoin) USD,$1.37,1.3673540353775024,,,3.16,61.3,60.6,0.0,False,False,False,43.9,Accumulation,"{'trend': 71.0, 'momentum': 52.9, 'flow': 89.0, 'volatility': 53, 'structure': 65.0, 'momentum_quality': 23.4, 'insider': 45.0}",2.0,,0.0,Aggressive Buy,매수 우위 (분할 매수 - 바닥 확인 후 모멘텀 턴어라운드),True,상승,하단,혼합,-3.0,0.0,상승,-235925419.9461335,,,,,,"[{'text': '매집 구간', 'cls': 'positive'}, {'text': 'Stoch 골든크로스', 'cls': 'positive'}, {'text': 'OBV 상승', 'cls': 'positive'}, {'text': '📉 AI 예상: +0.0%', 'cls': 'negative'}]","{'mfc': 61, 'wyckoff': 100, 'stochastic': 55.31663546843126, 'obv': 75, 'bollinger': 100, 'momentum_quality': 23.4, 'regime_score': 50, 'rr_score': 100, 'base_tech': 66.4}","{'base_tech_score': 66.4, 'insider_bonus': 0.0, 'deviation_penalty': 0.0, 'blowoff_penalty': 0.0, 'short_excessive_penalty': 0.0, 'weekly_penalty': 0.0, 'resistance_penalty': 0.0, 'rr_penalty': 0.0, 'cmf_confluence_val': 0.0, 'penny_penalty': 0.0, 'penny_non_acc_penalty': 0.0, 'scalping_bonus': 0.0, 'fund_penalty': 0.0, 'macd_reversal_bonus': 0.0, 'sector_rs_bonus': 0.0, 'confluence_bonus': 0.0, 'short_squeeze_bonus': 0.0, 'ai_momentum_bonus': 0.0}",+0.00%,61.3,BUY,+0.00%,0.5,1.89,0.55,0.55,False,False
DOGE-USD,Dogecoin USD,$0.07,0.07216999679803848,,,3.56,60.9,52.6,0.0,False,False,False,53.2,Accumulation,"{'trend': 5, 'momentum': 82.6, 'flow': 63.0, 'volatility': 73, 'structure': 65.0, 'momentum_quality': 84.1, 'insider': 45.0}",2.0,,0.0,Tactical Hold,매도 우위 (하방 경계 - 바닥 탐색 진행 중),True,상승,상단,역배열,2.7,0.0,하락,-11824537547.894905,,,,,,"[{'text': '매집 구간', 'cls': 'positive'}, {'text': '⚠️ 주봉 역배열(하락추세)', 'cls': 'negative'}, {'text': '🎯 시그널 컨플루언스 (3)', 'cls': 'positive'}, {'text': 'Stoch 골든크로스', 'cls': 'positive'}, {'text': 'OBV 상승', 'cls': 'positive'}, {'text': 'Squeeze 대기', 'cls': 'neutral'}, {'text': '📉 AI 예상: +0.0%', 'cls': 'negative'}]","{'mfc': 53, 'wyckoff': 100, 'stochastic': 85.62514583978253, 'obv': 75, 'bollinger': 0, 'momentum_quality': 84.1, 'regime_score': 50, 'rr_score': 100, 'base_tech': 68.3}","{'base_tech_score': 68.3, 'insider_bonus': 0.0, 'deviation_penalty': 0.0, 'blowoff_penalty': 0.0, 'short_excessive_penalty': 0.0, 'weekly_penalty': 10, 'resistance_penalty': 0.0, 'rr_penalty': 0.0, 'cmf_confluence_val': 0.0, 'penny_penalty': 0.0, 'penny_non_acc_penalty': 0.0, 'scalping_bonus': 0.0, 'fund_penalty': 0.0, 'macd_reversal_bonus': 0.0, 'sector_rs_bonus': 0.0, 'confluence_bonus': 8.0, 'short_squeeze_bonus': 0.0, 'ai_momentum_bonus': 0.0}",+0.00%,60.9,BUY,+0.00%,0.5,0.5,0.79,0.79,False,False
XMR-USD,Monero USD,$380.59,380.5871887207031,,,-4.09,60.8,68.9,0.0,False,False,False,60.1,Markup,"{'trend': 73.0, 'momentum': 74.3, 'flow': 97.0, 'volatility': 53, 'structure': 65.0, 'momentum_quality': 91.9, 'insider': 45.0}",2.0,,0.0,Core Holding,매수 우위 (안정적 상승 추세 안착),False,상승,상단,혼합,4.3,0.0,상승,-272391460.8349523,,,,,,"[{'text': '상승 추세', 'cls': 'positive'}, {'text': '⚠️ 장기 매물대(저항선) 충돌 위험', 'cls': 'negative'}, {'text': '🔥 Accumulation Confluence (CMF+ADL)', 'cls': 'positive'}, {'text': 'OBV 상승', 'cls': 'positive'}, {'text': '📉 AI 예상: +0.0%', 'cls': 'negative'}]","{'mfc': 69, 'wyckoff': 80, 'stochastic': 28.578109637518523, 'obv': 75, 'bollinger': 0, 'momentum_quality': 91.9, 'regime_score': 50, 'rr_score': 89.6, 'base_tech': 64.7}","{'base_tech_score': 64.7, 'insider_bonus': 0.0, 'deviation_penalty': 0.0, 'blowoff_penalty': 0.0, 'short_excessive_penalty': 0.0, 'weekly_penalty': 0.0, 'resistance_penalty': 15, 'rr_penalty': 0.0, 'cmf_confluence_val': 0.0, 'penny_penalty': 0.0, 'penny_non_acc_penalty': 0.0, 'scalping_bonus': 0.0, 'fund_penalty': 0.0, 'macd_reversal_bonus': 0.0, 'sector_rs_bonus': 0.0, 'confluence_bonus': 0.0, 'short_squeeze_bonus': 0.0, 'ai_momentum_bonus': 0.0}",+0.00%,60.8,BUY,+0.00%,0.5,0.88,0.75,0.75,False,False
ZEC-USD,Zcash USD,$482.08,482.0799865722656,,,-2.79,60.7,62.5,0.0,False,False,False,46.3,Accumulation,"{'trend': 100, 'momentum': 63.9, 'flow': 23.0, 'volatility': 73, 'structure': 75.0, 'momentum_quality': 57.8, 'insider': 45.0}",2.0,,0.0,Tactical Hold,"중립 대기 (방향성 탐색 중, 뚜렷한 주도력 부재)",False,하락,하단,정배열,-1.4,0.0,하락,2687575277.176842,,,,,,"[{'text': '매집 구간', 'cls': 'positive'}, {'text': '📉 AI 예상: +0.0%', 'cls': 'negative'}]","{'mfc': 62, 'wyckoff': 100, 'stochastic': 22.62985512030559, 'obv': 25, 'bollinger': 100, 'momentum_quality': 57.8, 'regime_score': 50, 'rr_score': 100, 'base_tech': 62.3}","{'base_tech_score': 62.3, 'insider_bonus': 0.0, 'deviation_penalty': 0.0, 'blowoff_penalty': 0.0, 'short_excessive_penalty': 0.0, 'weekly_penalty': 0.0, 'resistance_penalty': 0.0, 'rr_penalty': 0.0, 'cmf_confluence_val': 0.0, 'penny_penalty': 0.0, 'penny_non_acc_penalty': 0.0, 'scalping_bonus': 0.0, 'fund_penalty': 0.0, 'macd_reversal_bonus': 0.0, 'sector_rs_bonus': 0.0, 'confluence_bonus': 0.0, 'short_squeeze_bonus': 0.0, 'ai_momentum_bonus': 0.0}",+0.00%,60.7,BUY,+0.00%,0.5,0.16,0.51,0.51,False,False
WBT-USD,WhiteBIT Coin USD,$55.22,55.223209381103516,,,0.1,59.1,51.5,0.0,False,False,False,47.1,Accumulation,"{'trend': 40.0, 'momentum': 46.4, 'flow': 57.0, 'volatility': 93, 'structure': 65.0, 'momentum_quality': 16.9, 'insider': 45.0}",2.0,,0.0,Tactical Hold,"중립 대기 (방향성 탐색 중, 뚜렷한 주도력 부재)",False,상승,하단,데드크로스 진행,-1.0,0.0,하락,-811295169.8207833,,,,,,"[{'text': '매집 구간', 'cls': 'positive'}, {'text': '⚠️ 장기 매물대(저항선) 충돌 위험', 'cls': 'negative'}, {'text': 'OBV 상승', 'cls': 'positive'}, {'text': 'Squeeze 대기', 'cls': 'neutral'}, {'text': '📉 AI 예상: +0.0%', 'cls': 'negative'}]","{'mfc': 52, 'wyckoff': 100, 'stochastic': 33.606244066146544, 'obv': 75, 'bollinger': 100, 'momentum_quality': 16.9, 'regime_score': 50, 'rr_score': 100, 'base_tech': 59.6}","{'base_tech_score': 59.6, 'insider_bonus': 0.0, 'deviation_penalty': 0.0, 'blowoff_penalty': 0.0, 'short_excessive_penalty': 0.0, 'weekly_penalty': 0.0, 'resistance_penalty': 15, 'rr_penalty': 0.0, 'cmf_confluence_val': 0.0, 'penny_penalty': 0.0, 'penny_non_acc_penalty': 0.0, 'scalping_bonus': 0.0, 'fund_penalty': 0.0, 'macd_reversal_bonus': 0.0, 'sector_rs_bonus': 0.0, 'confluence_bonus': 0.0, 'short_squeeze_bonus': 0.0, 'ai_momentum_bonus': 0.0}",+0.00%,59.1,HOLD,+0.00%,0.5,0.25,0.41,0.41,False,False
BCH-USD,Bitcoin Cash USD,$213.30,213.3000030517578,,,0.09,58.9,57.1,0.0,False,False,False,46.1,Accumulation,"{'trend': 55.0, 'momentum': 61.3, 'flow': 54.0, 'volatility': 83, 'structure': 75.0, 'momentum_quality': 28.5, 'insider': 45.0}",2.0,,0.0,Tactical Hold,매도 우위 (하방 경계 - 바닥 탐색 진행 중),False,상승,상단,골든크로스 진행,0.2,0.0,하락,-3772261482.7750583,,,,,,"[{'text': '매집 구간', 'cls': 'positive'}, {'text': '⚠️ 주봉 역배열(하락추세)', 'cls': 'negative'}, {'text': 'OBV 상승', 'cls': 'positive'}, {'text': 'Squeeze 대기', 'cls': 'neutral'}, {'text': '📉 AI 예상: +0.0%', 'cls': 'negative'}]","{'mfc': 57, 'wyckoff': 100, 'stochastic': 38.10003149052292, 'obv': 75, 'bollinger': 0, 'momentum_quality': 28.5, 'regime_score': 50, 'rr_score': 100, 'base_tech': 55.8}","{'base_tech_score': 55.8, 'insider_bonus': 0.0, 'deviation_penalty': 0.0, 'blowoff_penalty': 0.0, 'short_excessive_penalty': 0.0, 'weekly_penalty': 10, 'resistance_penalty': 0.0, 'rr_penalty': 0.0, 'cmf_confluence_val': 0.0, 'penny_penalty': 0.0, 'penny_non_acc_penalty': 0.0, 'scalping_bonus': 0.0, 'fund_penalty': 0.0, 'macd_reversal_bonus': 0.0, 'sector_rs_bonus': 0.0, 'confluence_bonus': 0.0, 'short_squeeze_bonus': 0.0, 'ai_momentum_bonus': 0.0}",+0.00%,58.9,HOLD,+0.00%,0.5,-0.16,0.77,0.77,False,False
BNB-USD,BNB USD,$612.47,612.469970703125,,,2.3,58.7,58.7,0.0,False,False,False,67.5,Accumulation,"{'trend': 48.0, 'momentum': 84.8, 'flow': 51.0, 'volatility': 63, 'structure': 65.0, 'momentum_quality': 78.1, 'insider': 45.0}",2.0,,0.0,Aggressive Buy,매수 우위 (분할 매수 - 바닥 확인 후 모멘텀 턴어라운드),True,상승,상단 돌파,혼합,4.7,0.0,하락,-7425596851.901982,,,,,,"[{'text': '매집 구간', 'cls': 'positive'}, {'text': '⚠️ 주봉 역배열(하락추세)', 'cls': 'negative'}, {'text': '⚠️ 장기 매물대(저항선) 충돌 위험', 'cls': 'negative'}, {'text': 'Stoch 골든크로스', 'cls': 'positive'}, {'text': 'OBV 상승', 'cls': 'positive'}, {'text': '📉 AI 예상: +0.0%', 'cls': 'negative'}]","{'mfc': 59, 'wyckoff': 100, 'stochastic': 55.07734821321289, 'obv': 75, 'bollinger': 0, 'momentum_quality': 78.1, 'regime_score': 50, 'rr_score': 76.8, 'base_tech': 65.9}","{'base_tech_score': 65.9, 'insider_bonus': 0.0, 'deviation_penalty': 0.0, 'blowoff_penalty': 0.0, 'short_excessive_penalty': 0.0, 'weekly_penalty': 10, 'resistance_penalty': 15, 'rr_penalty': 0.0, 'cmf_confluence_val': 0.0, 'penny_penalty': 0.0, 'penny_non_acc_penalty': 0.0, 'scalping_bonus': 0.0, 'fund_penalty': 0.0, 'macd_reversal_bonus': 0.0, 'sector_rs_bonus': 0.0, 'confluence_bonus': 0.0, 'short_squeeze_bonus': 0.0, 'ai_momentum_bonus': 0.0}",+0.00%,58.7,HOLD,+0.00%,0.5,-0.6,1.12,1.12,False,False
LEO-USD,UNUS SED LEO USD,$9.17,9.1651029586792,,,-4.99,58.1,30.5,0.0,False,False,False,20.9,Markdown,"{'trend': 5, 'momentum': 23.8, 'flow': 14.0, 'volatility': 88, 'structure': 20.0, 'momentum_quality': 30.4, 'insider': 45.0}",2.0,,0.0,Avoid / Sell-off,매도 우위 (전면 회피 - 다중지표 약세 컨플루언스 확인),False,하락,하단 이탈,데드크로스 진행,-5.6,5.0,하락,26969245.45564194,,,,,,"[{'text': '하락 추세', 'cls': 'negative'}, {'text': '⚠️ 주봉 역배열(하락추세)', 'cls': 'negative'}, {'text': 'Squeeze 대기', 'cls': 'neutral'}, {'text': '📉 AI 예상: +0.0%', 'cls': 'negative'}]","{'mfc': 30, 'wyckoff': 10, 'stochastic': 40.42552114107694, 'obv': 25, 'bollinger': 100, 'momentum_quality': 30.4, 'regime_score': 60, 'rr_score': 100, 'base_tech': 32.9}","{'base_tech_score': 32.9, 'insider_bonus': 0.0, 'deviation_penalty': 0.0, 'blowoff_penalty': 0.0, 'short_excessive_penalty': 0.0, 'weekly_penalty': 10, 'resistance_penalty': 0.0, 'rr_penalty': 0.0, 'cmf_confluence_val': 0.0, 'penny_penalty': 0.0, 'penny_non_acc_penalty': 0.0, 'scalping_bonus': 5.0, 'fund_penalty': 0.0, 'macd_reversal_bonus': 0.0, 'sector_rs_bonus': 0.0, 'confluence_bonus': 0.0, 'short_squeeze_bonus': 0.0, 'ai_momentum_bonus': 0.0}",+0.00%,58.1,HOLD,+0.00%,0.5,-2.71,0.92,0.92,False,False
LINK-USD,Chainlink USD,$8.71,8.713000297546387,,,5.11,57.5,62.4,0.0,False,False,False,61.1,Markup,"{'trend': 73.0, 'momentum': 86.7, 'flow': 50.0, 'volatility': 53, 'structure': 65.0, 'momentum_quality': 65.7, 'insider': 45.0}",2.0,,0.0,Core Holding,매수 우위 (안정적 상승 추세 안착),True,상승,상단 돌파,혼합,4.7,0.0,하락,-2369862589.094461,,,,,,"[{'text': '상승 추세', 'cls': 'positive'}, {'text': '🔄 MACD 반전', 'cls': 'positive'}, {'text': '🎯 시그널 컨플루언스 (3)', 'cls': 'positive'}, {'text': 'Stoch 골든크로스', 'cls': 'positive'}, {'text': 'OBV 상승', 'cls': 'positive'}, {'text': '📉 AI 예상: +0.0%', 'cls': 'negative'}]","{'mfc': 62, 'wyckoff': 80, 'stochastic': 86.7758124824441, 'obv': 75, 'bollinger': 0, 'momentum_quality': 65.7, 'regime_score': 50, 'rr_score': 61.8, 'base_tech': 65.5}","{'base_tech_score': 65.5, 'insider_bonus': 0.0, 'deviation_penalty': 0.0, 'blowoff_penalty': 0.0, 'short_excessive_penalty': 0.0, 'weekly_penalty': 0.0, 'resistance_penalty': 0.0, 'rr_penalty': 0.0, 'cmf_confluence_val': -6, 'penny_penalty': 0.0, 'penny_non_acc_penalty': 0.0, 'scalping_bonus': 0.0, 'fund_penalty': 0.0, 'macd_reversal_bonus': 5.0, 'sector_rs_bonus': 0.0, 'confluence_bonus': 8.0, 'short_squeeze_bonus': 0.0, 'ai_momentum_bonus': 0.0}",+0.00%,57.5,HOLD,+0.00%,0.5,-0.65,1.38,1.38,False,False
TRX-USD,TRON USD,$0.33,0.334045946598053,,,1.06,57.2,64.3,0.0,False,False,False,63.6,Markup,"{'trend': 53.0, 'momentum': 86.0, 'flow': 71.0, 'volatility': 73, 'structure': 80.0, 'momentum_quality': 61.6, 'insider': 45.0}",2.0,,0.0,Core Holding,매수 우위 (안정적 상승 추세 안착),True,상승,상단 돌파,혼합,1.8,0.0,상승,12015748938.85615,,,,,,"[{'text': '상승 추세', 'cls': 'positive'}, {'text': '🎯 시그널 컨플루언스 (3)', 'cls': 'positive'}, {'text': 'Stoch 골든크로스', 'cls': 'positive'}, {'text': 'OBV 상승', 'cls': 'positive'}, {'text': 'Squeeze 대기', 'cls': 'neutral'}, {'text': '📉 AI 예상: +0.0%', 'cls': 'negative'}]","{'mfc': 64, 'wyckoff': 80, 'stochastic': 79.5988828829799, 'obv': 75, 'bollinger': 0, 'momentum_quality': 61.6, 'regime_score': 50, 'rr_score': 58.1, 'base_tech': 64.7}","{'base_tech_score': 64.7, 'insider_bonus': 0.0, 'deviation_penalty': 0.0, 'blowoff_penalty': 0.0, 'short_excessive_penalty': 0.0, 'weekly_penalty': 0.0, 'resistance_penalty': 0.0, 'rr_penalty': 0.0, 'cmf_confluence_val': 0.0, 'penny_penalty': 0.0, 'penny_non_acc_penalty': 0.0, 'scalping_bonus': 0.0, 'fund_penalty': 0.0, 'macd_reversal_bonus': 0.0, 'sector_rs_bonus': 0.0, 'confluence_bonus': 8.0, 'short_squeeze_bonus': 0.0, 'ai_momentum_bonus': 0.0}",+0.00%,57.2,HOLD,+0.00%,0.5,-0.21,1.02,1.02,False,False
XLM-USD,Stellar USD,$0.16,0.16181600093841553,,,0.31,54.3,40.0,0.0,False,False,False,34.8,Markdown,"{'trend': 40.0, 'momentum': 35.4, 'flow': 37.0, 'volatility': 48, 'structure': 30.0, 'momentum_quality': 21.3, 'insider': 45.0}",2.0,,0.0,Tactical Hold,매도 우위 (비중 축소 - 지지선 단기 이탈 및 추세 악화),False,상승,하단,혼합,-4.9,0.0,하락,-4459739176.566263,,,,,,"[{'text': '하락 추세', 'cls': 'negative'}, {'text': 'OBV 상승', 'cls': 'positive'}, {'text': 'RSI 상승 다이버전스', 'cls': 'positive'}, {'text': '📉 AI 예상: +0.0%', 'cls': 'negative'}]","{'mfc': 40, 'wyckoff': 10, 'stochastic': 46.49680788840614, 'obv': 75, 'bollinger': 100, 'momentum_quality': 21.3, 'regime_score': 50, 'rr_score': 100, 'base_tech': 41.6}","{'base_tech_score': 41.6, 'insider_bonus': 0.0, 'deviation_penalty': 0.0, 'blowoff_penalty': 0.0, 'short_excessive_penalty': 0.0, 'weekly_penalty': 0.0, 'resistance_penalty': 0.0, 'rr_penalty': 0.0, 'cmf_confluence_val': -6, 'penny_penalty': 0.0, 'penny_non_acc_penalty': 0.0, 'scalping_bonus': 0.0, 'fund_penalty': 0.0, 'macd_reversal_bonus': 0.0, 'sector_rs_bonus': 0.0, 'confluence_bonus': 0.0, 'short_squeeze_bonus': 0.0, 'ai_momentum_bonus': 0.0}",+0.00%,54.3,HOLD,+0.00%,0.5,-0.17,0.23,0.23,False,False
ONE-USD,BigONE Token USD,$0.00,0.00036654723226092756,,,0.15,54.0,38.5,0.0,False,False,False,36.9,Markdown,"{'trend': 5, 'momentum': 62.6, 'flow': 12.0, 'volatility': 93, 'structure': 30.0, 'momentum_quality': 52.0, 'insider': 45.0}",2.0,,0.0,Avoid / Sell-off,매도 우위 (전면 회피 - 다중지표 약세 컨플루언스 확인),True,하락,하단,역배열,-1.4,0.0,하락,0.0,,,,,,"[{'text': '🚨 거래정지', 'cls': 'negative'}, {'text': '하락 추세', 'cls': 'negative'}, {'text': '⚠️ 주봉 역배열(하락추세)', 'cls': 'negative'}, {'text': '🎯 시그널 컨플루언스 (3)', 'cls': 'positive'}, {'text': 'Stoch 골든크로스', 'cls': 'positive'}, {'text': 'Squeeze 대기', 'cls': 'neutral'}, {'text': 'RSI 상승 다이버전스', 'cls': 'positive'}, {'text': '📉 AI 예상: +0.0%', 'cls': 'negative'}]","{'mfc': 38, 'wyckoff': 10, 'stochastic': 54.2615595559966, 'obv': 25, 'bollinger': 100, 'momentum_quality': 52.0, 'regime_score': 50, 'rr_score': 100, 'base_tech': 40.6}","{'base_tech_score': 40.6, 'insider_bonus': 0.0, 'deviation_penalty': 0.0, 'blowoff_penalty': 0.0, 'short_excessive_penalty': 0.0, 'weekly_penalty': 10, 'resistance_penalty': 0.0, 'rr_penalty': 0.0, 'cmf_confluence_val': 0.0, 'penny_penalty': 0.0, 'penny_non_acc_penalty': 0.0, 'scalping_bonus': 0.0, 'fund_penalty': 0.0, 'macd_reversal_bonus': 0.0, 'sector_rs_bonus': 0.0, 'confluence_bonus': 8.0, 'short_squeeze_bonus': 0.0, 'ai_momentum_bonus': 0.0}",+0.00%,54.0,HOLD,+0.00%,0.5,0.07,0.0,0.0,False,False
ADA-USD,Cardano USD,$0.19,0.18765999376773834,,,-1.78,53.9,45.5,0.0,False,False,False,55.9,Markdown,"{'trend': 48.0, 'momentum': 75.4, 'flow': 17.0, 'volatility': 33, 'structure': 15.0, 'momentum_quality': 92.2, 'insider': 45.0}",2.0,,0.0,Tactical Hold,매도 우위 (비중 축소 - 지지선 단기 이탈 및 추세 악화),False,하락,상단,혼합,4.4,0.0,하락,-8013645881.120438,,,,,,"[{'text': '하락 추세', 'cls': 'negative'}, {'text': '⚠️ 주봉 역배열(하락추세)', 'cls': 'negative'}, {'text': '📊 VWAP 상회 주의', 'cls': 'neutral'}, {'text': '📉 AI 예상: +0.0%', 'cls': 'negative'}]","{'mfc': 46, 'wyckoff': 10, 'stochastic': 30.762581506382407, 'obv': 25, 'bollinger': 0, 'momentum_quality': 92.2, 'regime_score': 50, 'rr_score': 96.7, 'base_tech': 38.2}","{'base_tech_score': 38.2, 'insider_bonus': 0.0, 'deviation_penalty': 0.0, 'blowoff_penalty': 0.0, 'short_excessive_penalty': 0.0, 'weekly_penalty': 10, 'resistance_penalty': 0.0, 'rr_penalty': 0.0, 'cmf_confluence_val': 0.0, 'penny_penalty': 0.0, 'penny_non_acc_penalty': 0.0, 'scalping_bonus': 0.0, 'fund_penalty': 0.0, 'macd_reversal_bonus': 0.0, 'sector_rs_bonus': 0.0, 'confluence_bonus': 0.0, 'short_squeeze_bonus': 0.0, 'ai_momentum_bonus': 0.0}",+0.00%,53.9,HOLD,+0.00%,0.5,0.3,0.66,0.66,False,False
XRP-USD,XRP USD,$1.02,1.0194000005722046,,,0.78,51.4,29.4,0.0,False,False,False,37.7,Markdown,"{'trend': 5, 'momentum': 37.3, 'flow': 3.0, 'volatility': 78, 'structure': 15.0, 'momentum_quality': 26.4, 'insider': 45.0}",2.0,,0.0,Avoid / Sell-off,매도 우위 (전면 회피 - 다중지표 약세 컨플루언스 확인),False,하락,하단,역배열,-4.1,0.0,하락,-34145162499.855213,,,,,,"[{'text': '하락 추세', 'cls': 'negative'}, {'text': '⚠️ 주봉 역배열(하락추세)', 'cls': 'negative'}, {'text': '📉 AI 예상: +0.0%', 'cls': 'negative'}]","{'mfc': 29, 'wyckoff': 10, 'stochastic': 42.25638156146648, 'obv': 25, 'bollinger': 100, 'momentum_quality': 26.4, 'regime_score': 50, 'rr_score': 100, 'base_tech': 32.1}","{'base_tech_score': 32.1, 'insider_bonus': 0.0, 'deviation_penalty': 0.0, 'blowoff_penalty': 0.0, 'short_excessive_penalty': 0.0, 'weekly_penalty': 10, 'resistance_penalty': 0.0, 'rr_penalty': 0.0, 'cmf_confluence_val': -6, 'penny_penalty': 0.0, 'penny_non_acc_penalty': 0.0, 'scalping_bonus': 0.0, 'fund_penalty': 0.0, 'macd_reversal_bonus': 0.0, 'sector_rs_bonus': 0.0, 'confluence_bonus': 0.0, 'short_squeeze_bonus': 0.0, 'ai_momentum_bonus': 0.0}",+0.00%,51.4,HOLD,+0.00%,0.5,-0.24,0.92,0.92,False,False
PROM-USD,Prom USD,$2.87,2.869079828262329,,,24.36,5.2,70.4,0.0,False,False,False,75.4,Markup,"{'trend': 80.0, 'momentum': 93.8, 'flow': 98.0, 'volatility': 23, 'structure': 55.0, 'momentum_quality': 100, 'insider': 45.0}",2.0,,0.0,Core Holding,매수 우위 (안정적 상승 추세 안착),True,상승,상단 돌파,혼합,44.7,-2.0,상승,-77499659.71899703,,,,,,"[{'text': '상승 추세', 'cls': 'positive'}, {'text': '⚠️ 이격도 과다', 'cls': 'negative'}, {'text': '🚨 상단 클라이맥스', 'cls': 'negative'}, {'text': 'Stoch 골든크로스', 'cls': 'positive'}, {'text': 'OBV 상승', 'cls': 'positive'}]","{'mfc': 70, 'wyckoff': 80, 'stochastic': 60.45787255837311, 'obv': 75, 'bollinger': 0, 'momentum_quality': 100, 'regime_score': 50, 'rr_score': 77.0, 'base_tech': 70.3}","{'base_tech_score': 70.3, 'insider_bonus': 0.0, 'deviation_penalty': 20, 'blowoff_penalty': 30, 'short_excessive_penalty': 0.0, 'weekly_penalty': 0.0, 'resistance_penalty': 0.0, 'rr_penalty': 0.0, 'cmf_confluence_val': 0.0, 'penny_penalty': 0.0, 'penny_non_acc_penalty': 0.0, 'scalping_bonus': -2.0, 'fund_penalty': 0.0, 'macd_reversal_bonus': 0.0, 'sector_rs_bonus': 0.0, 'confluence_bonus': 0.0, 'short_squeeze_bonus': 0.0, 'ai_momentum_bonus': 0.0}",N/A,,,,,54.3,12.41,12.41,False,False
